-22,0,47AnVFVcSa9/YRy2D/n5jPoxGaM=,Z80b+yZT1T7jtSVgxzwtSdSts/0=
-20,0,47AnVFVcSa9/YRy2D/n5jPoxGaM=,UBc4fkuE7+QUByKK552BnzYr2+0=
-19,0,47AnVFVcSa9/YRy2D/n5jPoxGaM=,UBc4fkuE7+QUByKK552BnzYr2+0=
-18,0,47AnVFVcSa9/YRy2D/n5jPoxGaM=,UBc4fkuE7+QUByKK552BnzYr2+0=
-17,0,47AnVFVcSa9/YRy2D/n5jPoxGaM=,UBc4fkuE7+QUByKK552BnzYr2+0=
-15,0,47AnVFVcSa9/YRy2D/n5jPoxGaM=,UBc4fkuE7+QUByKK552BnzYr2+0=
-14,0,47AnVFVcSa9/YRy2D/n5jPoxGaM=,UBc4fkuE7+QUByKK552BnzYr2+0=
-13,0,47AnVFVcSa9/YRy2D/n5jPoxGaM=,UBc4fkuE7+QUByKK552BnzYr2+0=
-12,0,Tej4P/lifPDPjb0Xcuj5BBZ8dPs=,0YBnps2iEoSCOhUAG7/rHsaOXoM=
-11,0,Tej4P/lifPDPjb0Xcuj5BBZ8dPs=,Qcj5zqDKsrosuEBzoOBcBIsQouU=
-10,0,xDfElT/U6J/Y7HbEMLjUjRsPkek=,FB/wN8qUjf/94P3ybG+tllKZ19U=
-9,0,8DvahVNlQ/gYye0pmUQiuV2CTYg=,r2mU7LE16qPO26oNIbatkxK9/Vc=
-8,0,bKOznjeZh8zrqqsTWHVHrfMKnU8=,JIob1wUaWJk9jzTHA13hbyI81Sk=
-7,0,469zpMzriOOVSHi02x1sV/b1fVI=,snzzUe6zbWt2COgXBHFGEs6hLw4=
-6,0,469zpMzriOOVSHi02x1sV/b1fVI=,FkOmsVan2x0h+z14AvsAbrgvCMw=
-5,0,xDfElT/U6J/Y7HbEMLjUjRsPkek=,k8wzwuNG6c0X7cke783rgXZ8Aug=
-4,0,gxQ6oiF/kd/egoQcBefPqB7Z3ZU=,gbseljyxKQcjHJ3e9XAAsg/EmrQ=
-3,0,DA16ZuE4WKwqPnopyTaBCcPOBCA=,4LkTbQKNw0V8c0KjNXR+DLxikBE=
-2,0,DA16ZuE4WKwqPnopyTaBCcPOBCA=,IekkTlMSHwRzaG41IRVrtwaoOJo=
-1,0,/bRva6uxTTFVI0Jr3DYzaolYIlQ=,eQ5ANM+KGbhNjQkvMIeQn8kXQK4=
-21,1,47AnVFVcSa9/YRy2D/n5jPoxGaM=,+TRDrMw6QfO7dXUA/E0Ol21ym6Y=
-20,1,47AnVFVcSa9/YRy2D/n5jPoxGaM=,+TRDrMw6QfO7dXUA/E0Ol21ym6Y=
-19,1,47AnVFVcSa9/YRy2D/n5jPoxGaM=,+TRDrMw6QfO7dXUA/E0Ol21ym6Y=
-17,1,47AnVFVcSa9/YRy2D/n5jPoxGaM=,+TRDrMw6QfO7dXUA/E0Ol21ym6Y=
-16,1,47AnVFVcSa9/YRy2D/n5jPoxGaM=,+TRDrMw6QfO7dXUA/E0Ol21ym6Y=
-15,1,47AnVFVcSa9/YRy2D/n5jPoxGaM=,+TRDrMw6QfO7dXUA/E0Ol21ym6Y=
-14,1,47AnVFVcSa9/YRy2D/n5jPoxGaM=,+TRDrMw6QfO7dXUA/E0Ol21ym6Y=
-12,1,Tej4P/lifPDPjb0Xcuj5BBZ8dPs=,Qcj5zqDKsrosuEBzoOBcBIsQouU=
-11,1,Tej4P/lifPDPjb0Xcuj5BBZ8dPs=,Qcj5zqDKsrosuEBzoOBcBIsQouU=
-10,1,pDwrcmYOafNiYYzkmncqOHjt0DE=,YNKUHS8S59MZZd4y1Pt6sXJh2+Q=
-9,1,pDwrcmYOafNiYYzkmncqOHjt0DE=,Qcj5zqDKsrosuEBzoOBcBIsQouU=
-8,1,pssBPt+8kcbCHEs9Uui4ygT20gQ=,b48lM7r3+nMDAv4PooQQwEtPj4I=
-7,1,469zpMzriOOVSHi02x1sV/b1fVI=,FkOmsVan2x0h+z14AvsAbrgvCMw=
-6,1,469zpMzriOOVSHi02x1sV/b1fVI=,FkOmsVan2x0h+z14AvsAbrgvCMw=
-5,1,aAW//CFDWdIkSW/Yye3O/VZESZs=,0+zyLKSwn587SIWWL4/9T4iuj2A=
-4,1,pssBPt+8kcbCHEs9Uui4ygT20gQ=,b48lM7r3+nMDAv4PooQQwEtPj4I=
-3,1,bKOznjeZh8zrqqsTWHVHrfMKnU8=,axxZGyVPmhZ7nUOpx0rFqaTuNK8=
-2,1,bKOznjeZh8zrqqsTWHVHrfMKnU8=,zkoXbExzzWHKMC8DfXLLGZJzdng=
-1,1,bKOznjeZh8zrqqsTWHVHrfMKnU8=,zkoXbExzzWHKMC8DfXLLGZJzdng=
-23,2,47AnVFVcSa9/YRy2D/n5jPoxGaM=,GS1f/uQXEV0ff1yXrj6m1vKR+b4=
-22,2,47AnVFVcSa9/YRy2D/n5jPoxGaM=,GS1f/uQXEV0ff1yXrj6m1vKR+b4=
-20,2,47AnVFVcSa9/YRy2D/n5jPoxGaM=,GS1f/uQXEV0ff1yXrj6m1vKR+b4=
-17,2,47AnVFVcSa9/YRy2D/n5jPoxGaM=,GS1f/uQXEV0ff1yXrj6m1vKR+b4=
-15,2,47AnVFVcSa9/YRy2D/n5jPoxGaM=,GS1f/uQXEV0ff1yXrj6m1vKR+b4=
-14,2,N/OLhJ8MEW+5OHAuARfu2JQiQPM=,GS1f/uQXEV0ff1yXrj6m1vKR+b4=
-12,2,pDwrcmYOafNiYYzkmncqOHjt0DE=,tgqAPZ0swEsHaQIjiIjBLuiEexQ=
-10,2,pDwrcmYOafNiYYzkmncqOHjt0DE=,tgqAPZ0swEsHaQIjiIjBLuiEexQ=
-7,2,VhobEeusQcj4ltiit80YxDS0/XI=,6A6YCo+ysVr95+1I9Np/67SSwug=
-6,2,VhobEeusQcj4ltiit80YxDS0/XI=,b0Lu3RtPEgi9hNw/LrCq2J/zM7g=
-5,2,aAW//CFDWdIkSW/Yye3O/VZESZs=,pGwOi5S6B5Zzk68l7VGS+axZ/Sw=
-4,2,aAW//CFDWdIkSW/Yye3O/VZESZs=,8EewnDE8av9RcT+Cy6gf0kNRmA0=
-3,2,Fkc56wxaHrD+2P2e39KzEMDpOD4=,aF06M02ATM9Nn60oP8AYBSMl6T8=
-2,2,aAW//CFDWdIkSW/Yye3O/VZESZs=,0OtPrJtMsxfD0Ul0OZps7u9dCbo=
-1,2,bKOznjeZh8zrqqsTWHVHrfMKnU8=,DTGVqRVi7P6AdPj+RG/ckDSSYGM=
-23,3,N/OLhJ8MEW+5OHAuARfu2JQiQPM=,+YpMOqbTX4/VKkx4d4Bdk1hLGkU=
-19,3,N/OLhJ8MEW+5OHAuARfu2JQiQPM=,GS1f/uQXEV0ff1yXrj6m1vKR+b4=
-18,3,N/OLhJ8MEW+5OHAuARfu2JQiQPM=,4C4z7qSyyu8HQqqqqkUeVY1lGY8=
-17,3,N/OLhJ8MEW+5OHAuARfu2JQiQPM=,4C4z7qSyyu8HQqqqqkUeVY1lGY8=
-11,3,pDwrcmYOafNiYYzkmncqOHjt0DE=,tgqAPZ0swEsHaQIjiIjBLuiEexQ=
-10,3,pDwrcmYOafNiYYzkmncqOHjt0DE=,GO1nm3S8uVPSSjZ3vN75hdtfej4=
-9,3,469zpMzriOOVSHi02x1sV/b1fVI=,2VR6Fif5bJKmrvhJmNqg7wykzf0=
-7,3,Fkc56wxaHrD+2P2e39KzEMDpOD4=,LIPs2F++GFCrb4zCm0CptIsMKS8=
-6,3,Fkc56wxaHrD+2P2e39KzEMDpOD4=,bTF+LyFZafWZ5Sid7doZzewgVrU=
-5,3,aAW//CFDWdIkSW/Yye3O/VZESZs=,r82XPDtAwqgNaHeJHiIkZ3bBCv8=
-4,3,aAW//CFDWdIkSW/Yye3O/VZESZs=,bB58tO+hLOARl3Ne+6mSmmmGu9w=
-3,3,Fkc56wxaHrD+2P2e39KzEMDpOD4=,msWU9KlKtF8a7KkediMV7L3bHAQ=
-2,3,Fkc56wxaHrD+2P2e39KzEMDpOD4=,NEb1YoGe0vJ21bJ5DUgsG+cuU0o=
-1,3,aAW//CFDWdIkSW/Yye3O/VZESZs=,+NzEw6Rn9oO9uqcff0WhtAgKt1k=
-22,4,N/OLhJ8MEW+5OHAuARfu2JQiQPM=,4C4z7qSyyu8HQqqqqkUeVY1lGY8=
-20,4,N/OLhJ8MEW+5OHAuARfu2JQiQPM=,4C4z7qSyyu8HQqqqqkUeVY1lGY8=
-19,4,N/OLhJ8MEW+5OHAuARfu2JQiQPM=,tSw6BdUDc7apRAQP5XCI+GXhPOU=
-16,4,N/OLhJ8MEW+5OHAuARfu2JQiQPM=,4C4z7qSyyu8HQqqqqkUeVY1lGY8=
-15,4,N/OLhJ8MEW+5OHAuARfu2JQiQPM=,4C4z7qSyyu8HQqqqqkUeVY1lGY8=
-14,4,N/OLhJ8MEW+5OHAuARfu2JQiQPM=,4C4z7qSyyu8HQqqqqkUeVY1lGY8=
-12,4,pDwrcmYOafNiYYzkmncqOHjt0DE=,bYNqkxPVJN55QF/vglkL+CkrlG8=
-11,4,pDwrcmYOafNiYYzkmncqOHjt0DE=,tgqAPZ0swEsHaQIjiIjBLuiEexQ=
-10,4,pDwrcmYOafNiYYzkmncqOHjt0DE=,tgqAPZ0swEsHaQIjiIjBLuiEexQ=
-9,4,469zpMzriOOVSHi02x1sV/b1fVI=,/S3dOyhzDcJLwA5OzUflqW8QFmY=
-8,4,469zpMzriOOVSHi02x1sV/b1fVI=,z31h+d4Zvu2APVFw1i3TXySJbKY=
-7,4,Fkc56wxaHrD+2P2e39KzEMDpOD4=,M5g8akX8g27y6MM49+ZpIxaV1eQ=
-6,4,469zpMzriOOVSHi02x1sV/b1fVI=,z31h+d4Zvu2APVFw1i3TXySJbKY=
-5,4,469zpMzriOOVSHi02x1sV/b1fVI=,z31h+d4Zvu2APVFw1i3TXySJbKY=
-4,4,469zpMzriOOVSHi02x1sV/b1fVI=,ZiJ/3JAU6TWnVeF+Z3ekl0KRz50=
-3,4,v4NVXLBakZVUA3psoeqDO4BmuAc=,8XC7dQ9bJAsVC463amUYm7sB37g=
-2,4,v4NVXLBakZVUA3psoeqDO4BmuAc=,48tyJER9cFxO9BiQyLVuI07aMAo=
-1,4,8NgcnIsAFH/jHUhgbMN+HMPA6iA=,P+WRB2jcY2o32LtyR9zEU234ETs=
-22,5,N/OLhJ8MEW+5OHAuARfu2JQiQPM=,tSw6BdUDc7apRAQP5XCI+GXhPOU=
-21,5,N/OLhJ8MEW+5OHAuARfu2JQiQPM=,tSw6BdUDc7apRAQP5XCI+GXhPOU=
-20,5,N/OLhJ8MEW+5OHAuARfu2JQiQPM=,tSw6BdUDc7apRAQP5XCI+GXhPOU=
-19,5,N/OLhJ8MEW+5OHAuARfu2JQiQPM=,tSw6BdUDc7apRAQP5XCI+GXhPOU=
-18,5,N/OLhJ8MEW+5OHAuARfu2JQiQPM=,tSw6BdUDc7apRAQP5XCI+GXhPOU=
-16,5,N/OLhJ8MEW+5OHAuARfu2JQiQPM=,tSw6BdUDc7apRAQP5XCI+GXhPOU=
-15,5,N/OLhJ8MEW+5OHAuARfu2JQiQPM=,tSw6BdUDc7apRAQP5XCI+GXhPOU=
-14,5,N/OLhJ8MEW+5OHAuARfu2JQiQPM=,tSw6BdUDc7apRAQP5XCI+GXhPOU=
-12,5,N/OLhJ8MEW+5OHAuARfu2JQiQPM=,tSw6BdUDc7apRAQP5XCI+GXhPOU=
-11,5,pDwrcmYOafNiYYzkmncqOHjt0DE=,l2yaESHTKHqvF+ZbHPxxhCNxCeo=
-10,5,pDwrcmYOafNiYYzkmncqOHjt0DE=,nRAPoPc9uP5dFZuzQYmt0RylWW8=
-9,5,pDwrcmYOafNiYYzkmncqOHjt0DE=,nRAPoPc9uP5dFZuzQYmt0RylWW8=
-8,5,SDLI7dHUzTsA522aqRzUh7VYgaI=,z31h+d4Zvu2APVFw1i3TXySJbKY=
-6,5,SDLI7dHUzTsA522aqRzUh7VYgaI=,z31h+d4Zvu2APVFw1i3TXySJbKY=
-5,5,SDLI7dHUzTsA522aqRzUh7VYgaI=,z31h+d4Zvu2APVFw1i3TXySJbKY=
-4,5,SDLI7dHUzTsA522aqRzUh7VYgaI=,Fxr3pZU6HGaq7j877kcsGDo6WWE=
-3,5,v4NVXLBakZVUA3psoeqDO4BmuAc=,uIUQPF5agYN5nJDj22pCwNWJcRI=
-2,5,v4NVXLBakZVUA3psoeqDO4BmuAc=,48tyJER9cFxO9BiQyLVuI07aMAo=
-1,5,8NgcnIsAFH/jHUhgbMN+HMPA6iA=,3ZJtwiX2C+Oa1Kpva6SEdQy3boY=
-22,6,26bN01syzLbwQnGSau+vJ9l1bKI=,gbehH8XJzvnOfrmWkLb2N7S54OA=
-21,6,26bN01syzLbwQnGSau+vJ9l1bKI=,gbehH8XJzvnOfrmWkLb2N7S54OA=
-20,6,26bN01syzLbwQnGSau+vJ9l1bKI=,gbehH8XJzvnOfrmWkLb2N7S54OA=
-19,6,26bN01syzLbwQnGSau+vJ9l1bKI=,gbehH8XJzvnOfrmWkLb2N7S54OA=
-17,6,26bN01syzLbwQnGSau+vJ9l1bKI=,gbehH8XJzvnOfrmWkLb2N7S54OA=
-16,6,26bN01syzLbwQnGSau+vJ9l1bKI=,gbehH8XJzvnOfrmWkLb2N7S54OA=
-15,6,26bN01syzLbwQnGSau+vJ9l1bKI=,gbehH8XJzvnOfrmWkLb2N7S54OA=
-14,6,26bN01syzLbwQnGSau+vJ9l1bKI=,gbehH8XJzvnOfrmWkLb2N7S54OA=
-11,6,26bN01syzLbwQnGSau+vJ9l1bKI=,gbehH8XJzvnOfrmWkLb2N7S54OA=
-10,6,pDwrcmYOafNiYYzkmncqOHjt0DE=,baeFfgl4KBwG7dS9CYgIFU6D9Lw=
-9,6,pDwrcmYOafNiYYzkmncqOHjt0DE=,nRAPoPc9uP5dFZuzQYmt0RylWW8=
-8,6,SDLI7dHUzTsA522aqRzUh7VYgaI=,E/YUTZPyLnN5gW/CmOo+o7H9+B0=
-6,6,SDLI7dHUzTsA522aqRzUh7VYgaI=,xuIs2ymj2pSzgBAUOsYh1lXRYKg=
-4,6,SDLI7dHUzTsA522aqRzUh7VYgaI=,e1Q65IvC4Id9GtKepMQFTnqXmpc=
-2,6,26bN01syzLbwQnGSau+vJ9l1bKI=,Cv1Ka2a8s1UcT+QpZ1GbcsazcwU=
-1,6,26bN01syzLbwQnGSau+vJ9l1bKI=,WePENnDsAyfFPSnBonkgjyXXtgc=
-22,7,26bN01syzLbwQnGSau+vJ9l1bKI=,gbehH8XJzvnOfrmWkLb2N7S54OA=
-17,7,26bN01syzLbwQnGSau+vJ9l1bKI=,gbehH8XJzvnOfrmWkLb2N7S54OA=
-15,7,26bN01syzLbwQnGSau+vJ9l1bKI=,gbehH8XJzvnOfrmWkLb2N7S54OA=
-14,7,26bN01syzLbwQnGSau+vJ9l1bKI=,gbehH8XJzvnOfrmWkLb2N7S54OA=
-12,7,26bN01syzLbwQnGSau+vJ9l1bKI=,gbehH8XJzvnOfrmWkLb2N7S54OA=
-11,7,26bN01syzLbwQnGSau+vJ9l1bKI=,gbehH8XJzvnOfrmWkLb2N7S54OA=
-8,7,i23x0KIOkRVlezhsYrpT9KK+Wz0=,xX7Abs80cCx3ueymJAr1JfU6SHY=
-7,7,i23x0KIOkRVlezhsYrpT9KK+Wz0=,vkB52COuaR2glMycHRujy5JL8B4=
-6,7,WlymQJ0TruXoA5k/2ggXpuzjueI=,bxJRKUkGkBFbaX1z5/mnugU7oo8=
-5,7,26bN01syzLbwQnGSau+vJ9l1bKI=,gbehH8XJzvnOfrmWkLb2N7S54OA=
-4,7,26bN01syzLbwQnGSau+vJ9l1bKI=,gbehH8XJzvnOfrmWkLb2N7S54OA=
-3,7,26bN01syzLbwQnGSau+vJ9l1bKI=,gbehH8XJzvnOfrmWkLb2N7S54OA=
-2,7,26bN01syzLbwQnGSau+vJ9l1bKI=,gbehH8XJzvnOfrmWkLb2N7S54OA=
-1,7,26bN01syzLbwQnGSau+vJ9l1bKI=,c5JhbUUA0uYFHa2KVWXbSzrBhg0=
-21,8,26bN01syzLbwQnGSau+vJ9l1bKI=,PEyRvpzS16tTi/V3PGxec06ke/k=
-20,8,26bN01syzLbwQnGSau+vJ9l1bKI=,PEyRvpzS16tTi/V3PGxec06ke/k=
-19,8,26bN01syzLbwQnGSau+vJ9l1bKI=,PEyRvpzS16tTi/V3PGxec06ke/k=
-17,8,26bN01syzLbwQnGSau+vJ9l1bKI=,PEyRvpzS16tTi/V3PGxec06ke/k=
-12,8,26bN01syzLbwQnGSau+vJ9l1bKI=,PEyRvpzS16tTi/V3PGxec06ke/k=
-10,8,26bN01syzLbwQnGSau+vJ9l1bKI=,7omVLZ+6q3ariS1rkR7mZIEWjVk=
-5,8,26bN01syzLbwQnGSau+vJ9l1bKI=,PEyRvpzS16tTi/V3PGxec06ke/k=
-2,8,26bN01syzLbwQnGSau+vJ9l1bKI=,PEyRvpzS16tTi/V3PGxec06ke/k=
-1,8,26bN01syzLbwQnGSau+vJ9l1bKI=,hVreeskXGaBMYQ/rEnaCVnM1ZlA=
-22,9,LPo0tJXZh85TsAmH0oOhLLqTS2g=,PEyRvpzS16tTi/V3PGxec06ke/k=
-21,9,LPo0tJXZh85TsAmH0oOhLLqTS2g=,uWXbLo7nOLjOHam5FHd6bgzsUrw=
-20,9,LPo0tJXZh85TsAmH0oOhLLqTS2g=,PEyRvpzS16tTi/V3PGxec06ke/k=
-19,9,LPo0tJXZh85TsAmH0oOhLLqTS2g=,PEyRvpzS16tTi/V3PGxec06ke/k=
-17,9,LPo0tJXZh85TsAmH0oOhLLqTS2g=,PEyRvpzS16tTi/V3PGxec06ke/k=
-16,9,LPo0tJXZh85TsAmH0oOhLLqTS2g=,PEyRvpzS16tTi/V3PGxec06ke/k=
-15,9,LPo0tJXZh85TsAmH0oOhLLqTS2g=,PEyRvpzS16tTi/V3PGxec06ke/k=
-14,9,LPo0tJXZh85TsAmH0oOhLLqTS2g=,PEyRvpzS16tTi/V3PGxec06ke/k=
-12,9,LPo0tJXZh85TsAmH0oOhLLqTS2g=,7omVLZ+6q3ariS1rkR7mZIEWjVk=
-9,9,LPo0tJXZh85TsAmH0oOhLLqTS2g=,uWXbLo7nOLjOHam5FHd6bgzsUrw=
-8,9,LPo0tJXZh85TsAmH0oOhLLqTS2g=,uWXbLo7nOLjOHam5FHd6bgzsUrw=
-6,9,LPo0tJXZh85TsAmH0oOhLLqTS2g=,PEyRvpzS16tTi/V3PGxec06ke/k=
-5,9,LPo0tJXZh85TsAmH0oOhLLqTS2g=,PEyRvpzS16tTi/V3PGxec06ke/k=
-4,9,LPo0tJXZh85TsAmH0oOhLLqTS2g=,PEyRvpzS16tTi/V3PGxec06ke/k=
-1,9,LPo0tJXZh85TsAmH0oOhLLqTS2g=,7omVLZ+6q3ariS1rkR7mZIEWjVk=
-22,10,LPo0tJXZh85TsAmH0oOhLLqTS2g=,uWXbLo7nOLjOHam5FHd6bgzsUrw=
-21,10,LPo0tJXZh85TsAmH0oOhLLqTS2g=,uWXbLo7nOLjOHam5FHd6bgzsUrw=
-20,10,LPo0tJXZh85TsAmH0oOhLLqTS2g=,uWXbLo7nOLjOHam5FHd6bgzsUrw=
-19,10,LPo0tJXZh85TsAmH0oOhLLqTS2g=,uWXbLo7nOLjOHam5FHd6bgzsUrw=
-18,10,LPo0tJXZh85TsAmH0oOhLLqTS2g=,uWXbLo7nOLjOHam5FHd6bgzsUrw=
-16,10,LPo0tJXZh85TsAmH0oOhLLqTS2g=,uWXbLo7nOLjOHam5FHd6bgzsUrw=
-15,10,LPo0tJXZh85TsAmH0oOhLLqTS2g=,uWXbLo7nOLjOHam5FHd6bgzsUrw=
-14,10,LPo0tJXZh85TsAmH0oOhLLqTS2g=,uWXbLo7nOLjOHam5FHd6bgzsUrw=
-13,10,LPo0tJXZh85TsAmH0oOhLLqTS2g=,uWXbLo7nOLjOHam5FHd6bgzsUrw=
-11,10,LPo0tJXZh85TsAmH0oOhLLqTS2g=,uWXbLo7nOLjOHam5FHd6bgzsUrw=
-10,10,LPo0tJXZh85TsAmH0oOhLLqTS2g=,uWXbLo7nOLjOHam5FHd6bgzsUrw=
-9,10,LPo0tJXZh85TsAmH0oOhLLqTS2g=,uWXbLo7nOLjOHam5FHd6bgzsUrw=
-8,10,LPo0tJXZh85TsAmH0oOhLLqTS2g=,uWXbLo7nOLjOHam5FHd6bgzsUrw=
-6,10,LPo0tJXZh85TsAmH0oOhLLqTS2g=,uWXbLo7nOLjOHam5FHd6bgzsUrw=
-5,10,LPo0tJXZh85TsAmH0oOhLLqTS2g=,uWXbLo7nOLjOHam5FHd6bgzsUrw=
-4,10,LPo0tJXZh85TsAmH0oOhLLqTS2g=,uWXbLo7nOLjOHam5FHd6bgzsUrw=
-2,10,LPo0tJXZh85TsAmH0oOhLLqTS2g=,uWXbLo7nOLjOHam5FHd6bgzsUrw=
-1,10,LPo0tJXZh85TsAmH0oOhLLqTS2g=,uWXbLo7nOLjOHam5FHd6bgzsUrw=
-23,11,LPo0tJXZh85TsAmH0oOhLLqTS2g=,uWXbLo7nOLjOHam5FHd6bgzsUrw=
-22,11,LPo0tJXZh85TsAmH0oOhLLqTS2g=,uWXbLo7nOLjOHam5FHd6bgzsUrw=
-20,11,LPo0tJXZh85TsAmH0oOhLLqTS2g=,uWXbLo7nOLjOHam5FHd6bgzsUrw=
-18,11,LPo0tJXZh85TsAmH0oOhLLqTS2g=,uWXbLo7nOLjOHam5FHd6bgzsUrw=
-17,11,LPo0tJXZh85TsAmH0oOhLLqTS2g=,uWXbLo7nOLjOHam5FHd6bgzsUrw=
-16,11,LPo0tJXZh85TsAmH0oOhLLqTS2g=,uWXbLo7nOLjOHam5FHd6bgzsUrw=
-15,11,LPo0tJXZh85TsAmH0oOhLLqTS2g=,uWXbLo7nOLjOHam5FHd6bgzsUrw=
-14,11,LPo0tJXZh85TsAmH0oOhLLqTS2g=,uWXbLo7nOLjOHam5FHd6bgzsUrw=
-13,11,LPo0tJXZh85TsAmH0oOhLLqTS2g=,uWXbLo7nOLjOHam5FHd6bgzsUrw=
-11,11,LPo0tJXZh85TsAmH0oOhLLqTS2g=,uWXbLo7nOLjOHam5FHd6bgzsUrw=
-10,11,LPo0tJXZh85TsAmH0oOhLLqTS2g=,uWXbLo7nOLjOHam5FHd6bgzsUrw=
-9,11,LPo0tJXZh85TsAmH0oOhLLqTS2g=,uWXbLo7nOLjOHam5FHd6bgzsUrw=
-8,11,LPo0tJXZh85TsAmH0oOhLLqTS2g=,uWXbLo7nOLjOHam5FHd6bgzsUrw=
-6,11,LPo0tJXZh85TsAmH0oOhLLqTS2g=,uWXbLo7nOLjOHam5FHd6bgzsUrw=
-5,11,LPo0tJXZh85TsAmH0oOhLLqTS2g=,uWXbLo7nOLjOHam5FHd6bgzsUrw=
-4,11,LPo0tJXZh85TsAmH0oOhLLqTS2g=,uWXbLo7nOLjOHam5FHd6bgzsUrw=
-3,11,LPo0tJXZh85TsAmH0oOhLLqTS2g=,uWXbLo7nOLjOHam5FHd6bgzsUrw=
-15,12,LPo0tJXZh85TsAmH0oOhLLqTS2g=,ArNQKKFMs80rrhaTEp/cmxahqH8=
-14,12,LPo0tJXZh85TsAmH0oOhLLqTS2g=,ArNQKKFMs80rrhaTEp/cmxahqH8=
-13,12,LPo0tJXZh85TsAmH0oOhLLqTS2g=,ArNQKKFMs80rrhaTEp/cmxahqH8=
-11,12,z5LWyEg8lhyM6iJppZaAf6h19s4=,ArNQKKFMs80rrhaTEp/cmxahqH8=
-10,12,z5LWyEg8lhyM6iJppZaAf6h19s4=,ArNQKKFMs80rrhaTEp/cmxahqH8=
-9,12,z5LWyEg8lhyM6iJppZaAf6h19s4=,ArNQKKFMs80rrhaTEp/cmxahqH8=
-7,12,z5LWyEg8lhyM6iJppZaAf6h19s4=,ArNQKKFMs80rrhaTEp/cmxahqH8=
-6,12,z5LWyEg8lhyM6iJppZaAf6h19s4=,ArNQKKFMs80rrhaTEp/cmxahqH8=
-2,12,z5LWyEg8lhyM6iJppZaAf6h19s4=,ArNQKKFMs80rrhaTEp/cmxahqH8=
-1,12,z5LWyEg8lhyM6iJppZaAf6h19s4=,ArNQKKFMs80rrhaTEp/cmxahqH8=
-23,13,z5LWyEg8lhyM6iJppZaAf6h19s4=,ArNQKKFMs80rrhaTEp/cmxahqH8=
-21,13,z5LWyEg8lhyM6iJppZaAf6h19s4=,ArNQKKFMs80rrhaTEp/cmxahqH8=
-20,13,z5LWyEg8lhyM6iJppZaAf6h19s4=,ArNQKKFMs80rrhaTEp/cmxahqH8=
-19,13,z5LWyEg8lhyM6iJppZaAf6h19s4=,ArNQKKFMs80rrhaTEp/cmxahqH8=
-17,13,z5LWyEg8lhyM6iJppZaAf6h19s4=,ArNQKKFMs80rrhaTEp/cmxahqH8=
-16,13,z5LWyEg8lhyM6iJppZaAf6h19s4=,xQHRu98CEItaUkhnSLsZWTK+xIo=
-5,13,z5LWyEg8lhyM6iJppZaAf6h19s4=,xQHRu98CEItaUkhnSLsZWTK+xIo=
-4,13,z5LWyEg8lhyM6iJppZaAf6h19s4=,ArNQKKFMs80rrhaTEp/cmxahqH8=
-1,13,z5LWyEg8lhyM6iJppZaAf6h19s4=,ArNQKKFMs80rrhaTEp/cmxahqH8=
-23,14,z5LWyEg8lhyM6iJppZaAf6h19s4=,cUsHKV1zawiwYOgeFfhah9UNnDw=
-22,14,z5LWyEg8lhyM6iJppZaAf6h19s4=,cUsHKV1zawiwYOgeFfhah9UNnDw=
-20,14,z5LWyEg8lhyM6iJppZaAf6h19s4=,cUsHKV1zawiwYOgeFfhah9UNnDw=
-19,14,z5LWyEg8lhyM6iJppZaAf6h19s4=,cUsHKV1zawiwYOgeFfhah9UNnDw=
-18,14,z5LWyEg8lhyM6iJppZaAf6h19s4=,cUsHKV1zawiwYOgeFfhah9UNnDw=
-15,14,z5LWyEg8lhyM6iJppZaAf6h19s4=,cUsHKV1zawiwYOgeFfhah9UNnDw=
-14,14,z5LWyEg8lhyM6iJppZaAf6h19s4=,cUsHKV1zawiwYOgeFfhah9UNnDw=
-12,14,z5LWyEg8lhyM6iJppZaAf6h19s4=,cUsHKV1zawiwYOgeFfhah9UNnDw=
-11,14,z5LWyEg8lhyM6iJppZaAf6h19s4=,cUsHKV1zawiwYOgeFfhah9UNnDw=
-10,14,z5LWyEg8lhyM6iJppZaAf6h19s4=,cUsHKV1zawiwYOgeFfhah9UNnDw=
-9,14,z5LWyEg8lhyM6iJppZaAf6h19s4=,cUsHKV1zawiwYOgeFfhah9UNnDw=
-7,14,z5LWyEg8lhyM6iJppZaAf6h19s4=,cUsHKV1zawiwYOgeFfhah9UNnDw=
-6,14,z5LWyEg8lhyM6iJppZaAf6h19s4=,cUsHKV1zawiwYOgeFfhah9UNnDw=
-4,14,z5LWyEg8lhyM6iJppZaAf6h19s4=,cUsHKV1zawiwYOgeFfhah9UNnDw=
-3,14,z5LWyEg8lhyM6iJppZaAf6h19s4=,cUsHKV1zawiwYOgeFfhah9UNnDw=
-1,14,z5LWyEg8lhyM6iJppZaAf6h19s4=,cUsHKV1zawiwYOgeFfhah9UNnDw=
-22,15,z5LWyEg8lhyM6iJppZaAf6h19s4=,KGlEFMC4KAC/TZUkTGb0/ByfifY=
-20,15,z5LWyEg8lhyM6iJppZaAf6h19s4=,cUsHKV1zawiwYOgeFfhah9UNnDw=
-19,15,z5LWyEg8lhyM6iJppZaAf6h19s4=,cUsHKV1zawiwYOgeFfhah9UNnDw=
-18,15,z5LWyEg8lhyM6iJppZaAf6h19s4=,cUsHKV1zawiwYOgeFfhah9UNnDw=
-16,15,z5LWyEg8lhyM6iJppZaAf6h19s4=,cUsHKV1zawiwYOgeFfhah9UNnDw=
-15,15,z5LWyEg8lhyM6iJppZaAf6h19s4=,cUsHKV1zawiwYOgeFfhah9UNnDw=
-14,15,z5LWyEg8lhyM6iJppZaAf6h19s4=,cUsHKV1zawiwYOgeFfhah9UNnDw=
-12,15,z5LWyEg8lhyM6iJppZaAf6h19s4=,KGlEFMC4KAC/TZUkTGb0/ByfifY=
-10,15,z5LWyEg8lhyM6iJppZaAf6h19s4=,cUsHKV1zawiwYOgeFfhah9UNnDw=
-8,15,z5LWyEg8lhyM6iJppZaAf6h19s4=,KGlEFMC4KAC/TZUkTGb0/ByfifY=
-6,15,z5LWyEg8lhyM6iJppZaAf6h19s4=,cUsHKV1zawiwYOgeFfhah9UNnDw=
-5,15,z5LWyEg8lhyM6iJppZaAf6h19s4=,cUsHKV1zawiwYOgeFfhah9UNnDw=
-4,15,z5LWyEg8lhyM6iJppZaAf6h19s4=,cUsHKV1zawiwYOgeFfhah9UNnDw=
-3,15,z5LWyEg8lhyM6iJppZaAf6h19s4=,cUsHKV1zawiwYOgeFfhah9UNnDw=
-1,15,z5LWyEg8lhyM6iJppZaAf6h19s4=,cUsHKV1zawiwYOgeFfhah9UNnDw=
-22,16,z5LWyEg8lhyM6iJppZaAf6h19s4=,7xEnqu2BP61u5rcRV26Zp876SO8=
-21,16,z5LWyEg8lhyM6iJppZaAf6h19s4=,7xEnqu2BP61u5rcRV26Zp876SO8=
-20,16,z5LWyEg8lhyM6iJppZaAf6h19s4=,7xEnqu2BP61u5rcRV26Zp876SO8=
-19,16,z5LWyEg8lhyM6iJppZaAf6h19s4=,7xEnqu2BP61u5rcRV26Zp876SO8=
-17,16,z5LWyEg8lhyM6iJppZaAf6h19s4=,7xEnqu2BP61u5rcRV26Zp876SO8=
-16,16,z5LWyEg8lhyM6iJppZaAf6h19s4=,7xEnqu2BP61u5rcRV26Zp876SO8=
-14,16,EQ/wUnvcn9MUF6MfU0kMoxqxnRY=,7xEnqu2BP61u5rcRV26Zp876SO8=
-13,16,EQ/wUnvcn9MUF6MfU0kMoxqxnRY=,7xEnqu2BP61u5rcRV26Zp876SO8=
-11,16,EQ/wUnvcn9MUF6MfU0kMoxqxnRY=,7xEnqu2BP61u5rcRV26Zp876SO8=
-10,16,EQ/wUnvcn9MUF6MfU0kMoxqxnRY=,7xEnqu2BP61u5rcRV26Zp876SO8=
-9,16,EQ/wUnvcn9MUF6MfU0kMoxqxnRY=,7xEnqu2BP61u5rcRV26Zp876SO8=
-7,16,EQ/wUnvcn9MUF6MfU0kMoxqxnRY=,7xEnqu2BP61u5rcRV26Zp876SO8=
-6,16,EQ/wUnvcn9MUF6MfU0kMoxqxnRY=,7xEnqu2BP61u5rcRV26Zp876SO8=
-5,16,EQ/wUnvcn9MUF6MfU0kMoxqxnRY=,7xEnqu2BP61u5rcRV26Zp876SO8=
-3,16,EQ/wUnvcn9MUF6MfU0kMoxqxnRY=,7xEnqu2BP61u5rcRV26Zp876SO8=
-1,16,EQ/wUnvcn9MUF6MfU0kMoxqxnRY=,7xEnqu2BP61u5rcRV26Zp876SO8=
-23,17,EQ/wUnvcn9MUF6MfU0kMoxqxnRY=,7xEnqu2BP61u5rcRV26Zp876SO8=
-21,17,EQ/wUnvcn9MUF6MfU0kMoxqxnRY=,7xEnqu2BP61u5rcRV26Zp876SO8=
-20,17,EQ/wUnvcn9MUF6MfU0kMoxqxnRY=,7xEnqu2BP61u5rcRV26Zp876SO8=
-18,17,EQ/wUnvcn9MUF6MfU0kMoxqxnRY=,7xEnqu2BP61u5rcRV26Zp876SO8=
-15,17,EQ/wUnvcn9MUF6MfU0kMoxqxnRY=,EmqimCS4mNGllkehNjOSYbpk87E=
-14,17,EQ/wUnvcn9MUF6MfU0kMoxqxnRY=,7xEnqu2BP61u5rcRV26Zp876SO8=
-12,17,EQ/wUnvcn9MUF6MfU0kMoxqxnRY=,7xEnqu2BP61u5rcRV26Zp876SO8=
-11,17,EQ/wUnvcn9MUF6MfU0kMoxqxnRY=,7xEnqu2BP61u5rcRV26Zp876SO8=
-10,17,EQ/wUnvcn9MUF6MfU0kMoxqxnRY=,7xEnqu2BP61u5rcRV26Zp876SO8=
-9,17,EQ/wUnvcn9MUF6MfU0kMoxqxnRY=,7xEnqu2BP61u5rcRV26Zp876SO8=
-5,17,EQ/wUnvcn9MUF6MfU0kMoxqxnRY=,7xEnqu2BP61u5rcRV26Zp876SO8=
-4,17,EQ/wUnvcn9MUF6MfU0kMoxqxnRY=,EmqimCS4mNGllkehNjOSYbpk87E=
-19,18,EQ/wUnvcn9MUF6MfU0kMoxqxnRY=,z5/+Ie0TuZgH18kmZ+nYzNBxTLs=
-16,18,EQ/wUnvcn9MUF6MfU0kMoxqxnRY=,z5/+Ie0TuZgH18kmZ+nYzNBxTLs=
-14,18,EQ/wUnvcn9MUF6MfU0kMoxqxnRY=,z5/+Ie0TuZgH18kmZ+nYzNBxTLs=
-7,18,EQ/wUnvcn9MUF6MfU0kMoxqxnRY=,qTQ2L8bTV5MNJe2aQNnT5bmJv18=
-6,18,EQ/wUnvcn9MUF6MfU0kMoxqxnRY=,z5/+Ie0TuZgH18kmZ+nYzNBxTLs=
-2,18,EQ/wUnvcn9MUF6MfU0kMoxqxnRY=,z5/+Ie0TuZgH18kmZ+nYzNBxTLs=
-1,18,EQ/wUnvcn9MUF6MfU0kMoxqxnRY=,z5/+Ie0TuZgH18kmZ+nYzNBxTLs=
-23,19,EQ/wUnvcn9MUF6MfU0kMoxqxnRY=,z5/+Ie0TuZgH18kmZ+nYzNBxTLs=
-21,19,EQ/wUnvcn9MUF6MfU0kMoxqxnRY=,z5/+Ie0TuZgH18kmZ+nYzNBxTLs=
-20,19,EQ/wUnvcn9MUF6MfU0kMoxqxnRY=,z5/+Ie0TuZgH18kmZ+nYzNBxTLs=
-19,19,EQ/wUnvcn9MUF6MfU0kMoxqxnRY=,z5/+Ie0TuZgH18kmZ+nYzNBxTLs=
-17,19,EQ/wUnvcn9MUF6MfU0kMoxqxnRY=,z5/+Ie0TuZgH18kmZ+nYzNBxTLs=
-16,19,EQ/wUnvcn9MUF6MfU0kMoxqxnRY=,z5/+Ie0TuZgH18kmZ+nYzNBxTLs=
-15,19,EQ/wUnvcn9MUF6MfU0kMoxqxnRY=,z5/+Ie0TuZgH18kmZ+nYzNBxTLs=
-13,19,EQ/wUnvcn9MUF6MfU0kMoxqxnRY=,z5/+Ie0TuZgH18kmZ+nYzNBxTLs=
-12,19,EQ/wUnvcn9MUF6MfU0kMoxqxnRY=,z5/+Ie0TuZgH18kmZ+nYzNBxTLs=
-10,19,EQ/wUnvcn9MUF6MfU0kMoxqxnRY=,z5/+Ie0TuZgH18kmZ+nYzNBxTLs=
-9,19,EQ/wUnvcn9MUF6MfU0kMoxqxnRY=,z5/+Ie0TuZgH18kmZ+nYzNBxTLs=
-7,19,EQ/wUnvcn9MUF6MfU0kMoxqxnRY=,z5/+Ie0TuZgH18kmZ+nYzNBxTLs=
-5,19,EQ/wUnvcn9MUF6MfU0kMoxqxnRY=,z5/+Ie0TuZgH18kmZ+nYzNBxTLs=
-3,19,EQ/wUnvcn9MUF6MfU0kMoxqxnRY=,z5/+Ie0TuZgH18kmZ+nYzNBxTLs=
-2,19,EQ/wUnvcn9MUF6MfU0kMoxqxnRY=,z5/+Ie0TuZgH18kmZ+nYzNBxTLs=
-1,19,EQ/wUnvcn9MUF6MfU0kMoxqxnRY=,z5/+Ie0TuZgH18kmZ+nYzNBxTLs=
-23,20,rWDE/67Axuw2xgRcn4tfuUPkvz8=,1OAkmMc8o1EvDOun5gr+y4xo0w4=
-21,20,rWDE/67Axuw2xgRcn4tfuUPkvz8=,1OAkmMc8o1EvDOun5gr+y4xo0w4=
-20,20,rWDE/67Axuw2xgRcn4tfuUPkvz8=,1OAkmMc8o1EvDOun5gr+y4xo0w4=
-19,20,rWDE/67Axuw2xgRcn4tfuUPkvz8=,1OAkmMc8o1EvDOun5gr+y4xo0w4=
-17,20,rWDE/67Axuw2xgRcn4tfuUPkvz8=,1OAkmMc8o1EvDOun5gr+y4xo0w4=
-4,20,rWDE/67Axuw2xgRcn4tfuUPkvz8=,1OAkmMc8o1EvDOun5gr+y4xo0w4=
-2,20,rWDE/67Axuw2xgRcn4tfuUPkvz8=,1OAkmMc8o1EvDOun5gr+y4xo0w4=
-1,20,rWDE/67Axuw2xgRcn4tfuUPkvz8=,1OAkmMc8o1EvDOun5gr+y4xo0w4=
-4,21,rWDE/67Axuw2xgRcn4tfuUPkvz8=,Qj4qc2AiVvC/T7BemwZAY3YFf38=
-2,21,rWDE/67Axuw2xgRcn4tfuUPkvz8=,Qj4qc2AiVvC/T7BemwZAY3YFf38=
-1,21,rWDE/67Axuw2xgRcn4tfuUPkvz8=,Qj4qc2AiVvC/T7BemwZAY3YFf38=
-2,22,rWDE/67Axuw2xgRcn4tfuUPkvz8=,Qj4qc2AiVvC/T7BemwZAY3YFf38=
-1,22,rWDE/67Axuw2xgRcn4tfuUPkvz8=,Qj4qc2AiVvC/T7BemwZAY3YFf38=
-4,23,rWDE/67Axuw2xgRcn4tfuUPkvz8=,oDfdk2Uw/RPixZlUe6WmG/6g84I=
-2,24,rWDE/67Axuw2xgRcn4tfuUPkvz8=,BObpvTocQ/pOKdQ0PLRV3e5yWxY=
-1,24,rWDE/67Axuw2xgRcn4tfuUPkvz8=,BObpvTocQ/pOKdQ0PLRV3e5yWxY=
-4,25,zdUv7U3BoA88FUkRErRJvoU4UtE=,BObpvTocQ/pOKdQ0PLRV3e5yWxY=
-3,25,zdUv7U3BoA88FUkRErRJvoU4UtE=,BObpvTocQ/pOKdQ0PLRV3e5yWxY=
-1,25,zdUv7U3BoA88FUkRErRJvoU4UtE=,BObpvTocQ/pOKdQ0PLRV3e5yWxY=
-4,26,zdUv7U3BoA88FUkRErRJvoU4UtE=,XjWt7GGkurc8xxvif6CXBZJ8PzU=
-3,26,zdUv7U3BoA88FUkRErRJvoU4UtE=,XjWt7GGkurc8xxvif6CXBZJ8PzU=
-1,26,zdUv7U3BoA88FUkRErRJvoU4UtE=,XjWt7GGkurc8xxvif6CXBZJ8PzU=
-4,27,zdUv7U3BoA88FUkRErRJvoU4UtE=,XjWt7GGkurc8xxvif6CXBZJ8PzU=
-2,27,zdUv7U3BoA88FUkRErRJvoU4UtE=,XjWt7GGkurc8xxvif6CXBZJ8PzU=
-4,28,zdUv7U3BoA88FUkRErRJvoU4UtE=,XjWt7GGkurc8xxvif6CXBZJ8PzU=
-3,28,zdUv7U3BoA88FUkRErRJvoU4UtE=,XjWt7GGkurc8xxvif6CXBZJ8PzU=
-2,28,zdUv7U3BoA88FUkRErRJvoU4UtE=,XjWt7GGkurc8xxvif6CXBZJ8PzU=
-1,29,zdUv7U3BoA88FUkRErRJvoU4UtE=,XjWt7GGkurc8xxvif6CXBZJ8PzU=
-4,30,qe0JAMgPwzfNlZZzSbXHtnUMmiI=,SJBe28kEfqVLivTLq6qSaT10/CU=
-3,30,qe0JAMgPwzfNlZZzSbXHtnUMmiI=,SJBe28kEfqVLivTLq6qSaT10/CU=
-1,30,qe0JAMgPwzfNlZZzSbXHtnUMmiI=,SJBe28kEfqVLivTLq6qSaT10/CU=
-3,31,qe0JAMgPwzfNlZZzSbXHtnUMmiI=,SJBe28kEfqVLivTLq6qSaT10/CU=
-1,31,qe0JAMgPwzfNlZZzSbXHtnUMmiI=,SJBe28kEfqVLivTLq6qSaT10/CU=
-9,2,pDwrcmYOafNiYYzkmncqOHjt0DE=,tgqAPZ0swEsHaQIjiIjBLuiEexQ=
-8,2,469zpMzriOOVSHi02x1sV/b1fVI=,FkOmsVan2x0h+z14AvsAbrgvCMw=
-7,6,SDLI7dHUzTsA522aqRzUh7VYgaI=,vcqfUkdAn5tdJLvNivazMO8/9iI=
-7,5,Fkc56wxaHrD+2P2e39KzEMDpOD4=,JBWKOCPmYZr+FTgYOPpzD5YePuw=
-13,2,pDwrcmYOafNiYYzkmncqOHjt0DE=,JvYGyfMY2ViszI4dt3Mid/h3sPE=
-11,2,pDwrcmYOafNiYYzkmncqOHjt0DE=,6C4tBBYStvxKk819f7mwHnLa3Gk=
-13,3,pDwrcmYOafNiYYzkmncqOHjt0DE=,JvYGyfMY2ViszI4dt3Mid/h3sPE=
-12,3,pDwrcmYOafNiYYzkmncqOHjt0DE=,tgqAPZ0swEsHaQIjiIjBLuiEexQ=
-8,3,469zpMzriOOVSHi02x1sV/b1fVI=,eN1z/P2qx4hqTKvZvnGsnBUQOdM=
-9,7,pDwrcmYOafNiYYzkmncqOHjt0DE=,//rf1WJ4jBQHwzIQMVLSsUIuNps=
-8,8,hvibPSorMas0uNy3wNQEPu0GBlc=,5F33sxFlCNL65evY8YAdn6DcjSg=
-7,8,hvibPSorMas0uNy3wNQEPu0GBlc=,ZhQbhn9yay+X4vp6kghwApE9TbU=
-5,6,SDLI7dHUzTsA522aqRzUh7VYgaI=,g9h1aCMXkXUVsWNlrycjFoQTQ0c=
