3,-32,Rlbp1nc8V6j9GN88Sgrd2N5THBc=,YGqKWTkKgxFxVlPMfnxFx2dmFSU=
6,-32,Rlbp1nc8V6j9GN88Sgrd2N5THBc=,YGqKWTkKgxFxVlPMfnxFx2dmFSU=
8,-32,Rlbp1nc8V6j9GN88Sgrd2N5THBc=,o7IjCTtGhM5+o4OP5wUbeJ9gNmQ=
10,-32,Rlbp1nc8V6j9GN88Sgrd2N5THBc=,o7IjCTtGhM5+o4OP5wUbeJ9gNmQ=
13,-32,Rlbp1nc8V6j9GN88Sgrd2N5THBc=,o7IjCTtGhM5+o4OP5wUbeJ9gNmQ=
15,-32,Rlbp1nc8V6j9GN88Sgrd2N5THBc=,o7IjCTtGhM5+o4OP5wUbeJ9gNmQ=
17,-32,Rlbp1nc8V6j9GN88Sgrd2N5THBc=,hKkwWjJ//pJUrvbDBG/JMBp4FDI=
20,-32,Rlbp1nc8V6j9GN88Sgrd2N5THBc=,hKkwWjJ//pJUrvbDBG/JMBp4FDI=
0,-31,Rlbp1nc8V6j9GN88Sgrd2N5THBc=,YGqKWTkKgxFxVlPMfnxFx2dmFSU=
28,-31,Rlbp1nc8V6j9GN88Sgrd2N5THBc=,4Wg7tNhqzAyY/i2mNz7QvMm/IPU=
0,-30,Rlbp1nc8V6j9GN88Sgrd2N5THBc=,YGqKWTkKgxFxVlPMfnxFx2dmFSU=
6,-30,Rlbp1nc8V6j9GN88Sgrd2N5THBc=,YGqKWTkKgxFxVlPMfnxFx2dmFSU=
8,-30,Rlbp1nc8V6j9GN88Sgrd2N5THBc=,o7IjCTtGhM5+o4OP5wUbeJ9gNmQ=
15,-30,Rlbp1nc8V6j9GN88Sgrd2N5THBc=,o7IjCTtGhM5+o4OP5wUbeJ9gNmQ=
20,-30,Rlbp1nc8V6j9GN88Sgrd2N5THBc=,hKkwWjJ//pJUrvbDBG/JMBp4FDI=
23,-30,Rlbp1nc8V6j9GN88Sgrd2N5THBc=,hKkwWjJ//pJUrvbDBG/JMBp4FDI=
28,-30,Rlbp1nc8V6j9GN88Sgrd2N5THBc=,4Wg7tNhqzAyY/i2mNz7QvMm/IPU=
30,-30,Rlbp1nc8V6j9GN88Sgrd2N5THBc=,4Wg7tNhqzAyY/i2mNz7QvMm/IPU=
3,-29,Rlbp1nc8V6j9GN88Sgrd2N5THBc=,YGqKWTkKgxFxVlPMfnxFx2dmFSU=
10,-29,Rlbp1nc8V6j9GN88Sgrd2N5THBc=,o7IjCTtGhM5+o4OP5wUbeJ9gNmQ=
12,-29,Rlbp1nc8V6j9GN88Sgrd2N5THBc=,o7IjCTtGhM5+o4OP5wUbeJ9gNmQ=
18,-29,Rlbp1nc8V6j9GN88Sgrd2N5THBc=,hKkwWjJ//pJUrvbDBG/JMBp4FDI=
25,-29,Rlbp1nc8V6j9GN88Sgrd2N5THBc=,4Wg7tNhqzAyY/i2mNz7QvMm/IPU=
13,-28,Rlbp1nc8V6j9GN88Sgrd2N5THBc=,o7IjCTtGhM5+o4OP5wUbeJ9gNmQ=
0,-27,aS39R4Efr8LudwEXLzSqsUWadxU=,YGqKWTkKgxFxVlPMfnxFx2dmFSU=
3,-27,aS39R4Efr8LudwEXLzSqsUWadxU=,YGqKWTkKgxFxVlPMfnxFx2dmFSU=
7,-27,aS39R4Efr8LudwEXLzSqsUWadxU=,YGqKWTkKgxFxVlPMfnxFx2dmFSU=
11,-27,aS39R4Efr8LudwEXLzSqsUWadxU=,o7IjCTtGhM5+o4OP5wUbeJ9gNmQ=
16,-27,aS39R4Efr8LudwEXLzSqsUWadxU=,hKkwWjJ//pJUrvbDBG/JMBp4FDI=
17,-27,aS39R4Efr8LudwEXLzSqsUWadxU=,hKkwWjJ//pJUrvbDBG/JMBp4FDI=
20,-27,aS39R4Efr8LudwEXLzSqsUWadxU=,hKkwWjJ//pJUrvbDBG/JMBp4FDI=
23,-27,aS39R4Efr8LudwEXLzSqsUWadxU=,hKkwWjJ//pJUrvbDBG/JMBp4FDI=
28,-27,aS39R4Efr8LudwEXLzSqsUWadxU=,4Wg7tNhqzAyY/i2mNz7QvMm/IPU=
31,-27,aS39R4Efr8LudwEXLzSqsUWadxU=,4Wg7tNhqzAyY/i2mNz7QvMm/IPU=
6,-26,aS39R4Efr8LudwEXLzSqsUWadxU=,YGqKWTkKgxFxVlPMfnxFx2dmFSU=
26,-26,aS39R4Efr8LudwEXLzSqsUWadxU=,4Wg7tNhqzAyY/i2mNz7QvMm/IPU=
3,-25,aS39R4Efr8LudwEXLzSqsUWadxU=,YGqKWTkKgxFxVlPMfnxFx2dmFSU=
8,-25,aS39R4Efr8LudwEXLzSqsUWadxU=,o7IjCTtGhM5+o4OP5wUbeJ9gNmQ=
11,-25,aS39R4Efr8LudwEXLzSqsUWadxU=,o7IjCTtGhM5+o4OP5wUbeJ9gNmQ=
13,-25,aS39R4Efr8LudwEXLzSqsUWadxU=,o7IjCTtGhM5+o4OP5wUbeJ9gNmQ=
15,-25,aS39R4Efr8LudwEXLzSqsUWadxU=,o7IjCTtGhM5+o4OP5wUbeJ9gNmQ=
18,-25,aS39R4Efr8LudwEXLzSqsUWadxU=,hKkwWjJ//pJUrvbDBG/JMBp4FDI=
25,-25,aS39R4Efr8LudwEXLzSqsUWadxU=,4Wg7tNhqzAyY/i2mNz7QvMm/IPU=
28,-25,aS39R4Efr8LudwEXLzSqsUWadxU=,4Wg7tNhqzAyY/i2mNz7QvMm/IPU=
0,-24,aS39R4Efr8LudwEXLzSqsUWadxU=,gxZPmAXM8dqByfdbJ1nCl/e5WvE=
6,-24,aS39R4Efr8LudwEXLzSqsUWadxU=,gxZPmAXM8dqByfdbJ1nCl/e5WvE=
21,-24,aS39R4Efr8LudwEXLzSqsUWadxU=,hKkwWjJ//pJUrvbDBG/JMBp4FDI=
23,-24,aS39R4Efr8LudwEXLzSqsUWadxU=,hKkwWjJ//pJUrvbDBG/JMBp4FDI=
31,-24,aS39R4Efr8LudwEXLzSqsUWadxU=,4Wg7tNhqzAyY/i2mNz7QvMm/IPU=
12,-23,aS39R4Efr8LudwEXLzSqsUWadxU=,o7IjCTtGhM5+o4OP5wUbeJ9gNmQ=
15,-23,aS39R4Efr8LudwEXLzSqsUWadxU=,o7IjCTtGhM5+o4OP5wUbeJ9gNmQ=
18,-23,aS39R4Efr8LudwEXLzSqsUWadxU=,hKkwWjJ//pJUrvbDBG/JMBp4FDI=
23,-23,X6QF4bRbmvXLvXQVWUCnW22/z5s=,hKkwWjJ//pJUrvbDBG/JMBp4FDI=
28,-23,X6QF4bRbmvXLvXQVWUCnW22/z5s=,4Wg7tNhqzAyY/i2mNz7QvMm/IPU=
0,-22,X6QF4bRbmvXLvXQVWUCnW22/z5s=,gxZPmAXM8dqByfdbJ1nCl/e5WvE=
3,-22,X6QF4bRbmvXLvXQVWUCnW22/z5s=,gxZPmAXM8dqByfdbJ1nCl/e5WvE=
5,-22,X6QF4bRbmvXLvXQVWUCnW22/z5s=,gxZPmAXM8dqByfdbJ1nCl/e5WvE=
8,-22,X6QF4bRbmvXLvXQVWUCnW22/z5s=,o7IjCTtGhM5+o4OP5wUbeJ9gNmQ=
10,-22,X6QF4bRbmvXLvXQVWUCnW22/z5s=,o7IjCTtGhM5+o4OP5wUbeJ9gNmQ=
21,-22,X6QF4bRbmvXLvXQVWUCnW22/z5s=,hKkwWjJ//pJUrvbDBG/JMBp4FDI=
25,-22,X6QF4bRbmvXLvXQVWUCnW22/z5s=,4Wg7tNhqzAyY/i2mNz7QvMm/IPU=
30,-22,X6QF4bRbmvXLvXQVWUCnW22/z5s=,4Wg7tNhqzAyY/i2mNz7QvMm/IPU=
3,-20,X6QF4bRbmvXLvXQVWUCnW22/z5s=,gxZPmAXM8dqByfdbJ1nCl/e5WvE=
5,-20,X6QF4bRbmvXLvXQVWUCnW22/z5s=,gxZPmAXM8dqByfdbJ1nCl/e5WvE=
8,-20,X6QF4bRbmvXLvXQVWUCnW22/z5s=,o7IjCTtGhM5+o4OP5wUbeJ9gNmQ=
10,-20,X6QF4bRbmvXLvXQVWUCnW22/z5s=,o7IjCTtGhM5+o4OP5wUbeJ9gNmQ=
13,-20,X6QF4bRbmvXLvXQVWUCnW22/z5s=,o7IjCTtGhM5+o4OP5wUbeJ9gNmQ=
16,-20,X6QF4bRbmvXLvXQVWUCnW22/z5s=,hKkwWjJ//pJUrvbDBG/JMBp4FDI=
18,-20,X6QF4bRbmvXLvXQVWUCnW22/z5s=,hKkwWjJ//pJUrvbDBG/JMBp4FDI=
20,-20,X6QF4bRbmvXLvXQVWUCnW22/z5s=,hKkwWjJ//pJUrvbDBG/JMBp4FDI=
28,-20,X6QF4bRbmvXLvXQVWUCnW22/z5s=,4Wg7tNhqzAyY/i2mNz7QvMm/IPU=
0,-19,X6QF4bRbmvXLvXQVWUCnW22/z5s=,gxZPmAXM8dqByfdbJ1nCl/e5WvE=
23,-19,X6QF4bRbmvXLvXQVWUCnW22/z5s=,hKkwWjJ//pJUrvbDBG/JMBp4FDI=
25,-19,X6QF4bRbmvXLvXQVWUCnW22/z5s=,4Wg7tNhqzAyY/i2mNz7QvMm/IPU=
30,-19,X6QF4bRbmvXLvXQVWUCnW22/z5s=,4Wg7tNhqzAyY/i2mNz7QvMm/IPU=
23,-18,Nj/V02crD8Z0PPkYrtGHNsmGpTA=,hKkwWjJ//pJUrvbDBG/JMBp4FDI=
1,-17,Nj/V02crD8Z0PPkYrtGHNsmGpTA=,gxZPmAXM8dqByfdbJ1nCl/e5WvE=
3,-17,Nj/V02crD8Z0PPkYrtGHNsmGpTA=,gxZPmAXM8dqByfdbJ1nCl/e5WvE=
6,-17,Nj/V02crD8Z0PPkYrtGHNsmGpTA=,gxZPmAXM8dqByfdbJ1nCl/e5WvE=
8,-17,Nj/V02crD8Z0PPkYrtGHNsmGpTA=,o7IjCTtGhM5+o4OP5wUbeJ9gNmQ=
11,-17,Nj/V02crD8Z0PPkYrtGHNsmGpTA=,o7IjCTtGhM5+o4OP5wUbeJ9gNmQ=
15,-17,Nj/V02crD8Z0PPkYrtGHNsmGpTA=,o7IjCTtGhM5+o4OP5wUbeJ9gNmQ=
18,-17,Nj/V02crD8Z0PPkYrtGHNsmGpTA=,hKkwWjJ//pJUrvbDBG/JMBp4FDI=
20,-17,Nj/V02crD8Z0PPkYrtGHNsmGpTA=,hKkwWjJ//pJUrvbDBG/JMBp4FDI=
25,-17,Nj/V02crD8Z0PPkYrtGHNsmGpTA=,4Wg7tNhqzAyY/i2mNz7QvMm/IPU=
28,-17,Nj/V02crD8Z0PPkYrtGHNsmGpTA=,4Wg7tNhqzAyY/i2mNz7QvMm/IPU=
30,-17,Nj/V02crD8Z0PPkYrtGHNsmGpTA=,4Wg7tNhqzAyY/i2mNz7QvMm/IPU=
13,-16,Nj/V02crD8Z0PPkYrtGHNsmGpTA=,5W/lWXVZuWBJS1+ajh05omAJ2qQ=
6,-15,Nj/V02crD8Z0PPkYrtGHNsmGpTA=,MDvjKiPDxOFqsuonyHAMQAzy/20=
8,-15,Nj/V02crD8Z0PPkYrtGHNsmGpTA=,5W/lWXVZuWBJS1+ajh05omAJ2qQ=
13,-15,Nj/V02crD8Z0PPkYrtGHNsmGpTA=,5W/lWXVZuWBJS1+ajh05omAJ2qQ=
15,-15,Nj/V02crD8Z0PPkYrtGHNsmGpTA=,NNZMPs9QUY77fvpbVJFy4J/O0gs=
18,-15,Nj/V02crD8Z0PPkYrtGHNsmGpTA=,hKkwWjJ//pJUrvbDBG/JMBp4FDI=
20,-15,Nj/V02crD8Z0PPkYrtGHNsmGpTA=,hKkwWjJ//pJUrvbDBG/JMBp4FDI=
23,-15,Nj/V02crD8Z0PPkYrtGHNsmGpTA=,hKkwWjJ//pJUrvbDBG/JMBp4FDI=
25,-15,Nj/V02crD8Z0PPkYrtGHNsmGpTA=,4Wg7tNhqzAyY/i2mNz7QvMm/IPU=
31,-15,Nj/V02crD8Z0PPkYrtGHNsmGpTA=,4Wg7tNhqzAyY/i2mNz7QvMm/IPU=
1,-14,G9pcDvERRYFMK3zA9WxJSUMrqtc=,MDvjKiPDxOFqsuonyHAMQAzy/20=
3,-14,G9pcDvERRYFMK3zA9WxJSUMrqtc=,P5duk/c7mkW6MRJXy+0VWrCIs9k=
11,-14,G9pcDvERRYFMK3zA9WxJSUMrqtc=,5W/lWXVZuWBJS1+ajh05omAJ2qQ=
28,-14,G9pcDvERRYFMK3zA9WxJSUMrqtc=,4Wg7tNhqzAyY/i2mNz7QvMm/IPU=
1,-13,G9pcDvERRYFMK3zA9WxJSUMrqtc=,MDvjKiPDxOFqsuonyHAMQAzy/20=
3,-13,G9pcDvERRYFMK3zA9WxJSUMrqtc=,NoJ0CaNiClSjR9x86vMoAWgkrHY=
23,-13,G9pcDvERRYFMK3zA9WxJSUMrqtc=,hKkwWjJ//pJUrvbDBG/JMBp4FDI=
28,-13,G9pcDvERRYFMK3zA9WxJSUMrqtc=,4Wg7tNhqzAyY/i2mNz7QvMm/IPU=
6,-12,sp2nFqgiQ55Agtz0K3L1xzCNlE4=,+cpJuVFeglmc2Vn+QKZ8NX4iOfo=
8,-12,G9pcDvERRYFMK3zA9WxJSUMrqtc=,5W/lWXVZuWBJS1+ajh05omAJ2qQ=
11,-12,G9pcDvERRYFMK3zA9WxJSUMrqtc=,5W/lWXVZuWBJS1+ajh05omAJ2qQ=
13,-12,G9pcDvERRYFMK3zA9WxJSUMrqtc=,t/FaB9U1nVm+7i/OqHdYev1QbL8=
15,-12,G9pcDvERRYFMK3zA9WxJSUMrqtc=,NNZMPs9QUY77fvpbVJFy4J/O0gs=
18,-12,G9pcDvERRYFMK3zA9WxJSUMrqtc=,hKkwWjJ//pJUrvbDBG/JMBp4FDI=
20,-12,G9pcDvERRYFMK3zA9WxJSUMrqtc=,hKkwWjJ//pJUrvbDBG/JMBp4FDI=
25,-12,G9pcDvERRYFMK3zA9WxJSUMrqtc=,4Wg7tNhqzAyY/i2mNz7QvMm/IPU=
31,-12,G9pcDvERRYFMK3zA9WxJSUMrqtc=,4Wg7tNhqzAyY/i2mNz7QvMm/IPU=
2,-11,rVJx67/umMj2VOsd7LxP4v5gDSo=,AfF7qXLvjZjZFnOdaA5kbl480lU=
3,-11,sp2nFqgiQ55Agtz0K3L1xzCNlE4=,IhpYyRxsCO8z7uPyZ6cjf9Ob2KU=
4,-11,sp2nFqgiQ55Agtz0K3L1xzCNlE4=,DUXPnWZPImwpMWdDNzeJ646goZY=
1,-10,rVJx67/umMj2VOsd7LxP4v5gDSo=,2HHrpbEaOkCRHWqpgPdAvzfXquM=
2,-10,sp2nFqgiQ55Agtz0K3L1xzCNlE4=,+cpJuVFeglmc2Vn+QKZ8NX4iOfo=
3,-10,sp2nFqgiQ55Agtz0K3L1xzCNlE4=,+cpJuVFeglmc2Vn+QKZ8NX4iOfo=
4,-10,sp2nFqgiQ55Agtz0K3L1xzCNlE4=,PpXhE7DeqUiahc71qfMHLMJU+/A=
5,-10,sp2nFqgiQ55Agtz0K3L1xzCNlE4=,mIA6ZMPuGsxxu3y1+6fjeKY3Xx4=
6,-10,sp2nFqgiQ55Agtz0K3L1xzCNlE4=,aBIPOVn/JGMIE/oTA8kAwOaKviA=
8,-10,sp2nFqgiQ55Agtz0K3L1xzCNlE4=,T6ZymqMSXj+pWuIBU/1+5yHbQRE=
11,-10,zkgRjVe1OdBFFrwrLNyaC+M6uu4=,oE+41/kvZ9c3OCT9+m4CP2IlN3Y=
13,-10,0objGFlh7IQCEcwXL7jIqzoNvSI=,kyFZtljSrhX6wCtc1wmVtSkVlfk=
19,-10,0objGFlh7IQCEcwXL7jIqzoNvSI=,hKkwWjJ//pJUrvbDBG/JMBp4FDI=
20,-10,0objGFlh7IQCEcwXL7jIqzoNvSI=,hKkwWjJ//pJUrvbDBG/JMBp4FDI=
23,-10,0objGFlh7IQCEcwXL7jIqzoNvSI=,hKkwWjJ//pJUrvbDBG/JMBp4FDI=
29,-10,0objGFlh7IQCEcwXL7jIqzoNvSI=,4Wg7tNhqzAyY/i2mNz7QvMm/IPU=
0,-9,rVJx67/umMj2VOsd7LxP4v5gDSo=,c6JysaLX0klQRh+heCxpVrJQKjI=
1,-9,rVJx67/umMj2VOsd7LxP4v5gDSo=,2HHrpbEaOkCRHWqpgPdAvzfXquM=
2,-9,sp2nFqgiQ55Agtz0K3L1xzCNlE4=,+cpJuVFeglmc2Vn+QKZ8NX4iOfo=
3,-9,sp2nFqgiQ55Agtz0K3L1xzCNlE4=,+cpJuVFeglmc2Vn+QKZ8NX4iOfo=
4,-9,sp2nFqgiQ55Agtz0K3L1xzCNlE4=,+cpJuVFeglmc2Vn+QKZ8NX4iOfo=
5,-9,sp2nFqgiQ55Agtz0K3L1xzCNlE4=,PpXhE7DeqUiahc71qfMHLMJU+/A=
6,-9,sp2nFqgiQ55Agtz0K3L1xzCNlE4=,4fQZ3m8nxINd1Ad4JU6LZEYwxEs=
7,-9,sp2nFqgiQ55Agtz0K3L1xzCNlE4=,mddGUE03lq0p6yX6vYurUBXKeUg=
8,-9,sp2nFqgiQ55Agtz0K3L1xzCNlE4=,T6ZymqMSXj+pWuIBU/1+5yHbQRE=
16,-9,0objGFlh7IQCEcwXL7jIqzoNvSI=,hKkwWjJ//pJUrvbDBG/JMBp4FDI=
26,-9,0objGFlh7IQCEcwXL7jIqzoNvSI=,4Wg7tNhqzAyY/i2mNz7QvMm/IPU=
30,-9,0objGFlh7IQCEcwXL7jIqzoNvSI=,4Wg7tNhqzAyY/i2mNz7QvMm/IPU=
0,-8,AfjsmSg81svTYN3zYvLlo8UBAxc=,5OmlL7ZluogpCo+dUfu+RrgVomk=
1,-8,sp2nFqgiQ55Agtz0K3L1xzCNlE4=,eqSyrJm7vYnsd7fdOkVpqVksLlI=
2,-8,sp2nFqgiQ55Agtz0K3L1xzCNlE4=,ZnChGXefk6fklfDqzU3VhKBycl8=
3,-8,sp2nFqgiQ55Agtz0K3L1xzCNlE4=,0FR8yvZzO4s0M6vPJzdXbManTvQ=
4,-8,sp2nFqgiQ55Agtz0K3L1xzCNlE4=,yPiwrH+b866JW/8OWMyFoP+5G9E=
5,-8,sp2nFqgiQ55Agtz0K3L1xzCNlE4=,2bnBmbu670nRNZ9xxPgqB09BIuw=
6,-8,sp2nFqgiQ55Agtz0K3L1xzCNlE4=,hIDzB07PLcxRIG91l8bX6D/vcNA=
7,-8,sp2nFqgiQ55Agtz0K3L1xzCNlE4=,hIDzB07PLcxRIG91l8bX6D/vcNA=
8,-8,X4Aw7Xq5XvSGiqeK7CEeJBisNJI=,WzNwVpyuqMal7jYpuoFjRLVFn1U=
9,-8,X4Aw7Xq5XvSGiqeK7CEeJBisNJI=,WzNwVpyuqMal7jYpuoFjRLVFn1U=
10,-8,AfjsmSg81svTYN3zYvLlo8UBAxc=,tp5TG+qbTCZceVHOBe8OmmoKu9o=
15,-8,m7253gFkmMqbDhmPCUZ1+/bE3KQ=,LIjGMCJVoftIT4OOf4fOZymJ3Iw=
27,-8,m7253gFkmMqbDhmPCUZ1+/bE3KQ=,KMfOC4k0GU8FHNWXprqcLH7TvYE=
0,-7,AfjsmSg81svTYN3zYvLlo8UBAxc=,5OmlL7ZluogpCo+dUfu+RrgVomk=
1,-7,sp2nFqgiQ55Agtz0K3L1xzCNlE4=,ZnChGXefk6fklfDqzU3VhKBycl8=
2,-7,sp2nFqgiQ55Agtz0K3L1xzCNlE4=,+OJ5fuUXaFpPNbUYe6/VqmdmFCE=
3,-7,sp2nFqgiQ55Agtz0K3L1xzCNlE4=,pck5XuCj2L8tF//KjJcfNNz7lJs=
4,-7,sp2nFqgiQ55Agtz0K3L1xzCNlE4=,ZJNwPsc3hnTmGYRsDFRgRn3m1Q0=
5,-7,X4Aw7Xq5XvSGiqeK7CEeJBisNJI=,18OXsNUyLlzbn1ZnfPOxLPFyxDk=
6,-7,X4Aw7Xq5XvSGiqeK7CEeJBisNJI=,K3QwWjSFSeVYqEwbj3MHkVwc5x0=
7,-7,X4Aw7Xq5XvSGiqeK7CEeJBisNJI=,40p667D77R+FYUo0FC2pjJSWMXo=
8,-7,X4Aw7Xq5XvSGiqeK7CEeJBisNJI=,WzNwVpyuqMal7jYpuoFjRLVFn1U=
9,-7,X4Aw7Xq5XvSGiqeK7CEeJBisNJI=,WzNwVpyuqMal7jYpuoFjRLVFn1U=
10,-7,0VCD51DEl/2vFdWyjPquqSY5MUI=,1nkuSYlxcmbbhpFkCJPjdM5IWVI=
11,-7,0VCD51DEl/2vFdWyjPquqSY5MUI=,1nkuSYlxcmbbhpFkCJPjdM5IWVI=
13,-7,m7253gFkmMqbDhmPCUZ1+/bE3KQ=,LIjGMCJVoftIT4OOf4fOZymJ3Iw=
18,-7,m7253gFkmMqbDhmPCUZ1+/bE3KQ=,hKkwWjJ//pJUrvbDBG/JMBp4FDI=
20,-7,m7253gFkmMqbDhmPCUZ1+/bE3KQ=,hKkwWjJ//pJUrvbDBG/JMBp4FDI=
23,-7,m7253gFkmMqbDhmPCUZ1+/bE3KQ=,hKkwWjJ//pJUrvbDBG/JMBp4FDI=
25,-7,m7253gFkmMqbDhmPCUZ1+/bE3KQ=,deNnV48PWeOBi6wZdLDemV2irNU=
31,-7,m7253gFkmMqbDhmPCUZ1+/bE3KQ=,deNnV48PWeOBi6wZdLDemV2irNU=
0,-6,AfjsmSg81svTYN3zYvLlo8UBAxc=,v7RQfT3vSbgbgI6vKVOt+fVPIJI=
1,-6,sp2nFqgiQ55Agtz0K3L1xzCNlE4=,2YN6jnhnW5LwzTZbOEp2QdMz34k=
2,-6,sp2nFqgiQ55Agtz0K3L1xzCNlE4=,AEUDyoioYrTXor8yQWzhzfTNNTY=
3,-6,sp2nFqgiQ55Agtz0K3L1xzCNlE4=,jGfZqrwwu129OgowcAMTTRXtkFo=
4,-6,3D3zGtB9pdwWU9+CPtZNor5Oea4=,2kJm4Xnc9gVMF62hREFX4fcPCiM=
5,-6,3D3zGtB9pdwWU9+CPtZNor5Oea4=,r9VOPybcNcg9jshZxL4V4VKfLJA=
6,-6,RIiaiINMxmIQlzJL5JrxoKa5/tk=,gXC3XQQ7hjRgrB9VJDBrmHnhJt8=
7,-6,Zpt9sEyNxcbK6DHztDayAFhOKxI=,mK+sT5+AQkRCisGNLmk07QwWVVM=
8,-6,MZyOst0TC2cnkDV5VqFzbOTQh6o=,Nds/VykiewO9+rOtPGhVIjv1EPw=
9,-6,MZyOst0TC2cnkDV5VqFzbOTQh6o=,Nds/VykiewO9+rOtPGhVIjv1EPw=
10,-6,0VCD51DEl/2vFdWyjPquqSY5MUI=,1nkuSYlxcmbbhpFkCJPjdM5IWVI=
0,-5,zgH8K6SOgeskaPy/WDam/+lFlCE=,QLoqasQtN90irfwbvzTPJ1Y9im4=
1,-5,sp2nFqgiQ55Agtz0K3L1xzCNlE4=,cP+9vae4Lu8MPZhz/pCCk8XyPKc=
2,-5,sp2nFqgiQ55Agtz0K3L1xzCNlE4=,gQio4wPNMYNWaYrsH/p5FCXPpGc=
3,-5,3D3zGtB9pdwWU9+CPtZNor5Oea4=,DtUpanWEuhMufmjYKdaG9pEt5dE=
4,-5,lmtB0j/HqF9kew24p6jy6uqDYpo=,sjOmS+oo5wNPdbaAEvpADW6Zz+Y=
5,-5,lmtB0j/HqF9kew24p6jy6uqDYpo=,4fdQg44cZUAUvbsdGUlEOlTJMvo=
6,-5,RIiaiINMxmIQlzJL5JrxoKa5/tk=,BlGWbnLK2VktwU+pWTnxyxIdRNc=
7,-5,MZyOst0TC2cnkDV5VqFzbOTQh6o=,mK+sT5+AQkRCisGNLmk07QwWVVM=
8,-5,MZyOst0TC2cnkDV5VqFzbOTQh6o=,Nds/VykiewO9+rOtPGhVIjv1EPw=
9,-5,MZyOst0TC2cnkDV5VqFzbOTQh6o=,Nds/VykiewO9+rOtPGhVIjv1EPw=
10,-5,hk3hHSEeqYAdVEWKX9urzT9837g=,LSQYKntQGtsPWuiOmzPZA1r5CjA=
15,-5,PArmyaH+wIapgEQLzNDeXmm1S9s=,LIjGMCJVoftIT4OOf4fOZymJ3Iw=
18,-5,PArmyaH+wIapgEQLzNDeXmm1S9s=,hKkwWjJ//pJUrvbDBG/JMBp4FDI=
21,-5,PArmyaH+wIapgEQLzNDeXmm1S9s=,hKkwWjJ//pJUrvbDBG/JMBp4FDI=
23,-5,PArmyaH+wIapgEQLzNDeXmm1S9s=,hKkwWjJ//pJUrvbDBG/JMBp4FDI=
26,-5,PArmyaH+wIapgEQLzNDeXmm1S9s=,deNnV48PWeOBi6wZdLDemV2irNU=
28,-5,PArmyaH+wIapgEQLzNDeXmm1S9s=,deNnV48PWeOBi6wZdLDemV2irNU=
30,-5,PArmyaH+wIapgEQLzNDeXmm1S9s=,deNnV48PWeOBi6wZdLDemV2irNU=
0,-4,zgH8K6SOgeskaPy/WDam/+lFlCE=,QLoqasQtN90irfwbvzTPJ1Y9im4=
1,-4,rp9twxMqC1k5Esev9uAPS/H7t0k=,wsfT69FOEhajaE6TBdra9XN3OuA=
2,-4,rp9twxMqC1k5Esev9uAPS/H7t0k=,rTGkn00pFKQOhG0vTn/ug34JIM0=
3,-4,zgH8K6SOgeskaPy/WDam/+lFlCE=,/CPNqVtxsdAFb+JCAWDufExj2Ok=
4,-4,lmtB0j/HqF9kew24p6jy6uqDYpo=,YbRpMmGg/DeHdWZNF/NqMlBaqvU=
5,-4,lmtB0j/HqF9kew24p6jy6uqDYpo=,73rVMlUHt4iO+qE7+kLrJwqMkWI=
6,-4,RIiaiINMxmIQlzJL5JrxoKa5/tk=,VoStiH6zBuZ4Pmy+4lFgfvvuc1E=
7,-4,RIiaiINMxmIQlzJL5JrxoKa5/tk=,SA1yupttTi/DMPD6YVL7lZyLUwo=
8,-4,V5mjhPWfOyTSRbeabGramm1HG6c=,w0UfQNACdkA7u2HasFgIFB2v2Ow=
9,-4,V5mjhPWfOyTSRbeabGramm1HG6c=,FGM1C33ob58nIkWO8ICZMHbsYFg=
10,-4,hk3hHSEeqYAdVEWKX9urzT9837g=,SWvqTjSC+51jOyhvcWkd6+q8F4w=
13,-4,E1jrD5U6Ys+TEFMjPy/FihU6x28=,LIjGMCJVoftIT4OOf4fOZymJ3Iw=
0,-3,zgH8K6SOgeskaPy/WDam/+lFlCE=,bUo23OXcP0A7Xf13gLJ5+Avz4dE=
1,-3,rp9twxMqC1k5Esev9uAPS/H7t0k=,5rnVB9yt94ORycycbJdMFFRdjBk=
2,-3,rp9twxMqC1k5Esev9uAPS/H7t0k=,VHhPOJ9s41AZe76bEwH6Fo6oxjc=
3,-3,zgH8K6SOgeskaPy/WDam/+lFlCE=,3PGxY3zlW/ef6xJ1QTFMEbG8Dbc=
4,-3,lmtB0j/HqF9kew24p6jy6uqDYpo=,uB/1D466skMdqL3v+C3R/OH+FDs=
5,-3,lmtB0j/HqF9kew24p6jy6uqDYpo=,ZkAFXp34aKeDpQeaWJ2VFd2E1jc=
6,-3,RIiaiINMxmIQlzJL5JrxoKa5/tk=,pG+frKMfWJBoedN+G+LoZ+DZh6g=
7,-3,lmtB0j/HqF9kew24p6jy6uqDYpo=,aExd362K2vOIoLFv86+a5H6lcpI=
8,-3,V5mjhPWfOyTSRbeabGramm1HG6c=,5iwk4MDz1VPs763aXSfiAtHclXo=
9,-3,V5mjhPWfOyTSRbeabGramm1HG6c=,xZh/J8LRvsggm101n7DKvXoFC9E=
10,-3,V5mjhPWfOyTSRbeabGramm1HG6c=,JePZLrpwdNH66nsW6OC5ObqEU3c=
0,-2,nKcjhYjB2lnhVF0cqcYG4WtSFXU=,omANTI5AYaZAbRGDqR8esBTFBBE=
1,-2,sSc3Vp6Oo+oaxB901VBXrcc2k88=,QkHhIGmkvaJsMa9DiOwR00jvhjg=
2,-2,y/DbSIzM/teIx7+b6saqr+7SFGM=,V8nkVXQqMwj/woBHDouDwMNnF4E=
3,-2,N6PU6XL/7KW5jhDOG4qOujMy4eQ=,emytOHC2X7c01j8NCOUGujgWsGM=
4,-2,lmtB0j/HqF9kew24p6jy6uqDYpo=,Vn+dI2E6oe4eG5Q5kBrDV4qqjHA=
5,-2,lmtB0j/HqF9kew24p6jy6uqDYpo=,cXqiFxA+2IiZJQHz/NyrmuNN+Cw=
6,-2,lmtB0j/HqF9kew24p6jy6uqDYpo=,CnxqBPHYAdmuSmkuLxJA2AlwarI=
7,-2,lmtB0j/HqF9kew24p6jy6uqDYpo=,VCgq4smc46i6BstTrQ9RjFEXuIc=
8,-2,hk3hHSEeqYAdVEWKX9urzT9837g=,Gj50pHZO2jlLnoYexHQX0isaeVA=
9,-2,pysKu+vLY8R+rQ1znINbcBLkB9A=,iQQKvKhDF+aD69Y7z0hKZZKWH+g=
10,-2,ZRJgDwr55KB9jQMWQ3F4aleK4Ww=,RDf0oHQmJAM0tiZ8W/Dqj2F2aRs=
11,-2,hk3hHSEeqYAdVEWKX9urzT9837g=,LSQYKntQGtsPWuiOmzPZA1r5CjA=
14,-2,0MrKf56b9eI8VJkOG5minYQdPkI=,LIjGMCJVoftIT4OOf4fOZymJ3Iw=
15,-2,0MrKf56b9eI8VJkOG5minYQdPkI=,LIjGMCJVoftIT4OOf4fOZymJ3Iw=
18,-2,0MrKf56b9eI8VJkOG5minYQdPkI=,hKkwWjJ//pJUrvbDBG/JMBp4FDI=
23,-2,0MrKf56b9eI8VJkOG5minYQdPkI=,hKkwWjJ//pJUrvbDBG/JMBp4FDI=
26,-2,0MrKf56b9eI8VJkOG5minYQdPkI=,deNnV48PWeOBi6wZdLDemV2irNU=
28,-2,0MrKf56b9eI8VJkOG5minYQdPkI=,deNnV48PWeOBi6wZdLDemV2irNU=
31,-2,0MrKf56b9eI8VJkOG5minYQdPkI=,4Wg7tNhqzAyY/i2mNz7QvMm/IPU=
0,-1,yBX/ojdClUadnMIuxWLnBCSuSqM=,CkETnKADEnmCZm9OSYyNwLb/Jzg=
1,-1,u8+kGdmVteOyuMl6bBkei17HWHo=,S3gsktLlgFESXd1FTpBv+OERxak=
2,-1,u8+kGdmVteOyuMl6bBkei17HWHo=,S3gsktLlgFESXd1FTpBv+OERxak=
3,-1,u8+kGdmVteOyuMl6bBkei17HWHo=,S3gsktLlgFESXd1FTpBv+OERxak=
4,-1,lmtB0j/HqF9kew24p6jy6uqDYpo=,uLORUfL4VJi+QKjFWb2WYp0bCCY=
5,-1,lmtB0j/HqF9kew24p6jy6uqDYpo=,7kq1eoT4/a4D+5ScFPNyV4gkzWQ=
6,-1,XgOWLEodr//r0y9FabPq6oD6fDU=,XVi6rIVSFog5I7CtxXh2R/hIB7k=
7,-1,2H5S02RDBhEJQwH3pFVU5iaU7NU=,TJUq8E7iTu7vZI5L35h+9oyABXM=
8,-1,2H5S02RDBhEJQwH3pFVU5iaU7NU=,OLxIMz5Ft2wt4WNi7Yhv12kuIeM=
9,-1,pysKu+vLY8R+rQ1znINbcBLkB9A=,iQQKvKhDF+aD69Y7z0hKZZKWH+g=
10,-1,ZRJgDwr55KB9jQMWQ3F4aleK4Ww=,mPrPQq0Hg/vWvpA9jGWFdOLz4PA=
20,-1,0MrKf56b9eI8VJkOG5minYQdPkI=,hKkwWjJ//pJUrvbDBG/JMBp4FDI=
1,-12,rVJx67/umMj2VOsd7LxP4v5gDSo=,DnY9uuJpKntU5uHowEjHE10yPXE=
2,-12,rVJx67/umMj2VOsd7LxP4v5gDSo=,ZEgx3MEG2g4gXUNsTMadaL3ekas=
0,-11,rVJx67/umMj2VOsd7LxP4v5gDSo=,Jbvgin57CwRuoTUVOB6ZyEZ7GD8=
1,-11,rVJx67/umMj2VOsd7LxP4v5gDSo=,n+NO5grUxKJPN7HnlkzC3OkaPL8=
0,-10,rVJx67/umMj2VOsd7LxP4v5gDSo=,n+NO5grUxKJPN7HnlkzC3OkaPL8=
9,-9,sp2nFqgiQ55Agtz0K3L1xzCNlE4=,T6ZymqMSXj+pWuIBU/1+5yHbQRE=
10,-9,zkgRjVe1OdBFFrwrLNyaC+M6uu4=,lOFDo73ZGiz/gTA8kBexkE6azcM=
11,-3,ZRJgDwr55KB9jQMWQ3F4aleK4Ww=,hdONcO/pyEVXooaCa1WkoZTRjeg=
12,-2,hk3hHSEeqYAdVEWKX9urzT9837g=,W+mFMa/phs5KtLwfqfeZo0ERadA=
11,-1,hk3hHSEeqYAdVEWKX9urzT9837g=,gQRNpYtYCZWsbrP00ayEpYm+MdU=
12,-1,hk3hHSEeqYAdVEWKX9urzT9837g=,RLeOv8L4PHxSHwstg6slnYjvsLQ=
6,-11,sp2nFqgiQ55Agtz0K3L1xzCNlE4=,N2O8ERstKkPMw5fuovLK0MP9HNk=
7,-11,sp2nFqgiQ55Agtz0K3L1xzCNlE4=,mjitrnQqjCZp/b5de1WegxsR+oo=
8,-11,sp2nFqgiQ55Agtz0K3L1xzCNlE4=,T6ZymqMSXj+pWuIBU/1+5yHbQRE=
9,-11,zkgRjVe1OdBFFrwrLNyaC+M6uu4=,8aCxRz1BfUCzPDxjbTTiWmynW1g=
10,-11,zkgRjVe1OdBFFrwrLNyaC+M6uu4=,4/ghV28Gju4D6FPWorUk3zDI4Z4=
7,-10,sp2nFqgiQ55Agtz0K3L1xzCNlE4=,gET5X8yt0PSa1W2+/Ud+jRL3FH4=
9,-10,sp2nFqgiQ55Agtz0K3L1xzCNlE4=,T6ZymqMSXj+pWuIBU/1+5yHbQRE=
10,-10,zkgRjVe1OdBFFrwrLNyaC+M6uu4=,R4WxuwlngZ6qysm3vFdW5Qoebdw=
11,-9,zkgRjVe1OdBFFrwrLNyaC+M6uu4=,oE+41/kvZ9c3OCT9+m4CP2IlN3Y=
11,-8,AfjsmSg81svTYN3zYvLlo8UBAxc=,Wb0+7k93BIGF3qVtLEfHjqbJclk=
12,-8,AfjsmSg81svTYN3zYvLlo8UBAxc=,mpyCKts+nNRCJKTOJ58O8i20fgA=
12,-7,AfjsmSg81svTYN3zYvLlo8UBAxc=,ZBWgkgBz3Sq8c4PN5LI/hDSR9oY=
11,-6,0VCD51DEl/2vFdWyjPquqSY5MUI=,1nkuSYlxcmbbhpFkCJPjdM5IWVI=
12,-6,AfjsmSg81svTYN3zYvLlo8UBAxc=,1NfNPDBL2x7REoWT7XMG/c7TGBI=
11,-5,hk3hHSEeqYAdVEWKX9urzT9837g=,sWwDGYcfloeVcKX6tgZgiPYsYAA=
4,-13,rVJx67/umMj2VOsd7LxP4v5gDSo=,c6JysaLX0klQRh+heCxpVrJQKjI=
5,-13,rVJx67/umMj2VOsd7LxP4v5gDSo=,c6JysaLX0klQRh+heCxpVrJQKjI=
6,-13,rVJx67/umMj2VOsd7LxP4v5gDSo=,c6JysaLX0klQRh+heCxpVrJQKjI=
0,-12,rVJx67/umMj2VOsd7LxP4v5gDSo=,2HHrpbEaOkCRHWqpgPdAvzfXquM=
3,-12,rVJx67/umMj2VOsd7LxP4v5gDSo=,ffV+ltxe63zwCk1LY3Et3OSpXho=
4,-12,sp2nFqgiQ55Agtz0K3L1xzCNlE4=,dj7ubGUoVOb90wEpmuUNhfmgrUo=
5,-12,sp2nFqgiQ55Agtz0K3L1xzCNlE4=,mC26xgPlc/UAHmj6AgJxQSYeGzQ=
5,-11,sp2nFqgiQ55Agtz0K3L1xzCNlE4=,B74q00Sqp/OHgwphFf1BYcvGMzM=
12,-3,hk3hHSEeqYAdVEWKX9urzT9837g=,iq6ABvhfalKvIUsLJrHVxNaVAOY=
13,-3,hk3hHSEeqYAdVEWKX9urzT9837g=,uFUYmesCAmQ4QH5RbAvdTOth2lE=
13,-2,hk3hHSEeqYAdVEWKX9urzT9837g=,VRpD8vu+sduEgPHZn1IcOfSX9AQ=
13,-1,hk3hHSEeqYAdVEWKX9urzT9837g=,T83GgT68BvcMNUdeRl+bdFbQg2Y=
11,-4,hk3hHSEeqYAdVEWKX9urzT9837g=,sWwDGYcfloeVcKX6tgZgiPYsYAA=
12,-5,MZyOst0TC2cnkDV5VqFzbOTQh6o=,Nds/VykiewO9+rOtPGhVIjv1EPw=
12,-4,MZyOst0TC2cnkDV5VqFzbOTQh6o=,Nds/VykiewO9+rOtPGhVIjv1EPw=
