5,-1,Sya19Q6QC36lSqMYSgGMC1pqpyE=,pxvY05XG8fhY5eyuAog9PAdlG08=
3,-4,Dlu7N3/B1ZRonLhuwmDYrpUkzE4=,D/Cd8co2D6I+xPBgQGVT0uQmtCM=
5,-2,Sya19Q6QC36lSqMYSgGMC1pqpyE=,pxvY05XG8fhY5eyuAog9PAdlG08=
3,-9,tF43SFdNDUNvPKnVoiYm8lepEBA=,qCNTMDiVIgHQZUyBJvGpoNe3noc=
8,-10,6pMfd1o6DehKivEjLP8VoNyYyok=,Wsi4rVi6xqt4ClSyCUkkHd/WbYc=
9,-9,6pMfd1o6DehKivEjLP8VoNyYyok=,Wsi4rVi6xqt4ClSyCUkkHd/WbYc=
8,-9,6pMfd1o6DehKivEjLP8VoNyYyok=,Wsi4rVi6xqt4ClSyCUkkHd/WbYc=
9,-10,6pMfd1o6DehKivEjLP8VoNyYyok=,Wsi4rVi6xqt4ClSyCUkkHd/WbYc=
2,-9,tF43SFdNDUNvPKnVoiYm8lepEBA=,qCNTMDiVIgHQZUyBJvGpoNe3noc=
3,-10,tF43SFdNDUNvPKnVoiYm8lepEBA=,qCNTMDiVIgHQZUyBJvGpoNe3noc=
2,-10,tF43SFdNDUNvPKnVoiYm8lepEBA=,qCNTMDiVIgHQZUyBJvGpoNe3noc=
0,-4,Rq2SsDoNxEeGyEKL7ml6v65+B5k=,9kNTtfRjccHnZCCuavAJvGdKm1I=
1,-4,Rq2SsDoNxEeGyEKL7ml6v65+B5k=,9kNTtfRjccHnZCCuavAJvGdKm1I=
2,-4,Dlu7N3/B1ZRonLhuwmDYrpUkzE4=,D/Cd8co2D6I+xPBgQGVT0uQmtCM=
0,-3,Rq2SsDoNxEeGyEKL7ml6v65+B5k=,9kNTtfRjccHnZCCuavAJvGdKm1I=
0,-2,gA5JMdS36WUal1NzOiuWftis1Y4=,P/p2ENUu68sJ9LNPmm8LUc0sHD4=
0,-1,gA5JMdS36WUal1NzOiuWftis1Y4=,P/p2ENUu68sJ9LNPmm8LUc0sHD4=
4,-1,BY+EyYDja6z1W6YAmqXDeE7XOvw=,pxvY05XG8fhY5eyuAog9PAdlG08=
2,-3,Dlu7N3/B1ZRonLhuwmDYrpUkzE4=,D/Cd8co2D6I+xPBgQGVT0uQmtCM=
4,-2,Sya19Q6QC36lSqMYSgGMC1pqpyE=,pxvY05XG8fhY5eyuAog9PAdlG08=
3,-3,Dlu7N3/B1ZRonLhuwmDYrpUkzE4=,D/Cd8co2D6I+xPBgQGVT0uQmtCM=
3,-1,Dlu7N3/B1ZRonLhuwmDYrpUkzE4=,D/Cd8co2D6I+xPBgQGVT0uQmtCM=
2,-1,Dlu7N3/B1ZRonLhuwmDYrpUkzE4=,D/Cd8co2D6I+xPBgQGVT0uQmtCM=
3,-2,Dlu7N3/B1ZRonLhuwmDYrpUkzE4=,D/Cd8co2D6I+xPBgQGVT0uQmtCM=
2,-2,Dlu7N3/B1ZRonLhuwmDYrpUkzE4=,D/Cd8co2D6I+xPBgQGVT0uQmtCM=
1,-2,gA5JMdS36WUal1NzOiuWftis1Y4=,P/p2ENUu68sJ9LNPmm8LUc0sHD4=
1,-3,Rq2SsDoNxEeGyEKL7ml6v65+B5k=,9kNTtfRjccHnZCCuavAJvGdKm1I=
1,-1,gA5JMdS36WUal1NzOiuWftis1Y4=,P/p2ENUu68sJ9LNPmm8LUc0sHD4=
4,-4,HTamPfLSAO7c1AAIwnwRDFVB9fk=,hEDmPOkK53ATBQYEtHtvFZbZ+8E=
5,-3,HTamPfLSAO7c1AAIwnwRDFVB9fk=,hEDmPOkK53ATBQYEtHtvFZbZ+8E=
5,-4,HTamPfLSAO7c1AAIwnwRDFVB9fk=,hEDmPOkK53ATBQYEtHtvFZbZ+8E=
4,-3,HTamPfLSAO7c1AAIwnwRDFVB9fk=,hEDmPOkK53ATBQYEtHtvFZbZ+8E=
17,-1,N37mufqrO+sjCwMUxwbeUbMNP4I=,/MoKlqO/QoEDWbJlU3yI+A+8IFM=
16,-1,N37mufqrO+sjCwMUxwbeUbMNP4I=,/MoKlqO/QoEDWbJlU3yI+A+8IFM=
16,-4,N37mufqrO+sjCwMUxwbeUbMNP4I=,AsjOx3hYhpMU5OHKv+7nWAxKIjI=
16,-3,N37mufqrO+sjCwMUxwbeUbMNP4I=,AsjOx3hYhpMU5OHKv+7nWAxKIjI=
17,-4,N37mufqrO+sjCwMUxwbeUbMNP4I=,AsjOx3hYhpMU5OHKv+7nWAxKIjI=
17,-2,N37mufqrO+sjCwMUxwbeUbMNP4I=,/MoKlqO/QoEDWbJlU3yI+A+8IFM=
16,-2,N37mufqrO+sjCwMUxwbeUbMNP4I=,/MoKlqO/QoEDWbJlU3yI+A+8IFM=
17,-3,N37mufqrO+sjCwMUxwbeUbMNP4I=,AsjOx3hYhpMU5OHKv+7nWAxKIjI=
11,-9,6pMfd1o6DehKivEjLP8VoNyYyok=,Wsi4rVi6xqt4ClSyCUkkHd/WbYc=
11,-10,6pMfd1o6DehKivEjLP8VoNyYyok=,Wsi4rVi6xqt4ClSyCUkkHd/WbYc=
10,-10,6pMfd1o6DehKivEjLP8VoNyYyok=,Wsi4rVi6xqt4ClSyCUkkHd/WbYc=
10,-9,6pMfd1o6DehKivEjLP8VoNyYyok=,Wsi4rVi6xqt4ClSyCUkkHd/WbYc=
6,-2,nVUqSM30DKwVHgzlxBpAlOFgdiI=,EM+HdYo+ev7TuDF76nQu0wzOZPo=
7,-2,nVUqSM30DKwVHgzlxBpAlOFgdiI=,EM+HdYo+ev7TuDF76nQu0wzOZPo=
6,-1,nVUqSM30DKwVHgzlxBpAlOFgdiI=,EM+HdYo+ev7TuDF76nQu0wzOZPo=
7,-1,nVUqSM30DKwVHgzlxBpAlOFgdiI=,EM+HdYo+ev7TuDF76nQu0wzOZPo=
