-18,14,OXhwtDjj6/OvM560uDOjf4lpcyw=,k2gTGzlS+ztuspr2jOS+5BLgjh0=
-19,14,nx3TpDSpvSq0zzWCzbcxt1b7kao=,xRZ4p/YM3W6WeQRFvPtqjLGY1lo=
-18,13,nx3TpDSpvSq0zzWCzbcxt1b7kao=,A55x0f2uGKG3cmzc0lKkew9lRpM=
-19,13,nx3TpDSpvSq0zzWCzbcxt1b7kao=,A55x0f2uGKG3cmzc0lKkew9lRpM=
-20,14,nx3TpDSpvSq0zzWCzbcxt1b7kao=,xRZ4p/YM3W6WeQRFvPtqjLGY1lo=
-21,14,JJGN70CQU79HLcsOjyWMNjfyOb0=,44goEiqF9EsPj3zMo4b1EVo7hqk=
-20,13,nx3TpDSpvSq0zzWCzbcxt1b7kao=,A55x0f2uGKG3cmzc0lKkew9lRpM=
-21,13,JJGN70CQU79HLcsOjyWMNjfyOb0=,GUAkXH14ZzjHCiL312XVHogUauo=
-22,14,JJGN70CQU79HLcsOjyWMNjfyOb0=,44goEiqF9EsPj3zMo4b1EVo7hqk=
-23,14,JJGN70CQU79HLcsOjyWMNjfyOb0=,1p7TmdUk2fUsSq3BTXr+1E4bz1s=
-23,13,JJGN70CQU79HLcsOjyWMNjfyOb0=,1p7TmdUk2fUsSq3BTXr+1E4bz1s=
-22,13,JJGN70CQU79HLcsOjyWMNjfyOb0=,GUAkXH14ZzjHCiL312XVHogUauo=
-24,14,eWtt93vsctyBfDCRy27bQuPohpo=,1p7TmdUk2fUsSq3BTXr+1E4bz1s=
-25,14,eWtt93vsctyBfDCRy27bQuPohpo=,BttxbyEtiY7LDQxiuB4x0dSgcGE=
-25,13,eWtt93vsctyBfDCRy27bQuPohpo=,Fv2hDPtQvrT9+RDQH3mmk16fkG0=
-24,13,eWtt93vsctyBfDCRy27bQuPohpo=,1p7TmdUk2fUsSq3BTXr+1E4bz1s=
-24,12,iLLjk/piVl6mUAih7r/bEVXJuQE=,1p7TmdUk2fUsSq3BTXr+1E4bz1s=
-24,11,iLLjk/piVl6mUAih7r/bEVXJuQE=,e55CCLMRzL762HM0LUiytwdlcDI=
-25,11,iLLjk/piVl6mUAih7r/bEVXJuQE=,zr61Db4964uU3A2COD/KrzvKG9E=
-25,12,iLLjk/piVl6mUAih7r/bEVXJuQE=,Fv2hDPtQvrT9+RDQH3mmk16fkG0=
-24,10,6noXic86FjNaM888VKjd/3tHLFI=,e55CCLMRzL762HM0LUiytwdlcDI=
-24,9,6noXic86FjNaM888VKjd/3tHLFI=,hiVmXlt8vi1PY3pcHxnqLsLZ+6k=
-25,9,6noXic86FjNaM888VKjd/3tHLFI=,J7Q000ay7Wpr1fBmgUT1qEQy4hw=
-25,10,oSBFa8nXMHnC8PeFxTMI642I2RI=,zr61Db4964uU3A2COD/KrzvKG9E=
-22,12,l7vZNXmwAeR1ipl5UpN0RWHKf6k=,GUAkXH14ZzjHCiL312XVHogUauo=
-22,10,l7vZNXmwAeR1ipl5UpN0RWHKf6k=,hVRgUIWt4nh2fKsdEn2PPW2nQlY=
-23,10,l7vZNXmwAeR1ipl5UpN0RWHKf6k=,e55CCLMRzL762HM0LUiytwdlcDI=
-22,11,l7vZNXmwAeR1ipl5UpN0RWHKf6k=,hVRgUIWt4nh2fKsdEn2PPW2nQlY=
-23,9,l7vZNXmwAeR1ipl5UpN0RWHKf6k=,hiVmXlt8vi1PY3pcHxnqLsLZ+6k=
-23,11,l7vZNXmwAeR1ipl5UpN0RWHKf6k=,e55CCLMRzL762HM0LUiytwdlcDI=
-23,12,l7vZNXmwAeR1ipl5UpN0RWHKf6k=,1p7TmdUk2fUsSq3BTXr+1E4bz1s=
-22,9,l7vZNXmwAeR1ipl5UpN0RWHKf6k=,aQj5CAdSaJSulh22ZpRnfFJE0+8=
-20,10,nx3TpDSpvSq0zzWCzbcxt1b7kao=,Qh0LwiIFr+ax29E93tE/8t2k4fA=
-20,12,nx3TpDSpvSq0zzWCzbcxt1b7kao=,A55x0f2uGKG3cmzc0lKkew9lRpM=
-21,10,J7pYNlhqiM0K2LDAVIR9TBM6YHI=,hVRgUIWt4nh2fKsdEn2PPW2nQlY=
-21,12,J7pYNlhqiM0K2LDAVIR9TBM6YHI=,GUAkXH14ZzjHCiL312XVHogUauo=
-20,9,nx3TpDSpvSq0zzWCzbcxt1b7kao=,Qh0LwiIFr+ax29E93tE/8t2k4fA=
-21,11,J7pYNlhqiM0K2LDAVIR9TBM6YHI=,hVRgUIWt4nh2fKsdEn2PPW2nQlY=
-20,11,nx3TpDSpvSq0zzWCzbcxt1b7kao=,Qh0LwiIFr+ax29E93tE/8t2k4fA=
-21,9,J7pYNlhqiM0K2LDAVIR9TBM6YHI=,aQj5CAdSaJSulh22ZpRnfFJE0+8=
-19,8,nx3TpDSpvSq0zzWCzbcxt1b7kao=,Qh0LwiIFr+ax29E93tE/8t2k4fA=
-18,7,5H0BmgApGwXy/O3l+zbDmDZ1yEs=,3RNE+IPzGDI4INf6dguJa89x0g8=
-18,8,nx3TpDSpvSq0zzWCzbcxt1b7kao=,7TeMQjRQswbrtCcEpn1u/LIQFdk=
-19,7,5H0BmgApGwXy/O3l+zbDmDZ1yEs=,j8b3DniYrjhiL39VSA/qwuNSGvU=
-18,12,wV0FQFcx5YPzCfoh7QJtrUlob3U=,A55x0f2uGKG3cmzc0lKkew9lRpM=
-19,10,wV0FQFcx5YPzCfoh7QJtrUlob3U=,Qh0LwiIFr+ax29E93tE/8t2k4fA=
-18,10,wV0FQFcx5YPzCfoh7QJtrUlob3U=,Qh0LwiIFr+ax29E93tE/8t2k4fA=
-19,12,nx3TpDSpvSq0zzWCzbcxt1b7kao=,A55x0f2uGKG3cmzc0lKkew9lRpM=
-18,9,wV0FQFcx5YPzCfoh7QJtrUlob3U=,7TeMQjRQswbrtCcEpn1u/LIQFdk=
-18,11,wV0FQFcx5YPzCfoh7QJtrUlob3U=,Qh0LwiIFr+ax29E93tE/8t2k4fA=
-19,11,nx3TpDSpvSq0zzWCzbcxt1b7kao=,Qh0LwiIFr+ax29E93tE/8t2k4fA=
-19,9,wV0FQFcx5YPzCfoh7QJtrUlob3U=,Qh0LwiIFr+ax29E93tE/8t2k4fA=
-18,6,i8xj8JL59nFPumpCQh5+5nbYDmM=,3RNE+IPzGDI4INf6dguJa89x0g8=
-19,6,i8xj8JL59nFPumpCQh5+5nbYDmM=,j8b3DniYrjhiL39VSA/qwuNSGvU=
-18,5,L8TovL9/O++IVZf8NyUb88SPtEk=,cxJPAsKSrYtrZUP76f7/VJP580I=
-19,5,L8TovL9/O++IVZf8NyUb88SPtEk=,AzKCK1/J02L0T/XkcchzyilE+PA=
-19,4,L8TovL9/O++IVZf8NyUb88SPtEk=,AzKCK1/J02L0T/XkcchzyilE+PA=
-19,3,L8TovL9/O++IVZf8NyUb88SPtEk=,es62i1R/D1Rqy2GI9XnBDqAeoa0=
-18,3,j8ByhzeED7bjARIzm2pHWgbRCXE=,kLIA4BuBuKVhot4tkIbe5fDt5X8=
-18,4,L8TovL9/O++IVZf8NyUb88SPtEk=,cxJPAsKSrYtrZUP76f7/VJP580I=
-20,1,e8FFYE+gxNVE70N6X9FlN5dbc6g=,p1z0Sj1nfQGyFlPOCzmVm09XM+E=
-21,2,e8FFYE+gxNVE70N6X9FlN5dbc6g=,AzKCK1/J02L0T/XkcchzyilE+PA=
-20,2,e8FFYE+gxNVE70N6X9FlN5dbc6g=,es62i1R/D1Rqy2GI9XnBDqAeoa0=
-21,1,e8FFYE+gxNVE70N6X9FlN5dbc6g=,AzKCK1/J02L0T/XkcchzyilE+PA=
-18,2,j8ByhzeED7bjARIzm2pHWgbRCXE=,kLIA4BuBuKVhot4tkIbe5fDt5X8=
-19,1,e8FFYE+gxNVE70N6X9FlN5dbc6g=,p1z0Sj1nfQGyFlPOCzmVm09XM+E=
-19,2,e8FFYE+gxNVE70N6X9FlN5dbc6g=,es62i1R/D1Rqy2GI9XnBDqAeoa0=
-18,1,e8FFYE+gxNVE70N6X9FlN5dbc6g=,hlNpWqGYQDVXekm6NBqE8qDl2cs=
-22,2,e8FFYE+gxNVE70N6X9FlN5dbc6g=,AzKCK1/J02L0T/XkcchzyilE+PA=
-23,2,e8FFYE+gxNVE70N6X9FlN5dbc6g=,CHcm8VNwxh2Mdl0Db5cjAfcS3l4=
-22,1,e8FFYE+gxNVE70N6X9FlN5dbc6g=,AzKCK1/J02L0T/XkcchzyilE+PA=
-23,1,l2aTNXYh7Emm/LJ9KJEFFXgu82Y=,yWKBxQgYlkwKOcZw+EY7qQlDLgI=
-25,1,FKhI8CrAIxw4PzOwzNPp8zx+A3E=,k25uqlGlp0UHr++7luKBjakLxzw=
-24,2,Ra1e1M4PIxETfwvg7/urZmMWCwo=,CHcm8VNwxh2Mdl0Db5cjAfcS3l4=
-25,2,Ra1e1M4PIxETfwvg7/urZmMWCwo=,8sbey8eM1itlZrIb3vkx5ddbchc=
-24,1,l2aTNXYh7Emm/LJ9KJEFFXgu82Y=,yWKBxQgYlkwKOcZw+EY7qQlDLgI=
-25,4,FnzDosoacvhR5IX5tNXTb/kcESI=,kcyT1VFLfHgCqGvYsSfuHbOP3Y4=
-24,4,FnzDosoacvhR5IX5tNXTb/kcESI=,CHcm8VNwxh2Mdl0Db5cjAfcS3l4=
-24,3,FnzDosoacvhR5IX5tNXTb/kcESI=,CHcm8VNwxh2Mdl0Db5cjAfcS3l4=
-25,3,FnzDosoacvhR5IX5tNXTb/kcESI=,8sbey8eM1itlZrIb3vkx5ddbchc=
-17,14,OXhwtDjj6/OvM560uDOjf4lpcyw=,k2gTGzlS+ztuspr2jOS+5BLgjh0=
-17,13,nx3TpDSpvSq0zzWCzbcxt1b7kao=,A55x0f2uGKG3cmzc0lKkew9lRpM=
-18,15,OXhwtDjj6/OvM560uDOjf4lpcyw=,k2gTGzlS+ztuspr2jOS+5BLgjh0=
-19,15,nx3TpDSpvSq0zzWCzbcxt1b7kao=,xRZ4p/YM3W6WeQRFvPtqjLGY1lo=
-21,15,/MkrDTZIn3L/IcojSIJVnGaohMU=,44goEiqF9EsPj3zMo4b1EVo7hqk=
-20,15,nx3TpDSpvSq0zzWCzbcxt1b7kao=,xRZ4p/YM3W6WeQRFvPtqjLGY1lo=
-23,15,/MkrDTZIn3L/IcojSIJVnGaohMU=,1p7TmdUk2fUsSq3BTXr+1E4bz1s=
-22,15,/MkrDTZIn3L/IcojSIJVnGaohMU=,44goEiqF9EsPj3zMo4b1EVo7hqk=
-24,15,/MkrDTZIn3L/IcojSIJVnGaohMU=,1p7TmdUk2fUsSq3BTXr+1E4bz1s=
-25,15,/MkrDTZIn3L/IcojSIJVnGaohMU=,BttxbyEtiY7LDQxiuB4x0dSgcGE=
-17,4,L8TovL9/O++IVZf8NyUb88SPtEk=,cxJPAsKSrYtrZUP76f7/VJP580I=
-17,3,j8ByhzeED7bjARIzm2pHWgbRCXE=,kLIA4BuBuKVhot4tkIbe5fDt5X8=
-17,6,sK0JwxdbJhVPgyj42mnooCHuz7I=,3RNE+IPzGDI4INf6dguJa89x0g8=
-17,5,L8TovL9/O++IVZf8NyUb88SPtEk=,cxJPAsKSrYtrZUP76f7/VJP580I=
-17,8,nx3TpDSpvSq0zzWCzbcxt1b7kao=,7TeMQjRQswbrtCcEpn1u/LIQFdk=
-17,7,5J1esve6QSX8EgplbfGClnUrNC8=,3RNE+IPzGDI4INf6dguJa89x0g8=
-17,9,nx3TpDSpvSq0zzWCzbcxt1b7kao=,7TeMQjRQswbrtCcEpn1u/LIQFdk=
-17,12,nx3TpDSpvSq0zzWCzbcxt1b7kao=,A55x0f2uGKG3cmzc0lKkew9lRpM=
-17,10,nx3TpDSpvSq0zzWCzbcxt1b7kao=,Qh0LwiIFr+ax29E93tE/8t2k4fA=
-17,11,nx3TpDSpvSq0zzWCzbcxt1b7kao=,Qh0LwiIFr+ax29E93tE/8t2k4fA=
-24,8,5J1esve6QSX8EgplbfGClnUrNC8=,hiVmXlt8vi1PY3pcHxnqLsLZ+6k=
-17,2,j8ByhzeED7bjARIzm2pHWgbRCXE=,kLIA4BuBuKVhot4tkIbe5fDt5X8=
-25,6,L8TovL9/O++IVZf8NyUb88SPtEk=,kcyT1VFLfHgCqGvYsSfuHbOP3Y4=
-17,1,e8FFYE+gxNVE70N6X9FlN5dbc6g=,hlNpWqGYQDVXekm6NBqE8qDl2cs=
-24,6,L8TovL9/O++IVZf8NyUb88SPtEk=,CV/qMNa7FBDTnlwMa7EGKWR/nwU=
-25,8,5J1esve6QSX8EgplbfGClnUrNC8=,J7Q000ay7Wpr1fBmgUT1qEQy4hw=
-24,7,L8TovL9/O++IVZf8NyUb88SPtEk=,CV/qMNa7FBDTnlwMa7EGKWR/nwU=
-25,5,L8TovL9/O++IVZf8NyUb88SPtEk=,kcyT1VFLfHgCqGvYsSfuHbOP3Y4=
-25,7,L8TovL9/O++IVZf8NyUb88SPtEk=,kcyT1VFLfHgCqGvYsSfuHbOP3Y4=
-24,5,L8TovL9/O++IVZf8NyUb88SPtEk=,CHcm8VNwxh2Mdl0Db5cjAfcS3l4=
-20,8,nx3TpDSpvSq0zzWCzbcxt1b7kao=,Qh0LwiIFr+ax29E93tE/8t2k4fA=
-23,8,5J1esve6QSX8EgplbfGClnUrNC8=,hiVmXlt8vi1PY3pcHxnqLsLZ+6k=
-19,0,e8FFYE+gxNVE70N6X9FlN5dbc6g=,p1z0Sj1nfQGyFlPOCzmVm09XM+E=
-22,7,L8TovL9/O++IVZf8NyUb88SPtEk=,3Uhgyi1rq0x+hlLcvjlmV2hjetU=
-20,0,L8TovL9/O++IVZf8NyUb88SPtEk=,p1z0Sj1nfQGyFlPOCzmVm09XM+E=
-18,0,e8FFYE+gxNVE70N6X9FlN5dbc6g=,hlNpWqGYQDVXekm6NBqE8qDl2cs=
-21,0,L8TovL9/O++IVZf8NyUb88SPtEk=,AzKCK1/J02L0T/XkcchzyilE+PA=
-21,7,L8TovL9/O++IVZf8NyUb88SPtEk=,3Uhgyi1rq0x+hlLcvjlmV2hjetU=
-22,8,TcHw43eTzLnGRMj5olUUV+IO7D4=,aQj5CAdSaJSulh22ZpRnfFJE0+8=
-22,0,L8TovL9/O++IVZf8NyUb88SPtEk=,AzKCK1/J02L0T/XkcchzyilE+PA=
-25,0,FKhI8CrAIxw4PzOwzNPp8zx+A3E=,k25uqlGlp0UHr++7luKBjakLxzw=
-23,0,ZsUwLKCuh9KYpPj73L+5yhzPxyA=,yWKBxQgYlkwKOcZw+EY7qQlDLgI=
-24,0,ZsUwLKCuh9KYpPj73L+5yhzPxyA=,yWKBxQgYlkwKOcZw+EY7qQlDLgI=
-21,8,TcHw43eTzLnGRMj5olUUV+IO7D4=,aQj5CAdSaJSulh22ZpRnfFJE0+8=
-23,7,L8TovL9/O++IVZf8NyUb88SPtEk=,CV/qMNa7FBDTnlwMa7EGKWR/nwU=
-20,7,TcHw43eTzLnGRMj5olUUV+IO7D4=,j8b3DniYrjhiL39VSA/qwuNSGvU=
-22,4,FnzDosoacvhR5IX5tNXTb/kcESI=,CHcm8VNwxh2Mdl0Db5cjAfcS3l4=
-20,6,TcHw43eTzLnGRMj5olUUV+IO7D4=,j8b3DniYrjhiL39VSA/qwuNSGvU=
-21,4,FnzDosoacvhR5IX5tNXTb/kcESI=,CHcm8VNwxh2Mdl0Db5cjAfcS3l4=
-22,6,L8TovL9/O++IVZf8NyUb88SPtEk=,3Uhgyi1rq0x+hlLcvjlmV2hjetU=
-22,5,L8TovL9/O++IVZf8NyUb88SPtEk=,CHcm8VNwxh2Mdl0Db5cjAfcS3l4=
-21,6,L8TovL9/O++IVZf8NyUb88SPtEk=,3Uhgyi1rq0x+hlLcvjlmV2hjetU=
-20,4,FnzDosoacvhR5IX5tNXTb/kcESI=,AzKCK1/J02L0T/XkcchzyilE+PA=
-23,6,L8TovL9/O++IVZf8NyUb88SPtEk=,CV/qMNa7FBDTnlwMa7EGKWR/nwU=
-23,4,FnzDosoacvhR5IX5tNXTb/kcESI=,CHcm8VNwxh2Mdl0Db5cjAfcS3l4=
-21,5,L8TovL9/O++IVZf8NyUb88SPtEk=,CHcm8VNwxh2Mdl0Db5cjAfcS3l4=
-22,3,FnzDosoacvhR5IX5tNXTb/kcESI=,AzKCK1/J02L0T/XkcchzyilE+PA=
-20,3,FnzDosoacvhR5IX5tNXTb/kcESI=,es62i1R/D1Rqy2GI9XnBDqAeoa0=
-20,5,L8TovL9/O++IVZf8NyUb88SPtEk=,AzKCK1/J02L0T/XkcchzyilE+PA=
-21,3,FnzDosoacvhR5IX5tNXTb/kcESI=,AzKCK1/J02L0T/XkcchzyilE+PA=
-23,3,FnzDosoacvhR5IX5tNXTb/kcESI=,CHcm8VNwxh2Mdl0Db5cjAfcS3l4=
-23,5,L8TovL9/O++IVZf8NyUb88SPtEk=,CHcm8VNwxh2Mdl0Db5cjAfcS3l4=
-26,5,L8TovL9/O++IVZf8NyUb88SPtEk=,kcyT1VFLfHgCqGvYsSfuHbOP3Y4=
-27,5,L8TovL9/O++IVZf8NyUb88SPtEk=,EwVsq9YRfTnb5jvuL92/uehmT0o=
-27,6,L8TovL9/O++IVZf8NyUb88SPtEk=,EwVsq9YRfTnb5jvuL92/uehmT0o=
-26,6,L8TovL9/O++IVZf8NyUb88SPtEk=,kcyT1VFLfHgCqGvYsSfuHbOP3Y4=
-27,1,l2aTNXYh7Emm/LJ9KJEFFXgu82Y=,/2yIfUX+C3WWO268cqI4J5EALAs=
-26,4,FnzDosoacvhR5IX5tNXTb/kcESI=,kcyT1VFLfHgCqGvYsSfuHbOP3Y4=
-26,2,Ra1e1M4PIxETfwvg7/urZmMWCwo=,8sbey8eM1itlZrIb3vkx5ddbchc=
-27,4,FnzDosoacvhR5IX5tNXTb/kcESI=,EwVsq9YRfTnb5jvuL92/uehmT0o=
-26,3,FnzDosoacvhR5IX5tNXTb/kcESI=,8sbey8eM1itlZrIb3vkx5ddbchc=
-27,2,Ra1e1M4PIxETfwvg7/urZmMWCwo=,EwVsq9YRfTnb5jvuL92/uehmT0o=
-27,3,FnzDosoacvhR5IX5tNXTb/kcESI=,EwVsq9YRfTnb5jvuL92/uehmT0o=
-26,1,FKhI8CrAIxw4PzOwzNPp8zx+A3E=,k25uqlGlp0UHr++7luKBjakLxzw=
-29,3,Ra1e1M4PIxETfwvg7/urZmMWCwo=,bHNeNj+nQIokYPuFP1SOYIOCpjA=
-29,5,L8TovL9/O++IVZf8NyUb88SPtEk=,upp8YRlkS57WEKk8yistRjNwn4E=
-29,2,Ra1e1M4PIxETfwvg7/urZmMWCwo=,bHNeNj+nQIokYPuFP1SOYIOCpjA=
-28,1,+bVuk7oZX1zAdo34oXQvaq+2+/E=,/2yIfUX+C3WWO268cqI4J5EALAs=
-29,4,Ra1e1M4PIxETfwvg7/urZmMWCwo=,upp8YRlkS57WEKk8yistRjNwn4E=
-28,6,L8TovL9/O++IVZf8NyUb88SPtEk=,EwVsq9YRfTnb5jvuL92/uehmT0o=
-29,6,L8TovL9/O++IVZf8NyUb88SPtEk=,upp8YRlkS57WEKk8yistRjNwn4E=
-29,1,Q6P+tFtppLFRCbKOgDxL/N1aHzY=,aXVOIyIx1HnAm6ym60W0sf48JQY=
-28,2,Ra1e1M4PIxETfwvg7/urZmMWCwo=,EwVsq9YRfTnb5jvuL92/uehmT0o=
-28,4,Ra1e1M4PIxETfwvg7/urZmMWCwo=,EwVsq9YRfTnb5jvuL92/uehmT0o=
-31,5,Ra1e1M4PIxETfwvg7/urZmMWCwo=,Afj4E45nxZNy6iGf1W0B7csEyAY=
-31,6,Ra1e1M4PIxETfwvg7/urZmMWCwo=,upp8YRlkS57WEKk8yistRjNwn4E=
-30,5,Ra1e1M4PIxETfwvg7/urZmMWCwo=,upp8YRlkS57WEKk8yistRjNwn4E=
-28,5,L8TovL9/O++IVZf8NyUb88SPtEk=,EwVsq9YRfTnb5jvuL92/uehmT0o=
-30,6,Ra1e1M4PIxETfwvg7/urZmMWCwo=,upp8YRlkS57WEKk8yistRjNwn4E=
-28,3,Ra1e1M4PIxETfwvg7/urZmMWCwo=,EwVsq9YRfTnb5jvuL92/uehmT0o=
-32,5,L8TovL9/O++IVZf8NyUb88SPtEk=,Afj4E45nxZNy6iGf1W0B7csEyAY=
-32,6,L8TovL9/O++IVZf8NyUb88SPtEk=,upp8YRlkS57WEKk8yistRjNwn4E=
-26,13,cbEGjqtagViYHh3tH2sLEW0EcCo=,Fv2hDPtQvrT9+RDQH3mmk16fkG0=
-26,14,cbEGjqtagViYHh3tH2sLEW0EcCo=,BttxbyEtiY7LDQxiuB4x0dSgcGE=
-26,11,cbEGjqtagViYHh3tH2sLEW0EcCo=,zr61Db4964uU3A2COD/KrzvKG9E=
-27,12,cbEGjqtagViYHh3tH2sLEW0EcCo=,CEVCTHJgyuUrNhAvVQfThN0kUco=
-27,13,cbEGjqtagViYHh3tH2sLEW0EcCo=,CEVCTHJgyuUrNhAvVQfThN0kUco=
-26,12,cbEGjqtagViYHh3tH2sLEW0EcCo=,Fv2hDPtQvrT9+RDQH3mmk16fkG0=
-27,7,L8TovL9/O++IVZf8NyUb88SPtEk=,EwVsq9YRfTnb5jvuL92/uehmT0o=
-28,0,ZsUwLKCuh9KYpPj73L+5yhzPxyA=,/2yIfUX+C3WWO268cqI4J5EALAs=
-26,7,L8TovL9/O++IVZf8NyUb88SPtEk=,kcyT1VFLfHgCqGvYsSfuHbOP3Y4=
-26,9,cbEGjqtagViYHh3tH2sLEW0EcCo=,J7Q000ay7Wpr1fBmgUT1qEQy4hw=
-26,10,cbEGjqtagViYHh3tH2sLEW0EcCo=,zr61Db4964uU3A2COD/KrzvKG9E=
-26,8,cbEGjqtagViYHh3tH2sLEW0EcCo=,J7Q000ay7Wpr1fBmgUT1qEQy4hw=
-29,7,L8TovL9/O++IVZf8NyUb88SPtEk=,upp8YRlkS57WEKk8yistRjNwn4E=
-28,7,L8TovL9/O++IVZf8NyUb88SPtEk=,EwVsq9YRfTnb5jvuL92/uehmT0o=
-28,13,cbEGjqtagViYHh3tH2sLEW0EcCo=,CEVCTHJgyuUrNhAvVQfThN0kUco=
-28,12,cbEGjqtagViYHh3tH2sLEW0EcCo=,CEVCTHJgyuUrNhAvVQfThN0kUco=
-29,0,Q6P+tFtppLFRCbKOgDxL/N1aHzY=,aXVOIyIx1HnAm6ym60W0sf48JQY=
-26,0,FKhI8CrAIxw4PzOwzNPp8zx+A3E=,k25uqlGlp0UHr++7luKBjakLxzw=
-17,15,OXhwtDjj6/OvM560uDOjf4lpcyw=,k2gTGzlS+ztuspr2jOS+5BLgjh0=
-27,0,ZsUwLKCuh9KYpPj73L+5yhzPxyA=,/2yIfUX+C3WWO268cqI4J5EALAs=
-17,0,L8TovL9/O++IVZf8NyUb88SPtEk=,hlNpWqGYQDVXekm6NBqE8qDl2cs=
-32,7,L8TovL9/O++IVZf8NyUb88SPtEk=,upp8YRlkS57WEKk8yistRjNwn4E=
-31,7,L8TovL9/O++IVZf8NyUb88SPtEk=,upp8YRlkS57WEKk8yistRjNwn4E=
-30,7,L8TovL9/O++IVZf8NyUb88SPtEk=,upp8YRlkS57WEKk8yistRjNwn4E=
-26,15,cbEGjqtagViYHh3tH2sLEW0EcCo=,BttxbyEtiY7LDQxiuB4x0dSgcGE=
-30,4,Ra1e1M4PIxETfwvg7/urZmMWCwo=,upp8YRlkS57WEKk8yistRjNwn4E=
-32,4,L8TovL9/O++IVZf8NyUb88SPtEk=,Afj4E45nxZNy6iGf1W0B7csEyAY=
-30,3,Ra1e1M4PIxETfwvg7/urZmMWCwo=,bHNeNj+nQIokYPuFP1SOYIOCpjA=
-32,3,L8TovL9/O++IVZf8NyUb88SPtEk=,Afj4E45nxZNy6iGf1W0B7csEyAY=
-31,4,Ra1e1M4PIxETfwvg7/urZmMWCwo=,Afj4E45nxZNy6iGf1W0B7csEyAY=
-31,3,Ra1e1M4PIxETfwvg7/urZmMWCwo=,Afj4E45nxZNy6iGf1W0B7csEyAY=
-30,1,Q6P+tFtppLFRCbKOgDxL/N1aHzY=,aXVOIyIx1HnAm6ym60W0sf48JQY=
-30,2,Ra1e1M4PIxETfwvg7/urZmMWCwo=,bHNeNj+nQIokYPuFP1SOYIOCpjA=
-32,0,hBxsq/o7yJMErpmUWqsCNXt02As=,Kt65E+jNPxcTn8L45bK50bk2Td8=
-30,0,Q6P+tFtppLFRCbKOgDxL/N1aHzY=,aXVOIyIx1HnAm6ym60W0sf48JQY=
-32,1,hBxsq/o7yJMErpmUWqsCNXt02As=,Kt65E+jNPxcTn8L45bK50bk2Td8=
-31,1,hBxsq/o7yJMErpmUWqsCNXt02As=,Kt65E+jNPxcTn8L45bK50bk2Td8=
-31,2,Ra1e1M4PIxETfwvg7/urZmMWCwo=,Afj4E45nxZNy6iGf1W0B7csEyAY=
-31,0,hBxsq/o7yJMErpmUWqsCNXt02As=,Kt65E+jNPxcTn8L45bK50bk2Td8=
-32,2,Ra1e1M4PIxETfwvg7/urZmMWCwo=,Afj4E45nxZNy6iGf1W0B7csEyAY=
-22,17,NtnabsxkKtqXNyIaqUsnJgpUm20=,DwnCybJbIReJxxoG/m7H297BEmE=
-23,16,NtnabsxkKtqXNyIaqUsnJgpUm20=,xuc7CAJWNysAUjNK5CjD9vm4X40=
-23,17,NtnabsxkKtqXNyIaqUsnJgpUm20=,xuc7CAJWNysAUjNK5CjD9vm4X40=
-22,16,NtnabsxkKtqXNyIaqUsnJgpUm20=,DwnCybJbIReJxxoG/m7H297BEmE=
-25,17,NtnabsxkKtqXNyIaqUsnJgpUm20=,bVQUqGIfrAK0c8wgpiIqEaudRnQ=
-24,17,NtnabsxkKtqXNyIaqUsnJgpUm20=,xuc7CAJWNysAUjNK5CjD9vm4X40=
-25,16,NtnabsxkKtqXNyIaqUsnJgpUm20=,bVQUqGIfrAK0c8wgpiIqEaudRnQ=
-20,17,nx3TpDSpvSq0zzWCzbcxt1b7kao=,7TeMQjRQswbrtCcEpn1u/LIQFdk=
-24,16,NtnabsxkKtqXNyIaqUsnJgpUm20=,xuc7CAJWNysAUjNK5CjD9vm4X40=
-21,17,NtnabsxkKtqXNyIaqUsnJgpUm20=,DwnCybJbIReJxxoG/m7H297BEmE=
-18,17,nx3TpDSpvSq0zzWCzbcxt1b7kao=,wMd+KhoqkxzDBpYKAONV1xNAZlg=
-19,17,nx3TpDSpvSq0zzWCzbcxt1b7kao=,7TeMQjRQswbrtCcEpn1u/LIQFdk=
-21,16,NtnabsxkKtqXNyIaqUsnJgpUm20=,DwnCybJbIReJxxoG/m7H297BEmE=
-20,16,nx3TpDSpvSq0zzWCzbcxt1b7kao=,7TeMQjRQswbrtCcEpn1u/LIQFdk=
-24,20,NtnabsxkKtqXNyIaqUsnJgpUm20=,CEVCTHJgyuUrNhAvVQfThN0kUco=
-18,16,nx3TpDSpvSq0zzWCzbcxt1b7kao=,wMd+KhoqkxzDBpYKAONV1xNAZlg=
-17,17,nx3TpDSpvSq0zzWCzbcxt1b7kao=,wMd+KhoqkxzDBpYKAONV1xNAZlg=
-23,20,NtnabsxkKtqXNyIaqUsnJgpUm20=,CEVCTHJgyuUrNhAvVQfThN0kUco=
-19,16,nx3TpDSpvSq0zzWCzbcxt1b7kao=,7TeMQjRQswbrtCcEpn1u/LIQFdk=
-24,21,NtnabsxkKtqXNyIaqUsnJgpUm20=,CEVCTHJgyuUrNhAvVQfThN0kUco=
-23,30,NtnabsxkKtqXNyIaqUsnJgpUm20=,ThbXyLPkd1w0aEPB5AkHVz07C9s=
-17,16,nx3TpDSpvSq0zzWCzbcxt1b7kao=,wMd+KhoqkxzDBpYKAONV1xNAZlg=
-19,28,NtnabsxkKtqXNyIaqUsnJgpUm20=,zVOIXaQKy7CYXDk5LUQd4d4rbUw=
-23,31,NtnabsxkKtqXNyIaqUsnJgpUm20=,ThbXyLPkd1w0aEPB5AkHVz07C9s=
-24,31,NtnabsxkKtqXNyIaqUsnJgpUm20=,ThbXyLPkd1w0aEPB5AkHVz07C9s=
-23,21,NtnabsxkKtqXNyIaqUsnJgpUm20=,CEVCTHJgyuUrNhAvVQfThN0kUco=
-20,21,NtnabsxkKtqXNyIaqUsnJgpUm20=,CEVCTHJgyuUrNhAvVQfThN0kUco=
-20,20,NtnabsxkKtqXNyIaqUsnJgpUm20=,CEVCTHJgyuUrNhAvVQfThN0kUco=
-19,21,NtnabsxkKtqXNyIaqUsnJgpUm20=,CEVCTHJgyuUrNhAvVQfThN0kUco=
-19,20,NtnabsxkKtqXNyIaqUsnJgpUm20=,CEVCTHJgyuUrNhAvVQfThN0kUco=
-27,31,NtnabsxkKtqXNyIaqUsnJgpUm20=,ThbXyLPkd1w0aEPB5AkHVz07C9s=
-28,30,NtnabsxkKtqXNyIaqUsnJgpUm20=,ThbXyLPkd1w0aEPB5AkHVz07C9s=
-28,31,NtnabsxkKtqXNyIaqUsnJgpUm20=,ThbXyLPkd1w0aEPB5AkHVz07C9s=
-24,30,NtnabsxkKtqXNyIaqUsnJgpUm20=,ThbXyLPkd1w0aEPB5AkHVz07C9s=
-27,30,NtnabsxkKtqXNyIaqUsnJgpUm20=,ThbXyLPkd1w0aEPB5AkHVz07C9s=
-20,28,NtnabsxkKtqXNyIaqUsnJgpUm20=,zVOIXaQKy7CYXDk5LUQd4d4rbUw=
-23,27,NtnabsxkKtqXNyIaqUsnJgpUm20=,zVOIXaQKy7CYXDk5LUQd4d4rbUw=
-24,27,NtnabsxkKtqXNyIaqUsnJgpUm20=,zVOIXaQKy7CYXDk5LUQd4d4rbUw=
-31,30,NtnabsxkKtqXNyIaqUsnJgpUm20=,ThbXyLPkd1w0aEPB5AkHVz07C9s=
-32,30,NtnabsxkKtqXNyIaqUsnJgpUm20=,ThbXyLPkd1w0aEPB5AkHVz07C9s=
-32,31,NtnabsxkKtqXNyIaqUsnJgpUm20=,ThbXyLPkd1w0aEPB5AkHVz07C9s=
-31,31,NtnabsxkKtqXNyIaqUsnJgpUm20=,ThbXyLPkd1w0aEPB5AkHVz07C9s=
-26,17,NtnabsxkKtqXNyIaqUsnJgpUm20=,bVQUqGIfrAK0c8wgpiIqEaudRnQ=
-20,29,NtnabsxkKtqXNyIaqUsnJgpUm20=,zVOIXaQKy7CYXDk5LUQd4d4rbUw=
-19,29,NtnabsxkKtqXNyIaqUsnJgpUm20=,zVOIXaQKy7CYXDk5LUQd4d4rbUw=
-30,26,NtnabsxkKtqXNyIaqUsnJgpUm20=,zVOIXaQKy7CYXDk5LUQd4d4rbUw=
-29,26,NtnabsxkKtqXNyIaqUsnJgpUm20=,zVOIXaQKy7CYXDk5LUQd4d4rbUw=
-29,27,NtnabsxkKtqXNyIaqUsnJgpUm20=,zVOIXaQKy7CYXDk5LUQd4d4rbUw=
-30,27,NtnabsxkKtqXNyIaqUsnJgpUm20=,zVOIXaQKy7CYXDk5LUQd4d4rbUw=
-26,16,NtnabsxkKtqXNyIaqUsnJgpUm20=,bVQUqGIfrAK0c8wgpiIqEaudRnQ=
-24,26,NtnabsxkKtqXNyIaqUsnJgpUm20=,zVOIXaQKy7CYXDk5LUQd4d4rbUw=
-23,26,NtnabsxkKtqXNyIaqUsnJgpUm20=,zVOIXaQKy7CYXDk5LUQd4d4rbUw=
-30,16,NtnabsxkKtqXNyIaqUsnJgpUm20=,CEVCTHJgyuUrNhAvVQfThN0kUco=
-29,17,NtnabsxkKtqXNyIaqUsnJgpUm20=,CEVCTHJgyuUrNhAvVQfThN0kUco=
-29,16,NtnabsxkKtqXNyIaqUsnJgpUm20=,CEVCTHJgyuUrNhAvVQfThN0kUco=
-30,17,NtnabsxkKtqXNyIaqUsnJgpUm20=,CEVCTHJgyuUrNhAvVQfThN0kUco=
-29,21,NtnabsxkKtqXNyIaqUsnJgpUm20=,CEVCTHJgyuUrNhAvVQfThN0kUco=
-30,21,NtnabsxkKtqXNyIaqUsnJgpUm20=,CEVCTHJgyuUrNhAvVQfThN0kUco=
-30,20,NtnabsxkKtqXNyIaqUsnJgpUm20=,CEVCTHJgyuUrNhAvVQfThN0kUco=
-29,20,NtnabsxkKtqXNyIaqUsnJgpUm20=,CEVCTHJgyuUrNhAvVQfThN0kUco=
-2,30,MbJ4TKSSSEPM87cQfBDELys6Chw=,ThbXyLPkd1w0aEPB5AkHVz07C9s=
-4,28,MbJ4TKSSSEPM87cQfBDELys6Chw=,EiMZ9OV7yastxZZQ9cTuPFOMm/0=
-5,28,MbJ4TKSSSEPM87cQfBDELys6Chw=,TRfayzzo00xSzSUFJU418/cuT2g=
-5,27,MbJ4TKSSSEPM87cQfBDELys6Chw=,BDf2XYJuy2G4VsOK2xPYtouL1ig=
-2,29,MbJ4TKSSSEPM87cQfBDELys6Chw=,lCMec8pIO97Dxfp4gmdn7J0/uFQ=
-3,30,MbJ4TKSSSEPM87cQfBDELys6Chw=,MT2UAy3blpS13HGYgwKhG6ykbq4=
-4,27,MbJ4TKSSSEPM87cQfBDELys6Chw=,ThbXyLPkd1w0aEPB5AkHVz07C9s=
-3,29,MbJ4TKSSSEPM87cQfBDELys6Chw=,EiMZ9OV7yastxZZQ9cTuPFOMm/0=
-5,25,spT4cxfH/Lli0LD+wh8qgZf8V78=,fg7UtCCFzxYQdFkfW1CAUBsrCQg=
-5,26,spT4cxfH/Lli0LD+wh8qgZf8V78=,BDf2XYJuy2G4VsOK2xPYtouL1ig=
-4,26,spT4cxfH/Lli0LD+wh8qgZf8V78=,ThbXyLPkd1w0aEPB5AkHVz07C9s=
-4,25,spT4cxfH/Lli0LD+wh8qgZf8V78=,K0GcF76FCjuIy8XYtXXnRrGKDOc=
-4,24,c0NzmWD3C95kvpMrQRtF0BEykLI=,K0GcF76FCjuIy8XYtXXnRrGKDOc=
-4,23,+DbS1IXjWfQOGXb9t7b3xp7Ohf8=,b9EzaWO5BwbZNj2VctfXlA7rtko=
-5,24,c0NzmWD3C95kvpMrQRtF0BEykLI=,fg7UtCCFzxYQdFkfW1CAUBsrCQg=
-5,23,+DbS1IXjWfQOGXb9t7b3xp7Ohf8=,b9EzaWO5BwbZNj2VctfXlA7rtko=
-6,22,0AEmyzKObLJN9k8w9nXHX+ijqnc=,b9EzaWO5BwbZNj2VctfXlA7rtko=
-7,22,0AEmyzKObLJN9k8w9nXHX+ijqnc=,i5LNUxHV/n5nvRytnAwIHgAzjZk=
-6,21,0AEmyzKObLJN9k8w9nXHX+ijqnc=,BW5yOlxBzWF5gsqNotTvkVoTDXs=
-7,21,0AEmyzKObLJN9k8w9nXHX+ijqnc=,41J7aHfc1nA2EM1Fov/rPzYX+T0=
-4,22,+fsBuMKNGterU85njVh9lFIqddU=,b9EzaWO5BwbZNj2VctfXlA7rtko=
-4,21,nTczAzCT3kyKAaVLhjDNj0AwZtw=,7vXDcyyHEJLSYNy1NRX77n4xwWY=
-5,22,+fsBuMKNGterU85njVh9lFIqddU=,b9EzaWO5BwbZNj2VctfXlA7rtko=
-5,21,+fsBuMKNGterU85njVh9lFIqddU=,BW5yOlxBzWF5gsqNotTvkVoTDXs=
-4,20,nTczAzCT3kyKAaVLhjDNj0AwZtw=,7vXDcyyHEJLSYNy1NRX77n4xwWY=
-6,20,0AEmyzKObLJN9k8w9nXHX+ijqnc=,BW5yOlxBzWF5gsqNotTvkVoTDXs=
-4,19,nTczAzCT3kyKAaVLhjDNj0AwZtw=,3+/rAWQdN7JMS4lPArCKbzO0pHg=
-6,19,0AEmyzKObLJN9k8w9nXHX+ijqnc=,Su2ZTwFtUfoWPVn/flWAIzriFk8=
-5,20,0AEmyzKObLJN9k8w9nXHX+ijqnc=,BW5yOlxBzWF5gsqNotTvkVoTDXs=
-5,19,0AEmyzKObLJN9k8w9nXHX+ijqnc=,Su2ZTwFtUfoWPVn/flWAIzriFk8=
-7,20,0AEmyzKObLJN9k8w9nXHX+ijqnc=,41J7aHfc1nA2EM1Fov/rPzYX+T0=
-7,19,0AEmyzKObLJN9k8w9nXHX+ijqnc=,41J7aHfc1nA2EM1Fov/rPzYX+T0=
-3,22,+DbS1IXjWfQOGXb9t7b3xp7Ohf8=,b9EzaWO5BwbZNj2VctfXlA7rtko=
-2,21,nTczAzCT3kyKAaVLhjDNj0AwZtw=,BGpTDtI1cDuuZsTbjTGaOczVxQU=
-3,21,nTczAzCT3kyKAaVLhjDNj0AwZtw=,7vXDcyyHEJLSYNy1NRX77n4xwWY=
-4,18,nTczAzCT3kyKAaVLhjDNj0AwZtw=,3+/rAWQdN7JMS4lPArCKbzO0pHg=
-5,18,+DbS1IXjWfQOGXb9t7b3xp7Ohf8=,Su2ZTwFtUfoWPVn/flWAIzriFk8=
-4,17,nTczAzCT3kyKAaVLhjDNj0AwZtw=,7sdkGB7bytD5TKkcX/Tb2P5Ec9I=
-5,17,+DbS1IXjWfQOGXb9t7b3xp7Ohf8=,Su2ZTwFtUfoWPVn/flWAIzriFk8=
-1,21,nTczAzCT3kyKAaVLhjDNj0AwZtw=,BGpTDtI1cDuuZsTbjTGaOczVxQU=
-2,31,SSU69bTdrlhIg7tCnHkonPg+dzY=,ThbXyLPkd1w0aEPB5AkHVz07C9s=
-3,31,SSU69bTdrlhIg7tCnHkonPg+dzY=,MT2UAy3blpS13HGYgwKhG6ykbq4=
-5,29,SSU69bTdrlhIg7tCnHkonPg+dzY=,TRfayzzo00xSzSUFJU418/cuT2g=
-4,30,SSU69bTdrlhIg7tCnHkonPg+dzY=,MT2UAy3blpS13HGYgwKhG6ykbq4=
-1,31,SSU69bTdrlhIg7tCnHkonPg+dzY=,ThbXyLPkd1w0aEPB5AkHVz07C9s=
-3,28,SSU69bTdrlhIg7tCnHkonPg+dzY=,EiMZ9OV7yastxZZQ9cTuPFOMm/0=
-2,28,SSU69bTdrlhIg7tCnHkonPg+dzY=,lCMec8pIO97Dxfp4gmdn7J0/uFQ=
-4,29,SSU69bTdrlhIg7tCnHkonPg+dzY=,EiMZ9OV7yastxZZQ9cTuPFOMm/0=
-3,27,SSU69bTdrlhIg7tCnHkonPg+dzY=,ThbXyLPkd1w0aEPB5AkHVz07C9s=
-2,20,nTczAzCT3kyKAaVLhjDNj0AwZtw=,BGpTDtI1cDuuZsTbjTGaOczVxQU=
-1,20,nTczAzCT3kyKAaVLhjDNj0AwZtw=,BGpTDtI1cDuuZsTbjTGaOczVxQU=
-3,19,nTczAzCT3kyKAaVLhjDNj0AwZtw=,3+/rAWQdN7JMS4lPArCKbzO0pHg=
-2,19,nTczAzCT3kyKAaVLhjDNj0AwZtw=,3+/rAWQdN7JMS4lPArCKbzO0pHg=
-3,20,nTczAzCT3kyKAaVLhjDNj0AwZtw=,7vXDcyyHEJLSYNy1NRX77n4xwWY=
-1,19,nTczAzCT3kyKAaVLhjDNj0AwZtw=,3+/rAWQdN7JMS4lPArCKbzO0pHg=
-2,18,nTczAzCT3kyKAaVLhjDNj0AwZtw=,3+/rAWQdN7JMS4lPArCKbzO0pHg=
-3,18,nTczAzCT3kyKAaVLhjDNj0AwZtw=,3+/rAWQdN7JMS4lPArCKbzO0pHg=
-2,16,nTczAzCT3kyKAaVLhjDNj0AwZtw=,3+/rAWQdN7JMS4lPArCKbzO0pHg=
-1,18,nTczAzCT3kyKAaVLhjDNj0AwZtw=,3+/rAWQdN7JMS4lPArCKbzO0pHg=
-1,16,nTczAzCT3kyKAaVLhjDNj0AwZtw=,3+/rAWQdN7JMS4lPArCKbzO0pHg=
-3,16,nTczAzCT3kyKAaVLhjDNj0AwZtw=,7sdkGB7bytD5TKkcX/Tb2P5Ec9I=
-2,17,nTczAzCT3kyKAaVLhjDNj0AwZtw=,3+/rAWQdN7JMS4lPArCKbzO0pHg=
-3,17,nTczAzCT3kyKAaVLhjDNj0AwZtw=,7sdkGB7bytD5TKkcX/Tb2P5Ec9I=
-1,17,nTczAzCT3kyKAaVLhjDNj0AwZtw=,3+/rAWQdN7JMS4lPArCKbzO0pHg=
-10,17,+DbS1IXjWfQOGXb9t7b3xp7Ohf8=,i5LNUxHV/n5nvRytnAwIHgAzjZk=
-10,18,+DbS1IXjWfQOGXb9t7b3xp7Ohf8=,41J7aHfc1nA2EM1Fov/rPzYX+T0=
-11,17,AwULUyQcE/8mDK3gzPwJ/3EhDO0=,HR4VRQp/QjYDypYGamCFUsCyink=
-11,16,AwULUyQcE/8mDK3gzPwJ/3EhDO0=,HR4VRQp/QjYDypYGamCFUsCyink=
-10,16,+DbS1IXjWfQOGXb9t7b3xp7Ohf8=,i5LNUxHV/n5nvRytnAwIHgAzjZk=
-13,16,AwULUyQcE/8mDK3gzPwJ/3EhDO0=,MEvnRS+DzOkjMDaOa61QZaPGCjg=
-13,17,AwULUyQcE/8mDK3gzPwJ/3EhDO0=,MEvnRS+DzOkjMDaOa61QZaPGCjg=
-12,16,AwULUyQcE/8mDK3gzPwJ/3EhDO0=,HR4VRQp/QjYDypYGamCFUsCyink=
-12,17,AwULUyQcE/8mDK3gzPwJ/3EhDO0=,HR4VRQp/QjYDypYGamCFUsCyink=
-10,20,N4fVmVGImhwTOdt3Ocb38SyPV5A=,41J7aHfc1nA2EM1Fov/rPzYX+T0=
-8,22,N4fVmVGImhwTOdt3Ocb38SyPV5A=,i5LNUxHV/n5nvRytnAwIHgAzjZk=
-9,21,N4fVmVGImhwTOdt3Ocb38SyPV5A=,41J7aHfc1nA2EM1Fov/rPzYX+T0=
-15,16,nx3TpDSpvSq0zzWCzbcxt1b7kao=,wMd+KhoqkxzDBpYKAONV1xNAZlg=
-15,17,nx3TpDSpvSq0zzWCzbcxt1b7kao=,wMd+KhoqkxzDBpYKAONV1xNAZlg=
-9,22,N4fVmVGImhwTOdt3Ocb38SyPV5A=,i5LNUxHV/n5nvRytnAwIHgAzjZk=
-10,19,N4fVmVGImhwTOdt3Ocb38SyPV5A=,41J7aHfc1nA2EM1Fov/rPzYX+T0=
-14,16,3kZiZ4DD0p2STLaT2xEber8WIEc=,MEvnRS+DzOkjMDaOa61QZaPGCjg=
-14,17,3kZiZ4DD0p2STLaT2xEber8WIEc=,MEvnRS+DzOkjMDaOa61QZaPGCjg=
-9,19,N4fVmVGImhwTOdt3Ocb38SyPV5A=,41J7aHfc1nA2EM1Fov/rPzYX+T0=
-16,17,nx3TpDSpvSq0zzWCzbcxt1b7kao=,wMd+KhoqkxzDBpYKAONV1xNAZlg=
-7,23,+DbS1IXjWfQOGXb9t7b3xp7Ohf8=,i5LNUxHV/n5nvRytnAwIHgAzjZk=
-8,20,N4fVmVGImhwTOdt3Ocb38SyPV5A=,41J7aHfc1nA2EM1Fov/rPzYX+T0=
-6,24,3kZiZ4DD0p2STLaT2xEber8WIEc=,fg7UtCCFzxYQdFkfW1CAUBsrCQg=
-9,23,+DbS1IXjWfQOGXb9t7b3xp7Ohf8=,i5LNUxHV/n5nvRytnAwIHgAzjZk=
-9,20,N4fVmVGImhwTOdt3Ocb38SyPV5A=,41J7aHfc1nA2EM1Fov/rPzYX+T0=
-6,23,+DbS1IXjWfQOGXb9t7b3xp7Ohf8=,b9EzaWO5BwbZNj2VctfXlA7rtko=
-8,23,+DbS1IXjWfQOGXb9t7b3xp7Ohf8=,i5LNUxHV/n5nvRytnAwIHgAzjZk=
-3,24,3kZiZ4DD0p2STLaT2xEber8WIEc=,K0GcF76FCjuIy8XYtXXnRrGKDOc=
-3,23,+DbS1IXjWfQOGXb9t7b3xp7Ohf8=,b9EzaWO5BwbZNj2VctfXlA7rtko=
-4,16,nTczAzCT3kyKAaVLhjDNj0AwZtw=,7sdkGB7bytD5TKkcX/Tb2P5Ec9I=
-3,26,3kZiZ4DD0p2STLaT2xEber8WIEc=,ThbXyLPkd1w0aEPB5AkHVz07C9s=
-8,21,N4fVmVGImhwTOdt3Ocb38SyPV5A=,41J7aHfc1nA2EM1Fov/rPzYX+T0=
-8,19,N4fVmVGImhwTOdt3Ocb38SyPV5A=,41J7aHfc1nA2EM1Fov/rPzYX+T0=
-5,16,+DbS1IXjWfQOGXb9t7b3xp7Ohf8=,Su2ZTwFtUfoWPVn/flWAIzriFk8=
-3,25,3kZiZ4DD0p2STLaT2xEber8WIEc=,K0GcF76FCjuIy8XYtXXnRrGKDOc=
-6,26,3kZiZ4DD0p2STLaT2xEber8WIEc=,BDf2XYJuy2G4VsOK2xPYtouL1ig=
-7,26,3kZiZ4DD0p2STLaT2xEber8WIEc=,gyXjrOiV4ePxJAWnAwDRUH0FZFE=
-6,25,3kZiZ4DD0p2STLaT2xEber8WIEc=,fg7UtCCFzxYQdFkfW1CAUBsrCQg=
-6,27,3kZiZ4DD0p2STLaT2xEber8WIEc=,BDf2XYJuy2G4VsOK2xPYtouL1ig=
-6,28,3kZiZ4DD0p2STLaT2xEber8WIEc=,TRfayzzo00xSzSUFJU418/cuT2g=
-7,27,3kZiZ4DD0p2STLaT2xEber8WIEc=,gyXjrOiV4ePxJAWnAwDRUH0FZFE=
-6,29,3kZiZ4DD0p2STLaT2xEber8WIEc=,TRfayzzo00xSzSUFJU418/cuT2g=
-9,30,3kZiZ4DD0p2STLaT2xEber8WIEc=,gyXjrOiV4ePxJAWnAwDRUH0FZFE=
-9,31,3kZiZ4DD0p2STLaT2xEber8WIEc=,gyXjrOiV4ePxJAWnAwDRUH0FZFE=
-1,30,3kZiZ4DD0p2STLaT2xEber8WIEc=,ThbXyLPkd1w0aEPB5AkHVz07C9s=
-1,29,3kZiZ4DD0p2STLaT2xEber8WIEc=,lCMec8pIO97Dxfp4gmdn7J0/uFQ=
-1,28,3kZiZ4DD0p2STLaT2xEber8WIEc=,lCMec8pIO97Dxfp4gmdn7J0/uFQ=
-10,21,N4fVmVGImhwTOdt3Ocb38SyPV5A=,41J7aHfc1nA2EM1Fov/rPzYX+T0=
-10,22,N4fVmVGImhwTOdt3Ocb38SyPV5A=,i5LNUxHV/n5nvRytnAwIHgAzjZk=
-10,23,+DbS1IXjWfQOGXb9t7b3xp7Ohf8=,i5LNUxHV/n5nvRytnAwIHgAzjZk=
-4,31,3kZiZ4DD0p2STLaT2xEber8WIEc=,MT2UAy3blpS13HGYgwKhG6ykbq4=
-8,26,3kZiZ4DD0p2STLaT2xEber8WIEc=,gyXjrOiV4ePxJAWnAwDRUH0FZFE=
-8,27,3kZiZ4DD0p2STLaT2xEber8WIEc=,gyXjrOiV4ePxJAWnAwDRUH0FZFE=
-10,31,3kZiZ4DD0p2STLaT2xEber8WIEc=,gyXjrOiV4ePxJAWnAwDRUH0FZFE=
-10,30,3kZiZ4DD0p2STLaT2xEber8WIEc=,gyXjrOiV4ePxJAWnAwDRUH0FZFE=
-14,30,3kZiZ4DD0p2STLaT2xEber8WIEc=,YqPoweWOXvagmuiescYJRRCvsQ4=
-13,30,3kZiZ4DD0p2STLaT2xEber8WIEc=,YqPoweWOXvagmuiescYJRRCvsQ4=
-14,31,3kZiZ4DD0p2STLaT2xEber8WIEc=,YqPoweWOXvagmuiescYJRRCvsQ4=
-13,31,3kZiZ4DD0p2STLaT2xEber8WIEc=,YqPoweWOXvagmuiescYJRRCvsQ4=
-13,26,3kZiZ4DD0p2STLaT2xEber8WIEc=,YqPoweWOXvagmuiescYJRRCvsQ4=
-13,27,3kZiZ4DD0p2STLaT2xEber8WIEc=,YqPoweWOXvagmuiescYJRRCvsQ4=
-13,22,3kZiZ4DD0p2STLaT2xEber8WIEc=,YqPoweWOXvagmuiescYJRRCvsQ4=
-13,23,3kZiZ4DD0p2STLaT2xEber8WIEc=,YqPoweWOXvagmuiescYJRRCvsQ4=
-14,23,3kZiZ4DD0p2STLaT2xEber8WIEc=,YqPoweWOXvagmuiescYJRRCvsQ4=
-16,16,nx3TpDSpvSq0zzWCzbcxt1b7kao=,wMd+KhoqkxzDBpYKAONV1xNAZlg=
-14,22,3kZiZ4DD0p2STLaT2xEber8WIEc=,YqPoweWOXvagmuiescYJRRCvsQ4=
-14,27,3kZiZ4DD0p2STLaT2xEber8WIEc=,YqPoweWOXvagmuiescYJRRCvsQ4=
-14,26,3kZiZ4DD0p2STLaT2xEber8WIEc=,YqPoweWOXvagmuiescYJRRCvsQ4=
-8,18,+DbS1IXjWfQOGXb9t7b3xp7Ohf8=,41J7aHfc1nA2EM1Fov/rPzYX+T0=
-7,18,+DbS1IXjWfQOGXb9t7b3xp7Ohf8=,41J7aHfc1nA2EM1Fov/rPzYX+T0=
-9,17,+DbS1IXjWfQOGXb9t7b3xp7Ohf8=,i5LNUxHV/n5nvRytnAwIHgAzjZk=
-8,16,+DbS1IXjWfQOGXb9t7b3xp7Ohf8=,Su2ZTwFtUfoWPVn/flWAIzriFk8=
-9,16,+DbS1IXjWfQOGXb9t7b3xp7Ohf8=,i5LNUxHV/n5nvRytnAwIHgAzjZk=
-6,18,+DbS1IXjWfQOGXb9t7b3xp7Ohf8=,Su2ZTwFtUfoWPVn/flWAIzriFk8=
-7,17,+DbS1IXjWfQOGXb9t7b3xp7Ohf8=,Su2ZTwFtUfoWPVn/flWAIzriFk8=
-9,18,+DbS1IXjWfQOGXb9t7b3xp7Ohf8=,41J7aHfc1nA2EM1Fov/rPzYX+T0=
-8,17,+DbS1IXjWfQOGXb9t7b3xp7Ohf8=,Su2ZTwFtUfoWPVn/flWAIzriFk8=
-7,16,+DbS1IXjWfQOGXb9t7b3xp7Ohf8=,Su2ZTwFtUfoWPVn/flWAIzriFk8=
-6,17,+DbS1IXjWfQOGXb9t7b3xp7Ohf8=,Su2ZTwFtUfoWPVn/flWAIzriFk8=
-6,16,+DbS1IXjWfQOGXb9t7b3xp7Ohf8=,Su2ZTwFtUfoWPVn/flWAIzriFk8=
-2,2,8/NeeKqkg9cvSXhiuc4RMCKqiLE=,l9w5OvUL1aAG8tnXOgfsXVOS1hY=
-2,1,t5Hufsb6vg5ZM8NJRUVHg+Hmyck=,LVlbE8EsZmnC1oqQtoyd+HnuFBY=
-3,2,KwUoAL4Epf9mI+wGx98W5F/ESrY=,MQnmXBOI1LVhlTODqYP/VZ/5hTQ=
-3,1,/UxSR6vlwgaB6uZUA0+BPLgViDI=,3pUq71ArG/ekYVNVW3/XXwFPGP4=
-6,4,rZqR1D/Rq66HAYQX56s6JAtOhnM=,aqZAMoO9nC8CUZR2RntoXTiCIxs=
-7,4,rZqR1D/Rq66HAYQX56s6JAtOhnM=,q7Px69zTgF3zsSzmTdVvx5KwMNM=
-6,3,rZqR1D/Rq66HAYQX56s6JAtOhnM=,MQnmXBOI1LVhlTODqYP/VZ/5hTQ=
-7,3,BYNAJhsUCRiDC7faABJbALuUT3c=,M6P3FLPA0mzh322nn2Q5giP7cbQ=
-4,4,rZqR1D/Rq66HAYQX56s6JAtOhnM=,a8EyB2Ky2Ooi3ORSw/bKVbv9zN4=
-5,4,rZqR1D/Rq66HAYQX56s6JAtOhnM=,aqZAMoO9nC8CUZR2RntoXTiCIxs=
-4,3,rZqR1D/Rq66HAYQX56s6JAtOhnM=,MQnmXBOI1LVhlTODqYP/VZ/5hTQ=
-5,3,rZqR1D/Rq66HAYQX56s6JAtOhnM=,MQnmXBOI1LVhlTODqYP/VZ/5hTQ=
-2,4,8/NeeKqkg9cvSXhiuc4RMCKqiLE=,SHTpSU0hN9fN2tvfv1vUyuyL5lY=
-3,4,KwUoAL4Epf9mI+wGx98W5F/ESrY=,a8EyB2Ky2Ooi3ORSw/bKVbv9zN4=
-2,3,8/NeeKqkg9cvSXhiuc4RMCKqiLE=,l9w5OvUL1aAG8tnXOgfsXVOS1hY=
-3,3,KwUoAL4Epf9mI+wGx98W5F/ESrY=,MQnmXBOI1LVhlTODqYP/VZ/5hTQ=
-2,6,KwUoAL4Epf9mI+wGx98W5F/ESrY=,MQnmXBOI1LVhlTODqYP/VZ/5hTQ=
-2,5,8/NeeKqkg9cvSXhiuc4RMCKqiLE=,SHTpSU0hN9fN2tvfv1vUyuyL5lY=
-3,6,KwUoAL4Epf9mI+wGx98W5F/ESrY=,H6p3QRmkmeQYLqXmpWA+XTbJi6w=
-3,5,KwUoAL4Epf9mI+wGx98W5F/ESrY=,a8EyB2Ky2Ooi3ORSw/bKVbv9zN4=
-3,8,Ffe669ymqkPWcNFZ2RVISUj21DI=,8CHSA3Dgad7gA5DfaW+gIZ6MJdc=
-2,8,CTD4sO4H93D7nXFinKSY7mEE4Bo=,8+Ij+NDO8kCczNCaZRBo/IWMpQg=
-2,7,KwUoAL4Epf9mI+wGx98W5F/ESrY=,MQnmXBOI1LVhlTODqYP/VZ/5hTQ=
-3,7,KwUoAL4Epf9mI+wGx98W5F/ESrY=,H6p3QRmkmeQYLqXmpWA+XTbJi6w=
-4,8,M6xfzF77JIFmyN8NJ0gPJcvWy+U=,8CHSA3Dgad7gA5DfaW+gIZ6MJdc=
-5,6,rZqR1D/Rq66HAYQX56s6JAtOhnM=,DlN/BrbRplK7cRZKCVXRoyLIsSw=
-5,7,UYFmUGZdymqSzHL0dvPfizcpZCw=,DlN/BrbRplK7cRZKCVXRoyLIsSw=
-4,6,rZqR1D/Rq66HAYQX56s6JAtOhnM=,H6p3QRmkmeQYLqXmpWA+XTbJi6w=
-4,7,UYFmUGZdymqSzHL0dvPfizcpZCw=,H6p3QRmkmeQYLqXmpWA+XTbJi6w=
-5,8,M6xfzF77JIFmyN8NJ0gPJcvWy+U=,HrtJxAe2xESEawWLCYnAGNvksM8=
-5,5,rZqR1D/Rq66HAYQX56s6JAtOhnM=,aqZAMoO9nC8CUZR2RntoXTiCIxs=
-4,5,rZqR1D/Rq66HAYQX56s6JAtOhnM=,a8EyB2Ky2Ooi3ORSw/bKVbv9zN4=
-7,8,UYFmUGZdymqSzHL0dvPfizcpZCw=,69YrVoZ0XIKxKiSWtAP9I4FpQ3M=
-6,6,kGX41Vk7ceeXe75AhWZeE7U2H7s=,DlN/BrbRplK7cRZKCVXRoyLIsSw=
-6,5,kGX41Vk7ceeXe75AhWZeE7U2H7s=,aqZAMoO9nC8CUZR2RntoXTiCIxs=
-7,6,rZqR1D/Rq66HAYQX56s6JAtOhnM=,xN5EJ+UPJyroAZnmbkTHRnysAvw=
-6,7,UYFmUGZdymqSzHL0dvPfizcpZCw=,DlN/BrbRplK7cRZKCVXRoyLIsSw=
-6,8,G9n4+O0s5/OJugkWqaazjXd1hOA=,HrtJxAe2xESEawWLCYnAGNvksM8=
-7,5,rZqR1D/Rq66HAYQX56s6JAtOhnM=,q7Px69zTgF3zsSzmTdVvx5KwMNM=
-7,7,UYFmUGZdymqSzHL0dvPfizcpZCw=,xN5EJ+UPJyroAZnmbkTHRnysAvw=
-6,10,nSouq+7lQFOBaGHsjcK8sKZ5sqw=,NenMAF+TH2VTCKdwVUupyq6+T2o=
-7,10,nSouq+7lQFOBaGHsjcK8sKZ5sqw=,6zJcJKFuZR2UCcrmqtiUjIQZO2c=
-6,9,nSouq+7lQFOBaGHsjcK8sKZ5sqw=,HrtJxAe2xESEawWLCYnAGNvksM8=
-7,9,UYFmUGZdymqSzHL0dvPfizcpZCw=,69YrVoZ0XIKxKiSWtAP9I4FpQ3M=
-4,10,M6xfzF77JIFmyN8NJ0gPJcvWy+U=,NenMAF+TH2VTCKdwVUupyq6+T2o=
-5,10,M6xfzF77JIFmyN8NJ0gPJcvWy+U=,NenMAF+TH2VTCKdwVUupyq6+T2o=
-4,9,M6xfzF77JIFmyN8NJ0gPJcvWy+U=,8CHSA3Dgad7gA5DfaW+gIZ6MJdc=
-5,9,M6xfzF77JIFmyN8NJ0gPJcvWy+U=,HrtJxAe2xESEawWLCYnAGNvksM8=
-3,10,Ffe669ymqkPWcNFZ2RVISUj21DI=,NenMAF+TH2VTCKdwVUupyq6+T2o=
-2,10,bcstFQClBotmYHgvq7Afr7MywzA=,8+Ij+NDO8kCczNCaZRBo/IWMpQg=
-2,9,bcstFQClBotmYHgvq7Afr7MywzA=,8+Ij+NDO8kCczNCaZRBo/IWMpQg=
-3,9,Ffe669ymqkPWcNFZ2RVISUj21DI=,8CHSA3Dgad7gA5DfaW+gIZ6MJdc=
-5,12,M6xfzF77JIFmyN8NJ0gPJcvWy+U=,80NHOZeCqMXVGqymfBa9nefNOEo=
-4,12,M6xfzF77JIFmyN8NJ0gPJcvWy+U=,rFi0n7CeXIyzrtbqxyBsTUCNZXM=
-5,11,M6xfzF77JIFmyN8NJ0gPJcvWy+U=,NenMAF+TH2VTCKdwVUupyq6+T2o=
-4,11,M6xfzF77JIFmyN8NJ0gPJcvWy+U=,NenMAF+TH2VTCKdwVUupyq6+T2o=
-3,12,Ffe669ymqkPWcNFZ2RVISUj21DI=,rFi0n7CeXIyzrtbqxyBsTUCNZXM=
-2,12,45xAmHo9ebbJLE2q+PbAu0wHF6k=,+lJpEvHzpsae+VEpZ8sV9aFZT1o=
-2,11,bcstFQClBotmYHgvq7Afr7MywzA=,8+Ij+NDO8kCczNCaZRBo/IWMpQg=
-3,11,Ffe669ymqkPWcNFZ2RVISUj21DI=,NenMAF+TH2VTCKdwVUupyq6+T2o=
-4,14,ehtRiwhUu9JrMUeP+Sg0tCFmU+E=,UEBjsO7vdPobuphWw2TzU8AvQt0=
-5,14,cuJeBwIblAp+MdGgauIO4pn5bwY=,IEWsiS8KsWKIVgCoRB61XFOBwsM=
-5,13,Ffe669ymqkPWcNFZ2RVISUj21DI=,80NHOZeCqMXVGqymfBa9nefNOEo=
-4,13,Ffe669ymqkPWcNFZ2RVISUj21DI=,rFi0n7CeXIyzrtbqxyBsTUCNZXM=
-3,14,45xAmHo9ebbJLE2q+PbAu0wHF6k=,UEBjsO7vdPobuphWw2TzU8AvQt0=
-2,14,45xAmHo9ebbJLE2q+PbAu0wHF6k=,I6mVErYjjUrGOs+4FUPBwqjE1kc=
-3,13,Ffe669ymqkPWcNFZ2RVISUj21DI=,rFi0n7CeXIyzrtbqxyBsTUCNZXM=
-2,13,45xAmHo9ebbJLE2q+PbAu0wHF6k=,+lJpEvHzpsae+VEpZ8sV9aFZT1o=
-6,12,nSouq+7lQFOBaGHsjcK8sKZ5sqw=,80NHOZeCqMXVGqymfBa9nefNOEo=
-6,14,cuJeBwIblAp+MdGgauIO4pn5bwY=,IEWsiS8KsWKIVgCoRB61XFOBwsM=
-6,13,Ffe669ymqkPWcNFZ2RVISUj21DI=,80NHOZeCqMXVGqymfBa9nefNOEo=
-7,12,M6xfzF77JIFmyN8NJ0gPJcvWy+U=,6zJcJKFuZR2UCcrmqtiUjIQZO2c=
-7,14,cuJeBwIblAp+MdGgauIO4pn5bwY=,AOi/D5h7rv7RWnliw7793h5ywvc=
-6,11,M6xfzF77JIFmyN8NJ0gPJcvWy+U=,NenMAF+TH2VTCKdwVUupyq6+T2o=
-7,13,Ffe669ymqkPWcNFZ2RVISUj21DI=,6zJcJKFuZR2UCcrmqtiUjIQZO2c=
-7,11,M6xfzF77JIFmyN8NJ0gPJcvWy+U=,6zJcJKFuZR2UCcrmqtiUjIQZO2c=
-8,14,+fsBuMKNGterU85njVh9lFIqddU=,AOi/D5h7rv7RWnliw7793h5ywvc=
-9,14,+fsBuMKNGterU85njVh9lFIqddU=,i5LNUxHV/n5nvRytnAwIHgAzjZk=
-8,13,Ffe669ymqkPWcNFZ2RVISUj21DI=,6zJcJKFuZR2UCcrmqtiUjIQZO2c=
-9,13,Nyvw+jzMvjx8Duqf+8qwtHxyGPA=,+FBfXDhI5qiMf9U2y8nC8l/7RPM=
-10,14,+fsBuMKNGterU85njVh9lFIqddU=,i5LNUxHV/n5nvRytnAwIHgAzjZk=
-11,14,nov5hu+WFL/X068ImjzcqeH/M2M=,HR4VRQp/QjYDypYGamCFUsCyink=
-10,13,nov5hu+WFL/X068ImjzcqeH/M2M=,+FBfXDhI5qiMf9U2y8nC8l/7RPM=
-11,13,nov5hu+WFL/X068ImjzcqeH/M2M=,T/V2QzPHmBesp33iIO/IWXCFZgA=
-12,14,08TJ3zxyjrN5dhWdili9bWkVKPg=,HR4VRQp/QjYDypYGamCFUsCyink=
-13,14,08TJ3zxyjrN5dhWdili9bWkVKPg=,CEVCTHJgyuUrNhAvVQfThN0kUco=
-13,13,08TJ3zxyjrN5dhWdili9bWkVKPg=,C//7m/I3D00SRw7hZ5aS16jIoiU=
-12,13,08TJ3zxyjrN5dhWdili9bWkVKPg=,T/V2QzPHmBesp33iIO/IWXCFZgA=
-13,10,4XVDLIK/Sq1DA2pXMO0H79o2PBc=,4zlvWqKm/4JZNUsJC2wxsqPEiSc=
-13,11,4XVDLIK/Sq1DA2pXMO0H79o2PBc=,4zlvWqKm/4JZNUsJC2wxsqPEiSc=
-12,12,4XVDLIK/Sq1DA2pXMO0H79o2PBc=,T/V2QzPHmBesp33iIO/IWXCFZgA=
-13,12,4XVDLIK/Sq1DA2pXMO0H79o2PBc=,C//7m/I3D00SRw7hZ5aS16jIoiU=
-13,9,4XVDLIK/Sq1DA2pXMO0H79o2PBc=,O+jOLwMBDOyJrsQPialgwJ6fwOM=
-12,11,4XVDLIK/Sq1DA2pXMO0H79o2PBc=,OGOve7wePpoTVO4I+fm7PIr2U08=
-12,10,4XVDLIK/Sq1DA2pXMO0H79o2PBc=,OGOve7wePpoTVO4I+fm7PIr2U08=
-12,9,UYFmUGZdymqSzHL0dvPfizcpZCw=,aqZAMoO9nC8CUZR2RntoXTiCIxs=
-8,12,Ffe669ymqkPWcNFZ2RVISUj21DI=,6zJcJKFuZR2UCcrmqtiUjIQZO2c=
-10,12,FP6lmqoq945ocd1bxvvbXLjq9sw=,+FBfXDhI5qiMf9U2y8nC8l/7RPM=
-9,12,FP6lmqoq945ocd1bxvvbXLjq9sw=,+FBfXDhI5qiMf9U2y8nC8l/7RPM=
-11,11,FP6lmqoq945ocd1bxvvbXLjq9sw=,OGOve7wePpoTVO4I+fm7PIr2U08=
-11,12,FP6lmqoq945ocd1bxvvbXLjq9sw=,T/V2QzPHmBesp33iIO/IWXCFZgA=
-8,10,Ffe669ymqkPWcNFZ2RVISUj21DI=,6zJcJKFuZR2UCcrmqtiUjIQZO2c=
-11,9,KwUoAL4Epf9mI+wGx98W5F/ESrY=,aqZAMoO9nC8CUZR2RntoXTiCIxs=
-8,11,Ffe669ymqkPWcNFZ2RVISUj21DI=,6zJcJKFuZR2UCcrmqtiUjIQZO2c=
-11,10,FP6lmqoq945ocd1bxvvbXLjq9sw=,OGOve7wePpoTVO4I+fm7PIr2U08=
-10,10,FP6lmqoq945ocd1bxvvbXLjq9sw=,3lXD+cQLeyCcuDM03HMngTgs/k0=
-10,11,FP6lmqoq945ocd1bxvvbXLjq9sw=,3lXD+cQLeyCcuDM03HMngTgs/k0=
-8,9,KwUoAL4Epf9mI+wGx98W5F/ESrY=,69YrVoZ0XIKxKiSWtAP9I4FpQ3M=
-9,10,FP6lmqoq945ocd1bxvvbXLjq9sw=,3lXD+cQLeyCcuDM03HMngTgs/k0=
-9,11,FP6lmqoq945ocd1bxvvbXLjq9sw=,3lXD+cQLeyCcuDM03HMngTgs/k0=
-10,9,KwUoAL4Epf9mI+wGx98W5F/ESrY=,aqZAMoO9nC8CUZR2RntoXTiCIxs=
-9,9,KwUoAL4Epf9mI+wGx98W5F/ESrY=,aqZAMoO9nC8CUZR2RntoXTiCIxs=
-8,8,kGX41Vk7ceeXe75AhWZeE7U2H7s=,69YrVoZ0XIKxKiSWtAP9I4FpQ3M=
-10,8,wRrjyTORYtyR7+/qu+/9hXmkfW4=,aqZAMoO9nC8CUZR2RntoXTiCIxs=
-11,8,wRrjyTORYtyR7+/qu+/9hXmkfW4=,aqZAMoO9nC8CUZR2RntoXTiCIxs=
-10,7,wRrjyTORYtyR7+/qu+/9hXmkfW4=,UUFPkLgCR62HmxhRrOHGHk8TpGc=
-9,8,kGX41Vk7ceeXe75AhWZeE7U2H7s=,aqZAMoO9nC8CUZR2RntoXTiCIxs=
-9,7,kGX41Vk7ceeXe75AhWZeE7U2H7s=,UUFPkLgCR62HmxhRrOHGHk8TpGc=
-11,7,wRrjyTORYtyR7+/qu+/9hXmkfW4=,UUFPkLgCR62HmxhRrOHGHk8TpGc=
-8,7,kGX41Vk7ceeXe75AhWZeE7U2H7s=,xN5EJ+UPJyroAZnmbkTHRnysAvw=
-8,6,kGX41Vk7ceeXe75AhWZeE7U2H7s=,xN5EJ+UPJyroAZnmbkTHRnysAvw=
-9,6,kGX41Vk7ceeXe75AhWZeE7U2H7s=,UUFPkLgCR62HmxhRrOHGHk8TpGc=
-10,5,wRrjyTORYtyR7+/qu+/9hXmkfW4=,XrsYd2i1d8+LZfzJAwovZwRlCD4=
-9,5,kGX41Vk7ceeXe75AhWZeE7U2H7s=,XrsYd2i1d8+LZfzJAwovZwRlCD4=
-11,6,wRrjyTORYtyR7+/qu+/9hXmkfW4=,UUFPkLgCR62HmxhRrOHGHk8TpGc=
-11,5,wRrjyTORYtyR7+/qu+/9hXmkfW4=,/bwDuMVl3FpOzOtMmilVrCx+4Ys=
-8,5,kGX41Vk7ceeXe75AhWZeE7U2H7s=,q7Px69zTgF3zsSzmTdVvx5KwMNM=
-10,6,wRrjyTORYtyR7+/qu+/9hXmkfW4=,UUFPkLgCR62HmxhRrOHGHk8TpGc=
-10,4,NlusbDfbj1d0PY/FAJ13nWml13c=,XrsYd2i1d8+LZfzJAwovZwRlCD4=
-11,4,NlusbDfbj1d0PY/FAJ13nWml13c=,/bwDuMVl3FpOzOtMmilVrCx+4Ys=
-8,4,kGX41Vk7ceeXe75AhWZeE7U2H7s=,q7Px69zTgF3zsSzmTdVvx5KwMNM=
-9,4,kGX41Vk7ceeXe75AhWZeE7U2H7s=,XrsYd2i1d8+LZfzJAwovZwRlCD4=
-8,3,BYNAJhsUCRiDC7faABJbALuUT3c=,M6P3FLPA0mzh322nn2Q5giP7cbQ=
-10,3,t5Hufsb6vg5ZM8NJRUVHg+Hmyck=,EcZC4FISxQf5BzJrlL4G4vt0Qfg=
-9,3,t5Hufsb6vg5ZM8NJRUVHg+Hmyck=,EcZC4FISxQf5BzJrlL4G4vt0Qfg=
-11,3,t5Hufsb6vg5ZM8NJRUVHg+Hmyck=,4WrciJUgSfQruxdJmFEKDgl3/34=
-12,4,wRrjyTORYtyR7+/qu+/9hXmkfW4=,/bwDuMVl3FpOzOtMmilVrCx+4Ys=
-13,4,W7OnqoxI0JDtky6cZ7baMgtsMTY=,c5h6fciofwdBxL0LH4TsrrA8nes=
-13,3,PlUhUYauY0akSANNnChy4ThhL90=,A3TKcLermeVXAPJ7d5glrgsTVoA=
-12,3,t5Hufsb6vg5ZM8NJRUVHg+Hmyck=,4WrciJUgSfQruxdJmFEKDgl3/34=
-13,5,W7OnqoxI0JDtky6cZ7baMgtsMTY=,c5h6fciofwdBxL0LH4TsrrA8nes=
-13,7,UYFmUGZdymqSzHL0dvPfizcpZCw=,+ngV1BeEYqUw917ZrLwMTXoPiis=
-13,8,v6Wb/soQwEM/QwR2uQH15xA55Xw=,O+jOLwMBDOyJrsQPialgwJ6fwOM=
-12,5,wRrjyTORYtyR7+/qu+/9hXmkfW4=,/bwDuMVl3FpOzOtMmilVrCx+4Ys=
-12,6,wRrjyTORYtyR7+/qu+/9hXmkfW4=,UUFPkLgCR62HmxhRrOHGHk8TpGc=
-12,7,UYFmUGZdymqSzHL0dvPfizcpZCw=,UUFPkLgCR62HmxhRrOHGHk8TpGc=
-12,8,UYFmUGZdymqSzHL0dvPfizcpZCw=,aqZAMoO9nC8CUZR2RntoXTiCIxs=
-13,6,wRrjyTORYtyR7+/qu+/9hXmkfW4=,+ngV1BeEYqUw917ZrLwMTXoPiis=
-10,2,t5Hufsb6vg5ZM8NJRUVHg+Hmyck=,EcZC4FISxQf5BzJrlL4G4vt0Qfg=
-10,1,t5Hufsb6vg5ZM8NJRUVHg+Hmyck=,8UCA/mPiVeA6NQoa3V1niz/sV70=
-11,1,t5Hufsb6vg5ZM8NJRUVHg+Hmyck=,NBij2Ks6sXjQ6H7Kk6FHtOo72t4=
-11,2,t5Hufsb6vg5ZM8NJRUVHg+Hmyck=,4WrciJUgSfQruxdJmFEKDgl3/34=
-9,2,t5Hufsb6vg5ZM8NJRUVHg+Hmyck=,EcZC4FISxQf5BzJrlL4G4vt0Qfg=
-8,2,BYNAJhsUCRiDC7faABJbALuUT3c=,M6P3FLPA0mzh322nn2Q5giP7cbQ=
-8,1,BYNAJhsUCRiDC7faABJbALuUT3c=,/w6icdKc/mhNhsu9t5v9hGDhars=
-9,1,t5Hufsb6vg5ZM8NJRUVHg+Hmyck=,8UCA/mPiVeA6NQoa3V1niz/sV70=
-15,6,XSas9aYp1OYPPzOzP8IkQsF3eH8=,qwLPKPtqBLLqDUvYAeiPW+CLlvs=
-15,5,W7OnqoxI0JDtky6cZ7baMgtsMTY=,gizCNT7CrCUGNfAAZQiAO9d/Q+I=
-14,5,W7OnqoxI0JDtky6cZ7baMgtsMTY=,c5h6fciofwdBxL0LH4TsrrA8nes=
-14,6,UYFmUGZdymqSzHL0dvPfizcpZCw=,+ngV1BeEYqUw917ZrLwMTXoPiis=
-10,0,t5Hufsb6vg5ZM8NJRUVHg+Hmyck=,8UCA/mPiVeA6NQoa3V1niz/sV70=
-11,0,t5Hufsb6vg5ZM8NJRUVHg+Hmyck=,NBij2Ks6sXjQ6H7Kk6FHtOo72t4=
-8,0,BYNAJhsUCRiDC7faABJbALuUT3c=,/w6icdKc/mhNhsu9t5v9hGDhars=
-9,0,t5Hufsb6vg5ZM8NJRUVHg+Hmyck=,8UCA/mPiVeA6NQoa3V1niz/sV70=
-13,0,f/i8JdqqIPixBpjtXoa5JqOn/GA=,XCTlg/PdBivcerS2aNmcvk/fqGQ=
-13,2,PlUhUYauY0akSANNnChy4ThhL90=,A3TKcLermeVXAPJ7d5glrgsTVoA=
-13,1,f/i8JdqqIPixBpjtXoa5JqOn/GA=,XCTlg/PdBivcerS2aNmcvk/fqGQ=
-12,0,t5Hufsb6vg5ZM8NJRUVHg+Hmyck=,NBij2Ks6sXjQ6H7Kk6FHtOo72t4=
-12,1,t5Hufsb6vg5ZM8NJRUVHg+Hmyck=,NBij2Ks6sXjQ6H7Kk6FHtOo72t4=
-12,2,t5Hufsb6vg5ZM8NJRUVHg+Hmyck=,4WrciJUgSfQruxdJmFEKDgl3/34=
-2,0,t5Hufsb6vg5ZM8NJRUVHg+Hmyck=,LVlbE8EsZmnC1oqQtoyd+HnuFBY=
-3,0,/UxSR6vlwgaB6uZUA0+BPLgViDI=,3pUq71ArG/ekYVNVW3/XXwFPGP4=
-16,5,W7OnqoxI0JDtky6cZ7baMgtsMTY=,gizCNT7CrCUGNfAAZQiAO9d/Q+I=
-16,6,yx0K8gbLvTjAHQnobKtOeePLHgI=,qwLPKPtqBLLqDUvYAeiPW+CLlvs=
-15,4,mlkHRLpQ4zlefUjbyuev/yV36IQ=,gizCNT7CrCUGNfAAZQiAO9d/Q+I=
-15,3,cLjeCFEyZCFTq6ogrFJVpKX6s0E=,mxog3myy/axsBH+doxq+UU14uqk=
-16,3,cLjeCFEyZCFTq6ogrFJVpKX6s0E=,mxog3myy/axsBH+doxq+UU14uqk=
-16,4,W7OnqoxI0JDtky6cZ7baMgtsMTY=,gizCNT7CrCUGNfAAZQiAO9d/Q+I=
-14,3,PlUhUYauY0akSANNnChy4ThhL90=,A3TKcLermeVXAPJ7d5glrgsTVoA=
-14,4,mlkHRLpQ4zlefUjbyuev/yV36IQ=,c5h6fciofwdBxL0LH4TsrrA8nes=
-16,1,cLjeCFEyZCFTq6ogrFJVpKX6s0E=,/vCZAkDlz3l83dPHGJWaMLa8PjQ=
-15,1,cLjeCFEyZCFTq6ogrFJVpKX6s0E=,/vCZAkDlz3l83dPHGJWaMLa8PjQ=
-15,0,cLjeCFEyZCFTq6ogrFJVpKX6s0E=,/vCZAkDlz3l83dPHGJWaMLa8PjQ=
-16,2,cLjeCFEyZCFTq6ogrFJVpKX6s0E=,mxog3myy/axsBH+doxq+UU14uqk=
-15,2,cLjeCFEyZCFTq6ogrFJVpKX6s0E=,mxog3myy/axsBH+doxq+UU14uqk=
-14,1,f/i8JdqqIPixBpjtXoa5JqOn/GA=,XCTlg/PdBivcerS2aNmcvk/fqGQ=
-14,2,PlUhUYauY0akSANNnChy4ThhL90=,A3TKcLermeVXAPJ7d5glrgsTVoA=
-14,0,f/i8JdqqIPixBpjtXoa5JqOn/GA=,XCTlg/PdBivcerS2aNmcvk/fqGQ=
-4,2,KwUoAL4Epf9mI+wGx98W5F/ESrY=,MQnmXBOI1LVhlTODqYP/VZ/5hTQ=
-4,0,/UxSR6vlwgaB6uZUA0+BPLgViDI=,3pUq71ArG/ekYVNVW3/XXwFPGP4=
-6,0,P1kEH/ux3SjpAGN5ljWMfLSjv8o=,pbPUdsjPWt6D0B4Qw7w3DQH/zek=
-5,0,P1kEH/ux3SjpAGN5ljWMfLSjv8o=,pbPUdsjPWt6D0B4Qw7w3DQH/zek=
-7,2,BYNAJhsUCRiDC7faABJbALuUT3c=,M6P3FLPA0mzh322nn2Q5giP7cbQ=
-6,1,P1kEH/ux3SjpAGN5ljWMfLSjv8o=,pbPUdsjPWt6D0B4Qw7w3DQH/zek=
-7,0,BYNAJhsUCRiDC7faABJbALuUT3c=,/w6icdKc/mhNhsu9t5v9hGDhars=
-5,1,P1kEH/ux3SjpAGN5ljWMfLSjv8o=,pbPUdsjPWt6D0B4Qw7w3DQH/zek=
-6,2,KwUoAL4Epf9mI+wGx98W5F/ESrY=,MQnmXBOI1LVhlTODqYP/VZ/5hTQ=
-5,2,KwUoAL4Epf9mI+wGx98W5F/ESrY=,MQnmXBOI1LVhlTODqYP/VZ/5hTQ=
-7,1,BYNAJhsUCRiDC7faABJbALuUT3c=,/w6icdKc/mhNhsu9t5v9hGDhars=
-4,1,/UxSR6vlwgaB6uZUA0+BPLgViDI=,3pUq71ArG/ekYVNVW3/XXwFPGP4=
-14,7,UYFmUGZdymqSzHL0dvPfizcpZCw=,+ngV1BeEYqUw917ZrLwMTXoPiis=
-15,8,wCu0IUkMh+hRhQW0g/a2E29t23Y=,KOoq7GAgX9L/lliCDV1K8IrYYQM=
-15,9,wCu0IUkMh+hRhQW0g/a2E29t23Y=,KOoq7GAgX9L/lliCDV1K8IrYYQM=
-14,10,ogwTWc/pxuVWThvmG011XUgTxBc=,4zlvWqKm/4JZNUsJC2wxsqPEiSc=
-14,9,ogwTWc/pxuVWThvmG011XUgTxBc=,O+jOLwMBDOyJrsQPialgwJ6fwOM=
-14,8,ogwTWc/pxuVWThvmG011XUgTxBc=,O+jOLwMBDOyJrsQPialgwJ6fwOM=
-15,10,wCu0IUkMh+hRhQW0g/a2E29t23Y=,PaG032dutZtzOBHEngvYs7uu364=
-15,7,ogwTWc/pxuVWThvmG011XUgTxBc=,qwLPKPtqBLLqDUvYAeiPW+CLlvs=
-13,15,JWGdW1CryU33hPx+N/eFhdzQCMQ=,CEVCTHJgyuUrNhAvVQfThN0kUco=
-12,15,JWGdW1CryU33hPx+N/eFhdzQCMQ=,HR4VRQp/QjYDypYGamCFUsCyink=
-10,15,+fsBuMKNGterU85njVh9lFIqddU=,i5LNUxHV/n5nvRytnAwIHgAzjZk=
-11,15,JWGdW1CryU33hPx+N/eFhdzQCMQ=,HR4VRQp/QjYDypYGamCFUsCyink=
-9,15,+fsBuMKNGterU85njVh9lFIqddU=,i5LNUxHV/n5nvRytnAwIHgAzjZk=
-8,15,+fsBuMKNGterU85njVh9lFIqddU=,AOi/D5h7rv7RWnliw7793h5ywvc=
-6,15,cuJeBwIblAp+MdGgauIO4pn5bwY=,IEWsiS8KsWKIVgCoRB61XFOBwsM=
-7,15,cuJeBwIblAp+MdGgauIO4pn5bwY=,AOi/D5h7rv7RWnliw7793h5ywvc=
-4,15,ehtRiwhUu9JrMUeP+Sg0tCFmU+E=,UEBjsO7vdPobuphWw2TzU8AvQt0=
-5,15,cuJeBwIblAp+MdGgauIO4pn5bwY=,IEWsiS8KsWKIVgCoRB61XFOBwsM=
-2,15,ehtRiwhUu9JrMUeP+Sg0tCFmU+E=,I6mVErYjjUrGOs+4FUPBwqjE1kc=
-3,15,ehtRiwhUu9JrMUeP+Sg0tCFmU+E=,UEBjsO7vdPobuphWw2TzU8AvQt0=
-16,8,wCu0IUkMh+hRhQW0g/a2E29t23Y=,KOoq7GAgX9L/lliCDV1K8IrYYQM=
-16,7,JWGdW1CryU33hPx+N/eFhdzQCMQ=,qwLPKPtqBLLqDUvYAeiPW+CLlvs=
-16,9,wCu0IUkMh+hRhQW0g/a2E29t23Y=,KOoq7GAgX9L/lliCDV1K8IrYYQM=
-16,10,wCu0IUkMh+hRhQW0g/a2E29t23Y=,PaG032dutZtzOBHEngvYs7uu364=
-1,2,8/NeeKqkg9cvSXhiuc4RMCKqiLE=,l9w5OvUL1aAG8tnXOgfsXVOS1hY=
-1,1,t5Hufsb6vg5ZM8NJRUVHg+Hmyck=,LVlbE8EsZmnC1oqQtoyd+HnuFBY=
-1,4,8/NeeKqkg9cvSXhiuc4RMCKqiLE=,SHTpSU0hN9fN2tvfv1vUyuyL5lY=
-1,3,8/NeeKqkg9cvSXhiuc4RMCKqiLE=,l9w5OvUL1aAG8tnXOgfsXVOS1hY=
-1,6,KwUoAL4Epf9mI+wGx98W5F/ESrY=,MQnmXBOI1LVhlTODqYP/VZ/5hTQ=
-1,8,bcstFQClBotmYHgvq7Afr7MywzA=,8+Ij+NDO8kCczNCaZRBo/IWMpQg=
-1,7,UYFmUGZdymqSzHL0dvPfizcpZCw=,MQnmXBOI1LVhlTODqYP/VZ/5hTQ=
-1,5,8/NeeKqkg9cvSXhiuc4RMCKqiLE=,SHTpSU0hN9fN2tvfv1vUyuyL5lY=
-1,10,bcstFQClBotmYHgvq7Afr7MywzA=,8+Ij+NDO8kCczNCaZRBo/IWMpQg=
-1,9,bcstFQClBotmYHgvq7Afr7MywzA=,8+Ij+NDO8kCczNCaZRBo/IWMpQg=
-1,12,ehtRiwhUu9JrMUeP+Sg0tCFmU+E=,+lJpEvHzpsae+VEpZ8sV9aFZT1o=
-1,11,bcstFQClBotmYHgvq7Afr7MywzA=,8+Ij+NDO8kCczNCaZRBo/IWMpQg=
-1,0,t5Hufsb6vg5ZM8NJRUVHg+Hmyck=,LVlbE8EsZmnC1oqQtoyd+HnuFBY=
-16,0,cLjeCFEyZCFTq6ogrFJVpKX6s0E=,/vCZAkDlz3l83dPHGJWaMLa8PjQ=
-1,14,45xAmHo9ebbJLE2q+PbAu0wHF6k=,I6mVErYjjUrGOs+4FUPBwqjE1kc=
-1,15,87nr3Qr5Ylof3hyHCH46nTYtDsc=,I6mVErYjjUrGOs+4FUPBwqjE1kc=
-1,13,45xAmHo9ebbJLE2q+PbAu0wHF6k=,+lJpEvHzpsae+VEpZ8sV9aFZT1o=
-14,12,156ucZZ48Aig4WDuznTR6Qwx9Uo=,C//7m/I3D00SRw7hZ5aS16jIoiU=
-15,12,oymQPFh3gpQQp/+9bOIK4ezH0hg=,wMd+KhoqkxzDBpYKAONV1xNAZlg=
-14,11,156ucZZ48Aig4WDuznTR6Qwx9Uo=,4zlvWqKm/4JZNUsJC2wxsqPEiSc=
-16,11,wCu0IUkMh+hRhQW0g/a2E29t23Y=,PaG032dutZtzOBHEngvYs7uu364=
-15,11,wCu0IUkMh+hRhQW0g/a2E29t23Y=,PaG032dutZtzOBHEngvYs7uu364=
-16,12,oymQPFh3gpQQp/+9bOIK4ezH0hg=,wMd+KhoqkxzDBpYKAONV1xNAZlg=
-15,13,m747COOqqeCFU0/FzToYkrP8Rds=,wMd+KhoqkxzDBpYKAONV1xNAZlg=
-14,15,156ucZZ48Aig4WDuznTR6Qwx9Uo=,CEVCTHJgyuUrNhAvVQfThN0kUco=
-14,13,156ucZZ48Aig4WDuznTR6Qwx9Uo=,C//7m/I3D00SRw7hZ5aS16jIoiU=
-15,14,m747COOqqeCFU0/FzToYkrP8Rds=,Qn3xYatTxL4pWqhrkNefLDmzAHY=
-16,15,m747COOqqeCFU0/FzToYkrP8Rds=,Qn3xYatTxL4pWqhrkNefLDmzAHY=
-16,14,m747COOqqeCFU0/FzToYkrP8Rds=,Qn3xYatTxL4pWqhrkNefLDmzAHY=
-15,15,m747COOqqeCFU0/FzToYkrP8Rds=,Qn3xYatTxL4pWqhrkNefLDmzAHY=
-16,13,m747COOqqeCFU0/FzToYkrP8Rds=,wMd+KhoqkxzDBpYKAONV1xNAZlg=
-14,14,156ucZZ48Aig4WDuznTR6Qwx9Uo=,CEVCTHJgyuUrNhAvVQfThN0kUco=
