-4,-14,YLtUI5A+Yw9UeGQReS9Kshaec3s=,0In7uqq8ztUZXXfp7qM/bR4cYIU=
-5,-14,YLtUI5A+Yw9UeGQReS9Kshaec3s=,HXciOYpZveKgDqIj0QGIrgdWvSI=
-5,-15,YLtUI5A+Yw9UeGQReS9Kshaec3s=,nMm+trEF3piMQLRPe6Q4FdQ0E9o=
-4,-15,YLtUI5A+Yw9UeGQReS9Kshaec3s=,0In7uqq8ztUZXXfp7qM/bR4cYIU=
-4,-13,M3C86ILC1sZ+qlHujfWhINwiiD0=,0In7uqq8ztUZXXfp7qM/bR4cYIU=
-5,-12,p0kAy+wOh8xGrYzeG1JNZjkWNoU=,j9k1uxicdD9AyQRd9RfFDxfDlrk=
-5,-13,M3C86ILC1sZ+qlHujfWhINwiiD0=,HXciOYpZveKgDqIj0QGIrgdWvSI=
-4,-12,p0kAy+wOh8xGrYzeG1JNZjkWNoU=,DYUn5pp1RJAbG/pXPHlNbSYgroE=
-5,-10,1hWDxcfQ4JYGyfT6crVxtWZMTv8=,bTaGtqyES3tD9caXXAFzSTlmGJs=
-5,-11,p0kAy+wOh8xGrYzeG1JNZjkWNoU=,j9k1uxicdD9AyQRd9RfFDxfDlrk=
-4,-11,p0kAy+wOh8xGrYzeG1JNZjkWNoU=,DYUn5pp1RJAbG/pXPHlNbSYgroE=
-4,-10,1hWDxcfQ4JYGyfT6crVxtWZMTv8=,wSeQ0IXZqorgRfWQjvN8D2a57x0=
-5,-8,OWfTBEuSEQohM7VdxthTP4NXMb0=,P0KNC7lNynoCwEvF6Eyw1/VK/8I=
-5,-9,Mjg5TaChmqfEL9ZprVo8mHDAfuc=,bTaGtqyES3tD9caXXAFzSTlmGJs=
-4,-9,Mjg5TaChmqfEL9ZprVo8mHDAfuc=,wSeQ0IXZqorgRfWQjvN8D2a57x0=
-4,-8,OWfTBEuSEQohM7VdxthTP4NXMb0=,b6FSRBnI99RP9CyVwHiOzuu2ENM=
-2,-8,/I8ST2Hv2mOeE6S817ZNWw7YhTA=,v8pPuXbe+Px2t2t+K6xyNar7FzA=
-2,-9,/I8ST2Hv2mOeE6S817ZNWw7YhTA=,HGzpF/atkya0pG2C5ysfI29kybQ=
-3,-8,OWfTBEuSEQohM7VdxthTP4NXMb0=,b6FSRBnI99RP9CyVwHiOzuu2ENM=
-3,-9,/I8ST2Hv2mOeE6S817ZNWw7YhTA=,wSeQ0IXZqorgRfWQjvN8D2a57x0=
-5,-7,OWfTBEuSEQohM7VdxthTP4NXMb0=,P0KNC7lNynoCwEvF6Eyw1/VK/8I=
-5,-6,OWfTBEuSEQohM7VdxthTP4NXMb0=,X9omIJFnA1wlxHX3ngZUWxz0fnI=
-4,-6,OWfTBEuSEQohM7VdxthTP4NXMb0=,FYb3Osr1lDnuVp04h62eKVx/w1E=
-4,-7,OWfTBEuSEQohM7VdxthTP4NXMb0=,b6FSRBnI99RP9CyVwHiOzuu2ENM=
-2,-6,a1mj15rs7NfzgkXz/sR5Kx6HRRc=,jCF7QWmjwAMT1wN7t8cz3jLGTVU=
-2,-7,/I8ST2Hv2mOeE6S817ZNWw7YhTA=,v8pPuXbe+Px2t2t+K6xyNar7FzA=
-3,-6,OWfTBEuSEQohM7VdxthTP4NXMb0=,FYb3Osr1lDnuVp04h62eKVx/w1E=
-3,-7,OWfTBEuSEQohM7VdxthTP4NXMb0=,b6FSRBnI99RP9CyVwHiOzuu2ENM=
-5,-5,OWfTBEuSEQohM7VdxthTP4NXMb0=,X9omIJFnA1wlxHX3ngZUWxz0fnI=
-5,-4,PTiMz5NBvMXtsp0PTWTy/W1yI24=,Xmn4AfuFj1gJEHXCg4TrxEz4hIA=
-4,-5,OWfTBEuSEQohM7VdxthTP4NXMb0=,FYb3Osr1lDnuVp04h62eKVx/w1E=
-4,-4,PTiMz5NBvMXtsp0PTWTy/W1yI24=,Xmn4AfuFj1gJEHXCg4TrxEz4hIA=
-2,-4,YxCFzpwFjyym2W5PimFSSsKQxkM=,mL7hyQN3nuFxS1oP9tqrDr0X/2Y=
-2,-5,05Lh/84kM6womCqirB5eYUFuOhc=,jCF7QWmjwAMT1wN7t8cz3jLGTVU=
-3,-4,YxCFzpwFjyym2W5PimFSSsKQxkM=,Xmn4AfuFj1gJEHXCg4TrxEz4hIA=
-3,-5,OWfTBEuSEQohM7VdxthTP4NXMb0=,FYb3Osr1lDnuVp04h62eKVx/w1E=
-5,-2,H2QEj+QriLH7tHwPbG4sSMD3opg=,Cwc0gfa6r3JNwX94iju3CA9Xcms=
-5,-3,PTiMz5NBvMXtsp0PTWTy/W1yI24=,Xmn4AfuFj1gJEHXCg4TrxEz4hIA=
-4,-3,PTiMz5NBvMXtsp0PTWTy/W1yI24=,Xmn4AfuFj1gJEHXCg4TrxEz4hIA=
-4,-2,H2QEj+QriLH7tHwPbG4sSMD3opg=,gIzOMIzlAkH5qYi8n+Kok4sJ2eQ=
-2,-2,H2QEj+QriLH7tHwPbG4sSMD3opg=,BKdF1ZRfSDXnrKmWvH1D0dIDPcM=
-2,-3,YxCFzpwFjyym2W5PimFSSsKQxkM=,mL7hyQN3nuFxS1oP9tqrDr0X/2Y=
-3,-3,YxCFzpwFjyym2W5PimFSSsKQxkM=,Xmn4AfuFj1gJEHXCg4TrxEz4hIA=
-3,-2,H2QEj+QriLH7tHwPbG4sSMD3opg=,gIzOMIzlAkH5qYi8n+Kok4sJ2eQ=
-6,-2,H2QEj+QriLH7tHwPbG4sSMD3opg=,Cwc0gfa6r3JNwX94iju3CA9Xcms=
-6,-3,YxCFzpwFjyym2W5PimFSSsKQxkM=,Xmn4AfuFj1gJEHXCg4TrxEz4hIA=
-7,-2,km1g3ZnK6TIGyeHuTfhF7HyWPqk=,DY6b1JVniR54llknE1lGpirpxLs=
-7,-3,hOZJ3HWYgL51xipXLHSaCe8LK+w=,C/Yw/HNz36VOvJ2N8eLEuM03WpU=
-8,-2,km1g3ZnK6TIGyeHuTfhF7HyWPqk=,DY6b1JVniR54llknE1lGpirpxLs=
-8,-3,cpaBOR7dmNfqSCUCOKg0+ocJOsc=,C/Yw/HNz36VOvJ2N8eLEuM03WpU=
-9,-2,X1ibwLVxIGf284YsPq0P26+yRhM=,DgbvEPAoPY9GQRWFT6tqmEn9XY4=
-9,-3,YKafzl1pTg9/k/SNJRUKs422flA=,mGHsew12y4pAXMsCcRQZFS10mVA=
-10,-2,X1ibwLVxIGf284YsPq0P26+yRhM=,DgbvEPAoPY9GQRWFT6tqmEn9XY4=
-10,-3,05Lh/84kM6womCqirB5eYUFuOhc=,mGHsew12y4pAXMsCcRQZFS10mVA=
-11,-2,gixRMlHSpEMBdTsnewrZW65mEXs=,B3jd7JdDboviIrmqhy92XGGPJNg=
-11,-3,05Lh/84kM6womCqirB5eYUFuOhc=,Rl9wfYHOfl5JAECyHyBbz3M0dYw=
-12,-2,kYQ3dwuNTdQG4an6piGYDptuYxs=,B3jd7JdDboviIrmqhy92XGGPJNg=
-13,-2,kYQ3dwuNTdQG4an6piGYDptuYxs=,6Ri9vhrz8kUD2JifNEofNSobkeI=
-12,-3,YKafzl1pTg9/k/SNJRUKs422flA=,Rl9wfYHOfl5JAECyHyBbz3M0dYw=
-13,-3,2dH3PNcem5URB9wiLw/jECn31/I=,k0tm+VdVDndTDLG2BdjLL0op12g=
-15,-2,nqphy3qLngaamBNGUVGJ7QFJLp8=,55EfNCOGbfT4v8f63iiISKim4UY=
-15,-3,DPrroj9UO3jXuySoBuVqX5JNA0c=,7wGfhjUtfw+am6uNrJD91VgaG5g=
-14,-2,kYQ3dwuNTdQG4an6piGYDptuYxs=,6Ri9vhrz8kUD2JifNEofNSobkeI=
-14,-3,9tTmleQvnieIy+J8G8wvccCD1ls=,k0tm+VdVDndTDLG2BdjLL0op12g=
-15,-4,DPrroj9UO3jXuySoBuVqX5JNA0c=,7wGfhjUtfw+am6uNrJD91VgaG5g=
-15,-5,yEFol2yfALWxJhlj9oObCNk3R5o=,qXszcUG9S2Z+1lnQBe8+Xr4FQWo=
-14,-4,yEFol2yfALWxJhlj9oObCNk3R5o=,k0tm+VdVDndTDLG2BdjLL0op12g=
-14,-5,HBEi1hy3dD1XjRq4SJi/zcvFLUo=,2SNdjhnyfaB7jZEKzvwtnIH4W1c=
-15,-6,yEFol2yfALWxJhlj9oObCNk3R5o=,qXszcUG9S2Z+1lnQBe8+Xr4FQWo=
-15,-7,yEFol2yfALWxJhlj9oObCNk3R5o=,/1Q9AZm5c9aL3GL5sO6/T3O1NYc=
-14,-6,HBEi1hy3dD1XjRq4SJi/zcvFLUo=,2SNdjhnyfaB7jZEKzvwtnIH4W1c=
-14,-7,DXpTNBFXXanvuWXBwD9P6NbrXFw=,x4cxqdZvJenuCuWWLAQfXktxm7Y=
-12,-6,YKafzl1pTg9/k/SNJRUKs422flA=,Rl9wfYHOfl5JAECyHyBbz3M0dYw=
-12,-4,YKafzl1pTg9/k/SNJRUKs422flA=,Rl9wfYHOfl5JAECyHyBbz3M0dYw=
-12,-5,YKafzl1pTg9/k/SNJRUKs422flA=,Rl9wfYHOfl5JAECyHyBbz3M0dYw=
-13,-6,HBEi1hy3dD1XjRq4SJi/zcvFLUo=,2SNdjhnyfaB7jZEKzvwtnIH4W1c=
-12,-7,6A9/20RR+zQDN5R3edV/2KMS6tM=,gmxgcfC9DEr7HHPzLtfO1HVSsI4=
-13,-4,Cc/q4VRic3sNfeivE9CUSz7SlBs=,k0tm+VdVDndTDLG2BdjLL0op12g=
-13,-5,HBEi1hy3dD1XjRq4SJi/zcvFLUo=,2SNdjhnyfaB7jZEKzvwtnIH4W1c=
-13,-7,6A9/20RR+zQDN5R3edV/2KMS6tM=,x4cxqdZvJenuCuWWLAQfXktxm7Y=
-15,-8,cBNd2n5jYXg90YhQuEY7njNTGPI=,/1Q9AZm5c9aL3GL5sO6/T3O1NYc=
-15,-9,cBNd2n5jYXg90YhQuEY7njNTGPI=,ojbMuY6DwPcM7ZYF1VOtclisZw0=
-14,-9,6A9/20RR+zQDN5R3edV/2KMS6tM=,pZlYRDOCO+grY4gc/aRyZtXDFSo=
-14,-8,DXpTNBFXXanvuWXBwD9P6NbrXFw=,x4cxqdZvJenuCuWWLAQfXktxm7Y=
-15,-10,iQUgQULs73vHVlzUKroOhCcwVJ0=,ojbMuY6DwPcM7ZYF1VOtclisZw0=
-15,-11,iQUgQULs73vHVlzUKroOhCcwVJ0=,X4xS4oi+TadZFyt5A1TboudN4WQ=
-14,-10,DXpTNBFXXanvuWXBwD9P6NbrXFw=,pZlYRDOCO+grY4gc/aRyZtXDFSo=
-14,-11,iQUgQULs73vHVlzUKroOhCcwVJ0=,20MovlPNcorXvJmkRTVSEihnZaY=
-15,-12,5Kl1a155CSc6QRf1yaJM0WHQ8jU=,X4xS4oi+TadZFyt5A1TboudN4WQ=
-14,-12,5Kl1a155CSc6QRf1yaJM0WHQ8jU=,20MovlPNcorXvJmkRTVSEihnZaY=
-14,-13,5Kl1a155CSc6QRf1yaJM0WHQ8jU=,dSLHAz67S+PxOuaIcLTEh78hrdQ=
-15,-13,5Kl1a155CSc6QRf1yaJM0WHQ8jU=,ppTihtZ9nC+Oe+wD9QIZ0/FGSGU=
-14,-14,5Kl1a155CSc6QRf1yaJM0WHQ8jU=,dSLHAz67S+PxOuaIcLTEh78hrdQ=
-14,-15,5Kl1a155CSc6QRf1yaJM0WHQ8jU=,dSLHAz67S+PxOuaIcLTEh78hrdQ=
-15,-14,5Kl1a155CSc6QRf1yaJM0WHQ8jU=,ppTihtZ9nC+Oe+wD9QIZ0/FGSGU=
-15,-15,5Kl1a155CSc6QRf1yaJM0WHQ8jU=,9vnsuMvldwbSEww5eV26DjYXxBI=
-12,-9,6A9/20RR+zQDN5R3edV/2KMS6tM=,kIv1Aj2lxfmy60NYzZis9GmquVI=
-12,-8,6A9/20RR+zQDN5R3edV/2KMS6tM=,gmxgcfC9DEr7HHPzLtfO1HVSsI4=
-13,-9,6A9/20RR+zQDN5R3edV/2KMS6tM=,pZlYRDOCO+grY4gc/aRyZtXDFSo=
-13,-8,6A9/20RR+zQDN5R3edV/2KMS6tM=,x4cxqdZvJenuCuWWLAQfXktxm7Y=
-12,-14,+UpiVJ+q1wkXjtb0Fqu4wtlPaX8=,fTduHIX1EaFfqxF4mfx3QNRaEtg=
-13,-14,+UpiVJ+q1wkXjtb0Fqu4wtlPaX8=,dSLHAz67S+PxOuaIcLTEh78hrdQ=
-12,-15,+UpiVJ+q1wkXjtb0Fqu4wtlPaX8=,fTduHIX1EaFfqxF4mfx3QNRaEtg=
-13,-15,+UpiVJ+q1wkXjtb0Fqu4wtlPaX8=,dSLHAz67S+PxOuaIcLTEh78hrdQ=
-12,-12,+UpiVJ+q1wkXjtb0Fqu4wtlPaX8=,ILNAgsD6y05v0WdnTsv6aJfS7u0=
-12,-10,6A9/20RR+zQDN5R3edV/2KMS6tM=,kIv1Aj2lxfmy60NYzZis9GmquVI=
-12,-11,+UpiVJ+q1wkXjtb0Fqu4wtlPaX8=,ILNAgsD6y05v0WdnTsv6aJfS7u0=
-13,-10,6A9/20RR+zQDN5R3edV/2KMS6tM=,pZlYRDOCO+grY4gc/aRyZtXDFSo=
-12,-13,+UpiVJ+q1wkXjtb0Fqu4wtlPaX8=,fTduHIX1EaFfqxF4mfx3QNRaEtg=
-13,-12,+UpiVJ+q1wkXjtb0Fqu4wtlPaX8=,20MovlPNcorXvJmkRTVSEihnZaY=
-13,-13,+UpiVJ+q1wkXjtb0Fqu4wtlPaX8=,dSLHAz67S+PxOuaIcLTEh78hrdQ=
-13,-11,+UpiVJ+q1wkXjtb0Fqu4wtlPaX8=,20MovlPNcorXvJmkRTVSEihnZaY=
-10,-12,YKafzl1pTg9/k/SNJRUKs422flA=,//LfqsemoxcUOe0d3NkcUv00tm0=
-10,-10,DXpTNBFXXanvuWXBwD9P6NbrXFw=,CojXD6e3YQuUjt5WX6v8A06NSlQ=
-10,-9,DXpTNBFXXanvuWXBwD9P6NbrXFw=,CojXD6e3YQuUjt5WX6v8A06NSlQ=
-10,-11,YKafzl1pTg9/k/SNJRUKs422flA=,//LfqsemoxcUOe0d3NkcUv00tm0=
-10,-8,jFOak2nQzP5hvortaL8u0NI2QkI=,CZWhexnuYYOlh0xrybA/tpLdASs=
-10,-13,6SYr6f2PhqhyvtnnWIft2cN/P1k=,13x5rjTv4ByvRqnz6R5SR5KWOOM=
-11,-9,DXpTNBFXXanvuWXBwD9P6NbrXFw=,kIv1Aj2lxfmy60NYzZis9GmquVI=
-11,-12,6SYr6f2PhqhyvtnnWIft2cN/P1k=,ILNAgsD6y05v0WdnTsv6aJfS7u0=
-11,-8,DXpTNBFXXanvuWXBwD9P6NbrXFw=,gmxgcfC9DEr7HHPzLtfO1HVSsI4=
-11,-10,DXpTNBFXXanvuWXBwD9P6NbrXFw=,kIv1Aj2lxfmy60NYzZis9GmquVI=
-11,-11,6SYr6f2PhqhyvtnnWIft2cN/P1k=,ILNAgsD6y05v0WdnTsv6aJfS7u0=
-11,-13,6SYr6f2PhqhyvtnnWIft2cN/P1k=,fTduHIX1EaFfqxF4mfx3QNRaEtg=
-10,-6,05Lh/84kM6womCqirB5eYUFuOhc=,40FLbyjem/YhpksvIkayVVt29hQ=
-10,-4,05Lh/84kM6womCqirB5eYUFuOhc=,mGHsew12y4pAXMsCcRQZFS10mVA=
-10,-5,05Lh/84kM6womCqirB5eYUFuOhc=,40FLbyjem/YhpksvIkayVVt29hQ=
-10,-7,jFOak2nQzP5hvortaL8u0NI2QkI=,CZWhexnuYYOlh0xrybA/tpLdASs=
-11,-4,05Lh/84kM6womCqirB5eYUFuOhc=,Rl9wfYHOfl5JAECyHyBbz3M0dYw=
-11,-6,05Lh/84kM6womCqirB5eYUFuOhc=,Rl9wfYHOfl5JAECyHyBbz3M0dYw=
-11,-5,05Lh/84kM6womCqirB5eYUFuOhc=,Rl9wfYHOfl5JAECyHyBbz3M0dYw=
-11,-7,DXpTNBFXXanvuWXBwD9P6NbrXFw=,gmxgcfC9DEr7HHPzLtfO1HVSsI4=
-6,-5,OWfTBEuSEQohM7VdxthTP4NXMb0=,X9omIJFnA1wlxHX3ngZUWxz0fnI=
-6,-4,YxCFzpwFjyym2W5PimFSSsKQxkM=,Xmn4AfuFj1gJEHXCg4TrxEz4hIA=
-8,-4,cpaBOR7dmNfqSCUCOKg0+ocJOsc=,C/Yw/HNz36VOvJ2N8eLEuM03WpU=
-7,-4,hOZJ3HWYgL51xipXLHSaCe8LK+w=,C/Yw/HNz36VOvJ2N8eLEuM03WpU=
-8,-5,jFOak2nQzP5hvortaL8u0NI2QkI=,VXOrHxsrAL9M273gbYdwlBdPLpQ=
-7,-5,jFOak2nQzP5hvortaL8u0NI2QkI=,VXOrHxsrAL9M273gbYdwlBdPLpQ=
-9,-4,YKafzl1pTg9/k/SNJRUKs422flA=,mGHsew12y4pAXMsCcRQZFS10mVA=
-9,-5,YKafzl1pTg9/k/SNJRUKs422flA=,40FLbyjem/YhpksvIkayVVt29hQ=
-6,-8,OWfTBEuSEQohM7VdxthTP4NXMb0=,P0KNC7lNynoCwEvF6Eyw1/VK/8I=
-6,-6,OWfTBEuSEQohM7VdxthTP4NXMb0=,X9omIJFnA1wlxHX3ngZUWxz0fnI=
-6,-7,OWfTBEuSEQohM7VdxthTP4NXMb0=,P0KNC7lNynoCwEvF6Eyw1/VK/8I=
-6,-9,/I8ST2Hv2mOeE6S817ZNWw7YhTA=,bTaGtqyES3tD9caXXAFzSTlmGJs=
-8,-8,DWoV+eu5oujajwcztRbwd1iWXBM=,vB9eEyG6yk0xX1EzdlKy0+M6IRM=
-7,-8,DWoV+eu5oujajwcztRbwd1iWXBM=,vB9eEyG6yk0xX1EzdlKy0+M6IRM=
-8,-7,YKafzl1pTg9/k/SNJRUKs422flA=,vB9eEyG6yk0xX1EzdlKy0+M6IRM=
-7,-7,YKafzl1pTg9/k/SNJRUKs422flA=,vB9eEyG6yk0xX1EzdlKy0+M6IRM=
-8,-6,jFOak2nQzP5hvortaL8u0NI2QkI=,VXOrHxsrAL9M273gbYdwlBdPLpQ=
-7,-6,jFOak2nQzP5hvortaL8u0NI2QkI=,VXOrHxsrAL9M273gbYdwlBdPLpQ=
-8,-9,DWoV+eu5oujajwcztRbwd1iWXBM=,TxrtkXp0j5iAgK/+pmg21MYF6lM=
-9,-9,DXpTNBFXXanvuWXBwD9P6NbrXFw=,CojXD6e3YQuUjt5WX6v8A06NSlQ=
-9,-8,jFOak2nQzP5hvortaL8u0NI2QkI=,CZWhexnuYYOlh0xrybA/tpLdASs=
-7,-9,DWoV+eu5oujajwcztRbwd1iWXBM=,TxrtkXp0j5iAgK/+pmg21MYF6lM=
-9,-7,jFOak2nQzP5hvortaL8u0NI2QkI=,CZWhexnuYYOlh0xrybA/tpLdASs=
-9,-6,YKafzl1pTg9/k/SNJRUKs422flA=,40FLbyjem/YhpksvIkayVVt29hQ=
-6,-14,ZM6t/b+T22KZx3oxNDhNItQDVVY=,HXciOYpZveKgDqIj0QGIrgdWvSI=
-6,-15,ZM6t/b+T22KZx3oxNDhNItQDVVY=,nMm+trEF3piMQLRPe6Q4FdQ0E9o=
-7,-15,ZM6t/b+T22KZx3oxNDhNItQDVVY=,nZpfqKXkBvTwxHIDKgR1mOXLzpE=
-6,-10,1hWDxcfQ4JYGyfT6crVxtWZMTv8=,bTaGtqyES3tD9caXXAFzSTlmGJs=
-7,-14,ZM6t/b+T22KZx3oxNDhNItQDVVY=,4qZfS8iFEpmxUCxDN1UsN8ywEbg=
-6,-12,p0kAy+wOh8xGrYzeG1JNZjkWNoU=,j9k1uxicdD9AyQRd9RfFDxfDlrk=
-6,-11,p0kAy+wOh8xGrYzeG1JNZjkWNoU=,j9k1uxicdD9AyQRd9RfFDxfDlrk=
-6,-13,ZM6t/b+T22KZx3oxNDhNItQDVVY=,HXciOYpZveKgDqIj0QGIrgdWvSI=
-12,-16,ZM6t/b+T22KZx3oxNDhNItQDVVY=,fTduHIX1EaFfqxF4mfx3QNRaEtg=
-8,-12,YKafzl1pTg9/k/SNJRUKs422flA=,TxrtkXp0j5iAgK/+pmg21MYF6lM=
-13,-16,ZM6t/b+T22KZx3oxNDhNItQDVVY=,dSLHAz67S+PxOuaIcLTEh78hrdQ=
-10,-16,ZM6t/b+T22KZx3oxNDhNItQDVVY=,/MMuwGCswGIOZMqbmu83N+QHbhY=
-7,-12,YKafzl1pTg9/k/SNJRUKs422flA=,TxrtkXp0j5iAgK/+pmg21MYF6lM=
-10,-14,ZM6t/b+T22KZx3oxNDhNItQDVVY=,13x5rjTv4ByvRqnz6R5SR5KWOOM=
-9,-12,YKafzl1pTg9/k/SNJRUKs422flA=,//LfqsemoxcUOe0d3NkcUv00tm0=
-9,-14,ZM6t/b+T22KZx3oxNDhNItQDVVY=,13x5rjTv4ByvRqnz6R5SR5KWOOM=
-8,-11,DWoV+eu5oujajwcztRbwd1iWXBM=,TxrtkXp0j5iAgK/+pmg21MYF6lM=
-8,-16,ZM6t/b+T22KZx3oxNDhNItQDVVY=,nZpfqKXkBvTwxHIDKgR1mOXLzpE=
-8,-10,DWoV+eu5oujajwcztRbwd1iWXBM=,TxrtkXp0j5iAgK/+pmg21MYF6lM=
-8,-15,ZM6t/b+T22KZx3oxNDhNItQDVVY=,nZpfqKXkBvTwxHIDKgR1mOXLzpE=
-9,-16,ZM6t/b+T22KZx3oxNDhNItQDVVY=,/MMuwGCswGIOZMqbmu83N+QHbhY=
-8,-14,ZM6t/b+T22KZx3oxNDhNItQDVVY=,4qZfS8iFEpmxUCxDN1UsN8ywEbg=
-7,-11,DWoV+eu5oujajwcztRbwd1iWXBM=,TxrtkXp0j5iAgK/+pmg21MYF6lM=
-11,-16,ZM6t/b+T22KZx3oxNDhNItQDVVY=,fTduHIX1EaFfqxF4mfx3QNRaEtg=
-10,-15,ZM6t/b+T22KZx3oxNDhNItQDVVY=,/MMuwGCswGIOZMqbmu83N+QHbhY=
-7,-10,DWoV+eu5oujajwcztRbwd1iWXBM=,TxrtkXp0j5iAgK/+pmg21MYF6lM=
-11,-14,ZM6t/b+T22KZx3oxNDhNItQDVVY=,fTduHIX1EaFfqxF4mfx3QNRaEtg=
-9,-15,ZM6t/b+T22KZx3oxNDhNItQDVVY=,/MMuwGCswGIOZMqbmu83N+QHbhY=
-6,-16,ZM6t/b+T22KZx3oxNDhNItQDVVY=,nMm+trEF3piMQLRPe6Q4FdQ0E9o=
-9,-10,DXpTNBFXXanvuWXBwD9P6NbrXFw=,CojXD6e3YQuUjt5WX6v8A06NSlQ=
-11,-15,ZM6t/b+T22KZx3oxNDhNItQDVVY=,fTduHIX1EaFfqxF4mfx3QNRaEtg=
-7,-16,ZM6t/b+T22KZx3oxNDhNItQDVVY=,nZpfqKXkBvTwxHIDKgR1mOXLzpE=
-8,-13,ZM6t/b+T22KZx3oxNDhNItQDVVY=,4qZfS8iFEpmxUCxDN1UsN8ywEbg=
-5,-16,ZM6t/b+T22KZx3oxNDhNItQDVVY=,nMm+trEF3piMQLRPe6Q4FdQ0E9o=
-7,-13,ZM6t/b+T22KZx3oxNDhNItQDVVY=,4qZfS8iFEpmxUCxDN1UsN8ywEbg=
-4,-16,ZM6t/b+T22KZx3oxNDhNItQDVVY=,0In7uqq8ztUZXXfp7qM/bR4cYIU=
-9,-11,DWoV+eu5oujajwcztRbwd1iWXBM=,//LfqsemoxcUOe0d3NkcUv00tm0=
-9,-13,ZM6t/b+T22KZx3oxNDhNItQDVVY=,13x5rjTv4ByvRqnz6R5SR5KWOOM=
-1,-8,1hWDxcfQ4JYGyfT6crVxtWZMTv8=,v8pPuXbe+Px2t2t+K6xyNar7FzA=
-1,-9,1hWDxcfQ4JYGyfT6crVxtWZMTv8=,HGzpF/atkya0pG2C5ysfI29kybQ=
-1,-6,YKafzl1pTg9/k/SNJRUKs422flA=,jCF7QWmjwAMT1wN7t8cz3jLGTVU=
-1,-7,1hWDxcfQ4JYGyfT6crVxtWZMTv8=,v8pPuXbe+Px2t2t+K6xyNar7FzA=
-1,-5,YKafzl1pTg9/k/SNJRUKs422flA=,jCF7QWmjwAMT1wN7t8cz3jLGTVU=
-1,-4,YxCFzpwFjyym2W5PimFSSsKQxkM=,mL7hyQN3nuFxS1oP9tqrDr0X/2Y=
-1,-2,H2QEj+QriLH7tHwPbG4sSMD3opg=,BKdF1ZRfSDXnrKmWvH1D0dIDPcM=
-1,-3,YxCFzpwFjyym2W5PimFSSsKQxkM=,mL7hyQN3nuFxS1oP9tqrDr0X/2Y=
-2,-16,1TZR71mcwd3vD04CVn113qST4Qs=,JNYldAE+FtIR13boFk3ADOikN34=
-3,-16,1TZR71mcwd3vD04CVn113qST4Qs=,0In7uqq8ztUZXXfp7qM/bR4cYIU=
-2,-1,H2QEj+QriLH7tHwPbG4sSMD3opg=,BKdF1ZRfSDXnrKmWvH1D0dIDPcM=
-5,-1,H2QEj+QriLH7tHwPbG4sSMD3opg=,Cwc0gfa6r3JNwX94iju3CA9Xcms=
-4,-1,H2QEj+QriLH7tHwPbG4sSMD3opg=,gIzOMIzlAkH5qYi8n+Kok4sJ2eQ=
-3,-1,H2QEj+QriLH7tHwPbG4sSMD3opg=,gIzOMIzlAkH5qYi8n+Kok4sJ2eQ=
-6,-1,H2QEj+QriLH7tHwPbG4sSMD3opg=,Cwc0gfa6r3JNwX94iju3CA9Xcms=
-7,-1,km1g3ZnK6TIGyeHuTfhF7HyWPqk=,DY6b1JVniR54llknE1lGpirpxLs=
-8,-1,km1g3ZnK6TIGyeHuTfhF7HyWPqk=,DY6b1JVniR54llknE1lGpirpxLs=
-9,-1,X1ibwLVxIGf284YsPq0P26+yRhM=,DgbvEPAoPY9GQRWFT6tqmEn9XY4=
-10,-1,X1ibwLVxIGf284YsPq0P26+yRhM=,DgbvEPAoPY9GQRWFT6tqmEn9XY4=
-11,-1,gixRMlHSpEMBdTsnewrZW65mEXs=,B3jd7JdDboviIrmqhy92XGGPJNg=
-12,-1,kYQ3dwuNTdQG4an6piGYDptuYxs=,B3jd7JdDboviIrmqhy92XGGPJNg=
-13,-1,kYQ3dwuNTdQG4an6piGYDptuYxs=,6Ri9vhrz8kUD2JifNEofNSobkeI=
-15,-1,nqphy3qLngaamBNGUVGJ7QFJLp8=,55EfNCOGbfT4v8f63iiISKim4UY=
-14,-1,kYQ3dwuNTdQG4an6piGYDptuYxs=,6Ri9vhrz8kUD2JifNEofNSobkeI=
-16,-2,nqphy3qLngaamBNGUVGJ7QFJLp8=,55EfNCOGbfT4v8f63iiISKim4UY=
-16,-3,DPrroj9UO3jXuySoBuVqX5JNA0c=,7wGfhjUtfw+am6uNrJD91VgaG5g=
-16,-4,DPrroj9UO3jXuySoBuVqX5JNA0c=,7wGfhjUtfw+am6uNrJD91VgaG5g=
-16,-5,hLNbZRYh0WTTsdBsjDcVyW5V+bk=,qXszcUG9S2Z+1lnQBe8+Xr4FQWo=
-16,-6,hLNbZRYh0WTTsdBsjDcVyW5V+bk=,qXszcUG9S2Z+1lnQBe8+Xr4FQWo=
-16,-7,hLNbZRYh0WTTsdBsjDcVyW5V+bk=,/1Q9AZm5c9aL3GL5sO6/T3O1NYc=
-16,-8,hLNbZRYh0WTTsdBsjDcVyW5V+bk=,/1Q9AZm5c9aL3GL5sO6/T3O1NYc=
-16,-9,hLNbZRYh0WTTsdBsjDcVyW5V+bk=,ojbMuY6DwPcM7ZYF1VOtclisZw0=
-16,-10,hLNbZRYh0WTTsdBsjDcVyW5V+bk=,ojbMuY6DwPcM7ZYF1VOtclisZw0=
-16,-11,hLNbZRYh0WTTsdBsjDcVyW5V+bk=,X4xS4oi+TadZFyt5A1TboudN4WQ=
-16,-12,hLNbZRYh0WTTsdBsjDcVyW5V+bk=,X4xS4oi+TadZFyt5A1TboudN4WQ=
-16,-13,hLNbZRYh0WTTsdBsjDcVyW5V+bk=,ppTihtZ9nC+Oe+wD9QIZ0/FGSGU=
-14,-16,hLNbZRYh0WTTsdBsjDcVyW5V+bk=,dSLHAz67S+PxOuaIcLTEh78hrdQ=
-15,-16,hLNbZRYh0WTTsdBsjDcVyW5V+bk=,9vnsuMvldwbSEww5eV26DjYXxBI=
-1,-16,hLNbZRYh0WTTsdBsjDcVyW5V+bk=,JNYldAE+FtIR13boFk3ADOikN34=
-1,-1,H2QEj+QriLH7tHwPbG4sSMD3opg=,BKdF1ZRfSDXnrKmWvH1D0dIDPcM=
-16,-1,nqphy3qLngaamBNGUVGJ7QFJLp8=,55EfNCOGbfT4v8f63iiISKim4UY=
-16,-16,hLNbZRYh0WTTsdBsjDcVyW5V+bk=,9vnsuMvldwbSEww5eV26DjYXxBI=
-16,-14,hLNbZRYh0WTTsdBsjDcVyW5V+bk=,ppTihtZ9nC+Oe+wD9QIZ0/FGSGU=
-16,-15,hLNbZRYh0WTTsdBsjDcVyW5V+bk=,9vnsuMvldwbSEww5eV26DjYXxBI=
-1,-15,GQAy2B+F5NKffBzkeDMW5t4FiQo=,JNYldAE+FtIR13boFk3ADOikN34=
-3,-15,GQAy2B+F5NKffBzkeDMW5t4FiQo=,0In7uqq8ztUZXXfp7qM/bR4cYIU=
-2,-14,kBzLOlCJeA/BSSomaAV+0j9g/Ck=,F/exreWJFTYaF9GHwJIta7D1MGE=
-3,-14,GQAy2B+F5NKffBzkeDMW5t4FiQo=,0In7uqq8ztUZXXfp7qM/bR4cYIU=
-2,-15,GQAy2B+F5NKffBzkeDMW5t4FiQo=,JNYldAE+FtIR13boFk3ADOikN34=
-1,-14,kBzLOlCJeA/BSSomaAV+0j9g/Ck=,F/exreWJFTYaF9GHwJIta7D1MGE=
-3,-11,p0kAy+wOh8xGrYzeG1JNZjkWNoU=,DYUn5pp1RJAbG/pXPHlNbSYgroE=
-3,-13,GQAy2B+F5NKffBzkeDMW5t4FiQo=,0In7uqq8ztUZXXfp7qM/bR4cYIU=
-2,-13,kBzLOlCJeA/BSSomaAV+0j9g/Ck=,F/exreWJFTYaF9GHwJIta7D1MGE=
-3,-12,p0kAy+wOh8xGrYzeG1JNZjkWNoU=,DYUn5pp1RJAbG/pXPHlNbSYgroE=
-2,-12,RavnaCTyoFdvldKM0ejQJnZLWgQ=,Egvseoq0RiMGQrOsO2chFviMBT4=
-1,-10,1hWDxcfQ4JYGyfT6crVxtWZMTv8=,HGzpF/atkya0pG2C5ysfI29kybQ=
-3,-10,1hWDxcfQ4JYGyfT6crVxtWZMTv8=,wSeQ0IXZqorgRfWQjvN8D2a57x0=
-1,-11,RavnaCTyoFdvldKM0ejQJnZLWgQ=,Egvseoq0RiMGQrOsO2chFviMBT4=
-2,-11,RavnaCTyoFdvldKM0ejQJnZLWgQ=,Egvseoq0RiMGQrOsO2chFviMBT4=
-1,-13,kBzLOlCJeA/BSSomaAV+0j9g/Ck=,F/exreWJFTYaF9GHwJIta7D1MGE=
-1,-12,RavnaCTyoFdvldKM0ejQJnZLWgQ=,Egvseoq0RiMGQrOsO2chFviMBT4=
-2,-10,1hWDxcfQ4JYGyfT6crVxtWZMTv8=,HGzpF/atkya0pG2C5ysfI29kybQ=
-9,-22,sdm/Jf00AQ+MGNxsxOk5ekpUIBc=,Iyo/v6odGcZ2RIZU/EhxNIBEj8g=
-8,-23,sdm/Jf00AQ+MGNxsxOk5ekpUIBc=,3L2T26YMXBSzdImnstWqoGz7T7Y=
-8,-22,sdm/Jf00AQ+MGNxsxOk5ekpUIBc=,XZbGEtLqrA7NTCSmOjGlRsdv0rU=
-9,-23,sdm/Jf00AQ+MGNxsxOk5ekpUIBc=,/2sMfMap84P01Tux+llekrvl9xc=
-8,-18,EtMLBstA8CLTk8mGGX+7E5jy9nE=,nZpfqKXkBvTwxHIDKgR1mOXLzpE=
-9,-18,EtMLBstA8CLTk8mGGX+7E5jy9nE=,/MMuwGCswGIOZMqbmu83N+QHbhY=
-9,-21,EtMLBstA8CLTk8mGGX+7E5jy9nE=,Iyo/v6odGcZ2RIZU/EhxNIBEj8g=
-8,-19,EtMLBstA8CLTk8mGGX+7E5jy9nE=,unDJgQQNG2d1Fm75CgR6ddW/U50=
-8,-20,EtMLBstA8CLTk8mGGX+7E5jy9nE=,unDJgQQNG2d1Fm75CgR6ddW/U50=
-9,-20,EtMLBstA8CLTk8mGGX+7E5jy9nE=,X/sy1vHxDDBxzKQXlHwWXuJlOhY=
-9,-19,EtMLBstA8CLTk8mGGX+7E5jy9nE=,X/sy1vHxDDBxzKQXlHwWXuJlOhY=
-8,-21,EtMLBstA8CLTk8mGGX+7E5jy9nE=,XZbGEtLqrA7NTCSmOjGlRsdv0rU=
-8,-17,EtMLBstA8CLTk8mGGX+7E5jy9nE=,nZpfqKXkBvTwxHIDKgR1mOXLzpE=
-10,-18,EtMLBstA8CLTk8mGGX+7E5jy9nE=,/MMuwGCswGIOZMqbmu83N+QHbhY=
-9,-17,EtMLBstA8CLTk8mGGX+7E5jy9nE=,/MMuwGCswGIOZMqbmu83N+QHbhY=
-9,-25,EtMLBstA8CLTk8mGGX+7E5jy9nE=,cqh1rR02GuAzQsx6ursCDIqkDWM=
-10,-17,EtMLBstA8CLTk8mGGX+7E5jy9nE=,/MMuwGCswGIOZMqbmu83N+QHbhY=
-12,-19,EtMLBstA8CLTk8mGGX+7E5jy9nE=,GR1nJ0U3A46HohqzK1O3z3DP0Qg=
-12,-18,EtMLBstA8CLTk8mGGX+7E5jy9nE=,xzNOqIMrQJhqEVQ9MmJVNbiKbjE=
-11,-18,EtMLBstA8CLTk8mGGX+7E5jy9nE=,xzNOqIMrQJhqEVQ9MmJVNbiKbjE=
-8,-24,EtMLBstA8CLTk8mGGX+7E5jy9nE=,3L2T26YMXBSzdImnstWqoGz7T7Y=
-11,-17,EtMLBstA8CLTk8mGGX+7E5jy9nE=,xzNOqIMrQJhqEVQ9MmJVNbiKbjE=
-13,-19,EtMLBstA8CLTk8mGGX+7E5jy9nE=,CEVCTHJgyuUrNhAvVQfThN0kUco=
-9,-24,EtMLBstA8CLTk8mGGX+7E5jy9nE=,/2sMfMap84P01Tux+llekrvl9xc=
-11,-19,EtMLBstA8CLTk8mGGX+7E5jy9nE=,GR1nJ0U3A46HohqzK1O3z3DP0Qg=
-7,-20,EtMLBstA8CLTk8mGGX+7E5jy9nE=,unDJgQQNG2d1Fm75CgR6ddW/U50=
-10,-19,EtMLBstA8CLTk8mGGX+7E5jy9nE=,X/sy1vHxDDBxzKQXlHwWXuJlOhY=
-7,-21,EtMLBstA8CLTk8mGGX+7E5jy9nE=,XZbGEtLqrA7NTCSmOjGlRsdv0rU=
-6,-20,EtMLBstA8CLTk8mGGX+7E5jy9nE=,xXtL8VRlS9hCzxDKYXHEUYOK5I4=
-7,-22,EtMLBstA8CLTk8mGGX+7E5jy9nE=,XZbGEtLqrA7NTCSmOjGlRsdv0rU=
-7,-23,EtMLBstA8CLTk8mGGX+7E5jy9nE=,3L2T26YMXBSzdImnstWqoGz7T7Y=
-2,-18,EtMLBstA8CLTk8mGGX+7E5jy9nE=,GdM1oqy7W2ixdM9SvmINdE1/BDs=
-2,-17,EtMLBstA8CLTk8mGGX+7E5jy9nE=,GdM1oqy7W2ixdM9SvmINdE1/BDs=
-3,-18,EtMLBstA8CLTk8mGGX+7E5jy9nE=,GdM1oqy7W2ixdM9SvmINdE1/BDs=
-3,-17,EtMLBstA8CLTk8mGGX+7E5jy9nE=,GdM1oqy7W2ixdM9SvmINdE1/BDs=
-9,-26,EtMLBstA8CLTk8mGGX+7E5jy9nE=,cqh1rR02GuAzQsx6ursCDIqkDWM=
-11,-26,EtMLBstA8CLTk8mGGX+7E5jy9nE=,cqh1rR02GuAzQsx6ursCDIqkDWM=
-10,-26,EtMLBstA8CLTk8mGGX+7E5jy9nE=,cqh1rR02GuAzQsx6ursCDIqkDWM=
-7,-24,EtMLBstA8CLTk8mGGX+7E5jy9nE=,3L2T26YMXBSzdImnstWqoGz7T7Y=
-4,-25,EtMLBstA8CLTk8mGGX+7E5jy9nE=,zVOIXaQKy7CYXDk5LUQd4d4rbUw=
-3,-25,EtMLBstA8CLTk8mGGX+7E5jy9nE=,zVOIXaQKy7CYXDk5LUQd4d4rbUw=
-14,-23,EtMLBstA8CLTk8mGGX+7E5jy9nE=,zVOIXaQKy7CYXDk5LUQd4d4rbUw=
-14,-20,EtMLBstA8CLTk8mGGX+7E5jy9nE=,CEVCTHJgyuUrNhAvVQfThN0kUco=
-14,-19,EtMLBstA8CLTk8mGGX+7E5jy9nE=,CEVCTHJgyuUrNhAvVQfThN0kUco=
-7,-30,EtMLBstA8CLTk8mGGX+7E5jy9nE=,ThbXyLPkd1w0aEPB5AkHVz07C9s=
-7,-29,EtMLBstA8CLTk8mGGX+7E5jy9nE=,ThbXyLPkd1w0aEPB5AkHVz07C9s=
-6,-28,EtMLBstA8CLTk8mGGX+7E5jy9nE=,ThbXyLPkd1w0aEPB5AkHVz07C9s=
-6,-27,EtMLBstA8CLTk8mGGX+7E5jy9nE=,ThbXyLPkd1w0aEPB5AkHVz07C9s=
-14,-24,EtMLBstA8CLTk8mGGX+7E5jy9nE=,zVOIXaQKy7CYXDk5LUQd4d4rbUw=
-12,-26,EtMLBstA8CLTk8mGGX+7E5jy9nE=,cqh1rR02GuAzQsx6ursCDIqkDWM=
-13,-27,EtMLBstA8CLTk8mGGX+7E5jy9nE=,ThbXyLPkd1w0aEPB5AkHVz07C9s=
-12,-17,EtMLBstA8CLTk8mGGX+7E5jy9nE=,xzNOqIMrQJhqEVQ9MmJVNbiKbjE=
-4,-26,EtMLBstA8CLTk8mGGX+7E5jy9nE=,zVOIXaQKy7CYXDk5LUQd4d4rbUw=
-5,-27,EtMLBstA8CLTk8mGGX+7E5jy9nE=,ThbXyLPkd1w0aEPB5AkHVz07C9s=
-3,-26,EtMLBstA8CLTk8mGGX+7E5jy9nE=,zVOIXaQKy7CYXDk5LUQd4d4rbUw=
-14,-27,EtMLBstA8CLTk8mGGX+7E5jy9nE=,ThbXyLPkd1w0aEPB5AkHVz07C9s=
-8,-29,EtMLBstA8CLTk8mGGX+7E5jy9nE=,ThbXyLPkd1w0aEPB5AkHVz07C9s=
-8,-30,EtMLBstA8CLTk8mGGX+7E5jy9nE=,ThbXyLPkd1w0aEPB5AkHVz07C9s=
-13,-28,EtMLBstA8CLTk8mGGX+7E5jy9nE=,ThbXyLPkd1w0aEPB5AkHVz07C9s=
-5,-20,EtMLBstA8CLTk8mGGX+7E5jy9nE=,xXtL8VRlS9hCzxDKYXHEUYOK5I4=
-14,-28,EtMLBstA8CLTk8mGGX+7E5jy9nE=,ThbXyLPkd1w0aEPB5AkHVz07C9s=
-5,-28,EtMLBstA8CLTk8mGGX+7E5jy9nE=,ThbXyLPkd1w0aEPB5AkHVz07C9s=
-1,-17,EtMLBstA8CLTk8mGGX+7E5jy9nE=,GdM1oqy7W2ixdM9SvmINdE1/BDs=
-1,-18,EtMLBstA8CLTk8mGGX+7E5jy9nE=,GdM1oqy7W2ixdM9SvmINdE1/BDs=
-6,-19,ifk3RPWBlNzai1dbOE30M+g0g1A=,xXtL8VRlS9hCzxDKYXHEUYOK5I4=
-4,-18,ifk3RPWBlNzai1dbOE30M+g0g1A=,GdM1oqy7W2ixdM9SvmINdE1/BDs=
-4,-17,ifk3RPWBlNzai1dbOE30M+g0g1A=,GdM1oqy7W2ixdM9SvmINdE1/BDs=
-5,-19,ifk3RPWBlNzai1dbOE30M+g0g1A=,xXtL8VRlS9hCzxDKYXHEUYOK5I4=
-7,-18,ifk3RPWBlNzai1dbOE30M+g0g1A=,nZpfqKXkBvTwxHIDKgR1mOXLzpE=
-7,-17,ifk3RPWBlNzai1dbOE30M+g0g1A=,nZpfqKXkBvTwxHIDKgR1mOXLzpE=
-6,-17,ifk3RPWBlNzai1dbOE30M+g0g1A=,GdM1oqy7W2ixdM9SvmINdE1/BDs=
-6,-18,ifk3RPWBlNzai1dbOE30M+g0g1A=,GdM1oqy7W2ixdM9SvmINdE1/BDs=
-5,-18,ifk3RPWBlNzai1dbOE30M+g0g1A=,GdM1oqy7W2ixdM9SvmINdE1/BDs=
-5,-17,ifk3RPWBlNzai1dbOE30M+g0g1A=,GdM1oqy7W2ixdM9SvmINdE1/BDs=
-7,-19,ifk3RPWBlNzai1dbOE30M+g0g1A=,unDJgQQNG2d1Fm75CgR6ddW/U50=
-13,-20,ifk3RPWBlNzai1dbOE30M+g0g1A=,CEVCTHJgyuUrNhAvVQfThN0kUco=
-12,-21,ifk3RPWBlNzai1dbOE30M+g0g1A=,kTBxrb4HheZhiJqHdZT7AVelwRo=
-10,-21,ifk3RPWBlNzai1dbOE30M+g0g1A=,Iyo/v6odGcZ2RIZU/EhxNIBEj8g=
-11,-20,ifk3RPWBlNzai1dbOE30M+g0g1A=,GR1nJ0U3A46HohqzK1O3z3DP0Qg=
-11,-21,ifk3RPWBlNzai1dbOE30M+g0g1A=,kTBxrb4HheZhiJqHdZT7AVelwRo=
-12,-20,ifk3RPWBlNzai1dbOE30M+g0g1A=,GR1nJ0U3A46HohqzK1O3z3DP0Qg=
-10,-20,ifk3RPWBlNzai1dbOE30M+g0g1A=,X/sy1vHxDDBxzKQXlHwWXuJlOhY=
-12,-23,ifk3RPWBlNzai1dbOE30M+g0g1A=,/2sMfMap84P01Tux+llekrvl9xc=
-10,-22,ifk3RPWBlNzai1dbOE30M+g0g1A=,Iyo/v6odGcZ2RIZU/EhxNIBEj8g=
-12,-22,ifk3RPWBlNzai1dbOE30M+g0g1A=,kTBxrb4HheZhiJqHdZT7AVelwRo=
-11,-23,ifk3RPWBlNzai1dbOE30M+g0g1A=,/2sMfMap84P01Tux+llekrvl9xc=
-13,-23,ifk3RPWBlNzai1dbOE30M+g0g1A=,zVOIXaQKy7CYXDk5LUQd4d4rbUw=
-12,-24,ifk3RPWBlNzai1dbOE30M+g0g1A=,/2sMfMap84P01Tux+llekrvl9xc=
-11,-24,ifk3RPWBlNzai1dbOE30M+g0g1A=,/2sMfMap84P01Tux+llekrvl9xc=
-13,-24,ifk3RPWBlNzai1dbOE30M+g0g1A=,zVOIXaQKy7CYXDk5LUQd4d4rbUw=
-10,-23,ifk3RPWBlNzai1dbOE30M+g0g1A=,/2sMfMap84P01Tux+llekrvl9xc=
-11,-25,ifk3RPWBlNzai1dbOE30M+g0g1A=,cqh1rR02GuAzQsx6ursCDIqkDWM=
-10,-25,ifk3RPWBlNzai1dbOE30M+g0g1A=,cqh1rR02GuAzQsx6ursCDIqkDWM=
-12,-25,ifk3RPWBlNzai1dbOE30M+g0g1A=,cqh1rR02GuAzQsx6ursCDIqkDWM=
-11,-22,ifk3RPWBlNzai1dbOE30M+g0g1A=,kTBxrb4HheZhiJqHdZT7AVelwRo=
-10,-24,ifk3RPWBlNzai1dbOE30M+g0g1A=,/2sMfMap84P01Tux+llekrvl9xc=
-29,-22,SQMLbe/7nGqumsmUxM+jG2nLn3o=,mNGP/8eZus5XI1IhZRPWwGiHoZs=
-29,-23,SQMLbe/7nGqumsmUxM+jG2nLn3o=,vJvZKtWavxROpCLROBrzcBkI3/A=
-28,-22,SQMLbe/7nGqumsmUxM+jG2nLn3o=,83O33G9jLx6ybLmaTnCfAU2QK/o=
-28,-23,SQMLbe/7nGqumsmUxM+jG2nLn3o=,zVOIXaQKy7CYXDk5LUQd4d4rbUw=
-30,-23,SQMLbe/7nGqumsmUxM+jG2nLn3o=,vJvZKtWavxROpCLROBrzcBkI3/A=
-31,-22,SQMLbe/7nGqumsmUxM+jG2nLn3o=,3rgRXZJ0Mvv4LQ3aX+PkG8F8/JA=
-31,-23,SQMLbe/7nGqumsmUxM+jG2nLn3o=,BaEtoCIrz0olJ8j54dKpMZYQcsI=
-30,-22,SQMLbe/7nGqumsmUxM+jG2nLn3o=,mNGP/8eZus5XI1IhZRPWwGiHoZs=
-29,-20,E5htfEsEeGJkvFxgKnZtpeEbL5c=,CEVCTHJgyuUrNhAvVQfThN0kUco=
-29,-21,E5htfEsEeGJkvFxgKnZtpeEbL5c=,mNGP/8eZus5XI1IhZRPWwGiHoZs=
-28,-20,E5htfEsEeGJkvFxgKnZtpeEbL5c=,nQwQKpPueDWuuZZst1NwMYDflXs=
-28,-21,E5htfEsEeGJkvFxgKnZtpeEbL5c=,83O33G9jLx6ybLmaTnCfAU2QK/o=
-31,-20,3uwL+b2YUF4fxMH5LmATDSnV76Q=,AQrOKld9XymVUdugWnQ1CcbpKCg=
-30,-18,3uwL+b2YUF4fxMH5LmATDSnV76Q=,kroFWYXTGTsCUCkHf9FhxED64ao=
-30,-19,3uwL+b2YUF4fxMH5LmATDSnV76Q=,CEVCTHJgyuUrNhAvVQfThN0kUco=
-30,-21,3uwL+b2YUF4fxMH5LmATDSnV76Q=,mNGP/8eZus5XI1IhZRPWwGiHoZs=
-31,-18,3uwL+b2YUF4fxMH5LmATDSnV76Q=,AxF9i+bdSK5Dyh4Nd715lwtpJ9Y=
-30,-20,3uwL+b2YUF4fxMH5LmATDSnV76Q=,CEVCTHJgyuUrNhAvVQfThN0kUco=
-31,-19,3uwL+b2YUF4fxMH5LmATDSnV76Q=,AQrOKld9XymVUdugWnQ1CcbpKCg=
-31,-21,3uwL+b2YUF4fxMH5LmATDSnV76Q=,3rgRXZJ0Mvv4LQ3aX+PkG8F8/JA=
-27,-23,6lVpddAw74iAoj9dSXy7GUlIH6M=,zVOIXaQKy7CYXDk5LUQd4d4rbUw=
-26,-23,6lVpddAw74iAoj9dSXy7GUlIH6M=,zVOIXaQKy7CYXDk5LUQd4d4rbUw=
-26,-22,6lVpddAw74iAoj9dSXy7GUlIH6M=,83O33G9jLx6ybLmaTnCfAU2QK/o=
-27,-22,6lVpddAw74iAoj9dSXy7GUlIH6M=,83O33G9jLx6ybLmaTnCfAU2QK/o=
-25,-22,6lVpddAw74iAoj9dSXy7GUlIH6M=,83O33G9jLx6ybLmaTnCfAU2QK/o=
-25,-23,6lVpddAw74iAoj9dSXy7GUlIH6M=,zVOIXaQKy7CYXDk5LUQd4d4rbUw=
-25,-24,6lVpddAw74iAoj9dSXy7GUlIH6M=,zVOIXaQKy7CYXDk5LUQd4d4rbUw=
-26,-24,6lVpddAw74iAoj9dSXy7GUlIH6M=,zVOIXaQKy7CYXDk5LUQd4d4rbUw=
-27,-25,6lVpddAw74iAoj9dSXy7GUlIH6M=,sH1kq3FkwkDFK4pgWiulSuAwNXg=
-27,-24,6lVpddAw74iAoj9dSXy7GUlIH6M=,zVOIXaQKy7CYXDk5LUQd4d4rbUw=
-24,-20,6lVpddAw74iAoj9dSXy7GUlIH6M=,4JmFt6SRhICq84oxT+Nf5dr15Lc=
-24,-17,6lVpddAw74iAoj9dSXy7GUlIH6M=,/yTPUWOAN9Ki8aaPAWob0xugYVc=
-25,-19,6lVpddAw74iAoj9dSXy7GUlIH6M=,TVhaRaBiRLVywJF9GkgLT/wb80Q=
-25,-17,6lVpddAw74iAoj9dSXy7GUlIH6M=,dyNx/jzlr9RYv1U70wmbAl9R9RQ=
-27,-21,6lVpddAw74iAoj9dSXy7GUlIH6M=,83O33G9jLx6ybLmaTnCfAU2QK/o=
-27,-20,6lVpddAw74iAoj9dSXy7GUlIH6M=,nQwQKpPueDWuuZZst1NwMYDflXs=
-26,-21,6lVpddAw74iAoj9dSXy7GUlIH6M=,83O33G9jLx6ybLmaTnCfAU2QK/o=
-25,-21,6lVpddAw74iAoj9dSXy7GUlIH6M=,83O33G9jLx6ybLmaTnCfAU2QK/o=
-24,-19,6lVpddAw74iAoj9dSXy7GUlIH6M=,4JmFt6SRhICq84oxT+Nf5dr15Lc=
-24,-18,6lVpddAw74iAoj9dSXy7GUlIH6M=,/yTPUWOAN9Ki8aaPAWob0xugYVc=
-25,-20,6lVpddAw74iAoj9dSXy7GUlIH6M=,TVhaRaBiRLVywJF9GkgLT/wb80Q=
-25,-18,6lVpddAw74iAoj9dSXy7GUlIH6M=,dyNx/jzlr9RYv1U70wmbAl9R9RQ=
-26,-20,6lVpddAw74iAoj9dSXy7GUlIH6M=,TVhaRaBiRLVywJF9GkgLT/wb80Q=
-28,-19,6lVpddAw74iAoj9dSXy7GUlIH6M=,nQwQKpPueDWuuZZst1NwMYDflXs=
-29,-19,6lVpddAw74iAoj9dSXy7GUlIH6M=,CEVCTHJgyuUrNhAvVQfThN0kUco=
-29,-18,6lVpddAw74iAoj9dSXy7GUlIH6M=,kroFWYXTGTsCUCkHf9FhxED64ao=
-26,-17,6lVpddAw74iAoj9dSXy7GUlIH6M=,dyNx/jzlr9RYv1U70wmbAl9R9RQ=
-26,-18,6lVpddAw74iAoj9dSXy7GUlIH6M=,dyNx/jzlr9RYv1U70wmbAl9R9RQ=
-29,-17,6lVpddAw74iAoj9dSXy7GUlIH6M=,kroFWYXTGTsCUCkHf9FhxED64ao=
-27,-19,6lVpddAw74iAoj9dSXy7GUlIH6M=,nQwQKpPueDWuuZZst1NwMYDflXs=
-26,-19,6lVpddAw74iAoj9dSXy7GUlIH6M=,TVhaRaBiRLVywJF9GkgLT/wb80Q=
-28,-18,6lVpddAw74iAoj9dSXy7GUlIH6M=,K9+T+9pWREO/nA+1FgOBy9y1NpA=
-28,-17,6lVpddAw74iAoj9dSXy7GUlIH6M=,K9+T+9pWREO/nA+1FgOBy9y1NpA=
-27,-18,6lVpddAw74iAoj9dSXy7GUlIH6M=,K9+T+9pWREO/nA+1FgOBy9y1NpA=
-27,-17,iiAdWMuXxPsiHf4sedSrAQDAztQ=,K9+T+9pWREO/nA+1FgOBy9y1NpA=
-32,-25,iiAdWMuXxPsiHf4sedSrAQDAztQ=,83O33G9jLx6ybLmaTnCfAU2QK/o=
-32,-24,iiAdWMuXxPsiHf4sedSrAQDAztQ=,BaEtoCIrz0olJ8j54dKpMZYQcsI=
-32,-23,C91wdZ2mNgxHfqQNNYRIcJovylY=,BaEtoCIrz0olJ8j54dKpMZYQcsI=
-32,-22,C91wdZ2mNgxHfqQNNYRIcJovylY=,3rgRXZJ0Mvv4LQ3aX+PkG8F8/JA=
-32,-20,C91wdZ2mNgxHfqQNNYRIcJovylY=,AQrOKld9XymVUdugWnQ1CcbpKCg=
-32,-21,C91wdZ2mNgxHfqQNNYRIcJovylY=,3rgRXZJ0Mvv4LQ3aX+PkG8F8/JA=
-32,-18,C91wdZ2mNgxHfqQNNYRIcJovylY=,AxF9i+bdSK5Dyh4Nd715lwtpJ9Y=
-32,-19,C91wdZ2mNgxHfqQNNYRIcJovylY=,AQrOKld9XymVUdugWnQ1CcbpKCg=
-27,-26,C91wdZ2mNgxHfqQNNYRIcJovylY=,sH1kq3FkwkDFK4pgWiulSuAwNXg=
-24,-29,C91wdZ2mNgxHfqQNNYRIcJovylY=,ThbXyLPkd1w0aEPB5AkHVz07C9s=
-23,-17,C91wdZ2mNgxHfqQNNYRIcJovylY=,/yTPUWOAN9Ki8aaPAWob0xugYVc=
-30,-17,C91wdZ2mNgxHfqQNNYRIcJovylY=,kroFWYXTGTsCUCkHf9FhxED64ao=
-31,-17,C91wdZ2mNgxHfqQNNYRIcJovylY=,AxF9i+bdSK5Dyh4Nd715lwtpJ9Y=
-32,-17,C91wdZ2mNgxHfqQNNYRIcJovylY=,AxF9i+bdSK5Dyh4Nd715lwtpJ9Y=
-23,-29,C91wdZ2mNgxHfqQNNYRIcJovylY=,ThbXyLPkd1w0aEPB5AkHVz07C9s=
-31,-32,C91wdZ2mNgxHfqQNNYRIcJovylY=,j6YvtFcHPKa33C8Y/3Ea1Ydh9u0=
-32,-32,C91wdZ2mNgxHfqQNNYRIcJovylY=,j6YvtFcHPKa33C8Y/3Ea1Ydh9u0=
-20,-17,C91wdZ2mNgxHfqQNNYRIcJovylY=,CEVCTHJgyuUrNhAvVQfThN0kUco=
-23,-30,C91wdZ2mNgxHfqQNNYRIcJovylY=,ThbXyLPkd1w0aEPB5AkHVz07C9s=
-19,-18,C91wdZ2mNgxHfqQNNYRIcJovylY=,CEVCTHJgyuUrNhAvVQfThN0kUco=
-19,-17,C91wdZ2mNgxHfqQNNYRIcJovylY=,CEVCTHJgyuUrNhAvVQfThN0kUco=
-23,-19,C91wdZ2mNgxHfqQNNYRIcJovylY=,4JmFt6SRhICq84oxT+Nf5dr15Lc=
-23,-18,C91wdZ2mNgxHfqQNNYRIcJovylY=,/yTPUWOAN9Ki8aaPAWob0xugYVc=
-20,-18,C91wdZ2mNgxHfqQNNYRIcJovylY=,CEVCTHJgyuUrNhAvVQfThN0kUco=
-23,-20,C91wdZ2mNgxHfqQNNYRIcJovylY=,4JmFt6SRhICq84oxT+Nf5dr15Lc=
-24,-30,C91wdZ2mNgxHfqQNNYRIcJovylY=,ThbXyLPkd1w0aEPB5AkHVz07C9s=
-29,-28,C91wdZ2mNgxHfqQNNYRIcJovylY=,mZMdYDki4EwbosNNQZPoKimxfz0=
-17,-29,C91wdZ2mNgxHfqQNNYRIcJovylY=,ThbXyLPkd1w0aEPB5AkHVz07C9s=
-18,-29,C91wdZ2mNgxHfqQNNYRIcJovylY=,ThbXyLPkd1w0aEPB5AkHVz07C9s=
-17,-30,C91wdZ2mNgxHfqQNNYRIcJovylY=,ThbXyLPkd1w0aEPB5AkHVz07C9s=
-18,-30,C91wdZ2mNgxHfqQNNYRIcJovylY=,ThbXyLPkd1w0aEPB5AkHVz07C9s=
-17,-21,C91wdZ2mNgxHfqQNNYRIcJovylY=,zVOIXaQKy7CYXDk5LUQd4d4rbUw=
-18,-21,C91wdZ2mNgxHfqQNNYRIcJovylY=,zVOIXaQKy7CYXDk5LUQd4d4rbUw=
-17,-22,C91wdZ2mNgxHfqQNNYRIcJovylY=,zVOIXaQKy7CYXDk5LUQd4d4rbUw=
-18,-22,C91wdZ2mNgxHfqQNNYRIcJovylY=,zVOIXaQKy7CYXDk5LUQd4d4rbUw=
-31,-31,C91wdZ2mNgxHfqQNNYRIcJovylY=,j6YvtFcHPKa33C8Y/3Ea1Ydh9u0=
-31,-30,C91wdZ2mNgxHfqQNNYRIcJovylY=,V+rcHv/YDCZ3I73EK94cc/Hk1BA=
-32,-30,C91wdZ2mNgxHfqQNNYRIcJovylY=,V+rcHv/YDCZ3I73EK94cc/Hk1BA=
-32,-31,C91wdZ2mNgxHfqQNNYRIcJovylY=,j6YvtFcHPKa33C8Y/3Ea1Ydh9u0=
-29,-27,C91wdZ2mNgxHfqQNNYRIcJovylY=,mZMdYDki4EwbosNNQZPoKimxfz0=
-29,-25,C91wdZ2mNgxHfqQNNYRIcJovylY=,AiWwskITDLGDSU2zjIF7JhGvw3s=
-29,-24,C91wdZ2mNgxHfqQNNYRIcJovylY=,vJvZKtWavxROpCLROBrzcBkI3/A=
-28,-25,C91wdZ2mNgxHfqQNNYRIcJovylY=,sH1kq3FkwkDFK4pgWiulSuAwNXg=
-30,-25,C91wdZ2mNgxHfqQNNYRIcJovylY=,AiWwskITDLGDSU2zjIF7JhGvw3s=
-31,-24,C91wdZ2mNgxHfqQNNYRIcJovylY=,BaEtoCIrz0olJ8j54dKpMZYQcsI=
-31,-25,C91wdZ2mNgxHfqQNNYRIcJovylY=,83O33G9jLx6ybLmaTnCfAU2QK/o=
-30,-24,C91wdZ2mNgxHfqQNNYRIcJovylY=,vJvZKtWavxROpCLROBrzcBkI3/A=
-28,-26,C91wdZ2mNgxHfqQNNYRIcJovylY=,sH1kq3FkwkDFK4pgWiulSuAwNXg=
-29,-26,C91wdZ2mNgxHfqQNNYRIcJovylY=,AiWwskITDLGDSU2zjIF7JhGvw3s=
-28,-24,C91wdZ2mNgxHfqQNNYRIcJovylY=,zVOIXaQKy7CYXDk5LUQd4d4rbUw=
-30,-28,hi3CWQBkTH1kdRljI3G9AiSTYvk=,mZMdYDki4EwbosNNQZPoKimxfz0=
-30,-27,hi3CWQBkTH1kdRljI3G9AiSTYvk=,mZMdYDki4EwbosNNQZPoKimxfz0=
-31,-28,hi3CWQBkTH1kdRljI3G9AiSTYvk=,zRGBX3+D0T8qT/To0wYI4ZyjRtc=
-32,-28,hi3CWQBkTH1kdRljI3G9AiSTYvk=,zRGBX3+D0T8qT/To0wYI4ZyjRtc=
-31,-26,hi3CWQBkTH1kdRljI3G9AiSTYvk=,83O33G9jLx6ybLmaTnCfAU2QK/o=
-31,-29,hi3CWQBkTH1kdRljI3G9AiSTYvk=,V+rcHv/YDCZ3I73EK94cc/Hk1BA=
-32,-26,hi3CWQBkTH1kdRljI3G9AiSTYvk=,83O33G9jLx6ybLmaTnCfAU2QK/o=
-32,-29,hi3CWQBkTH1kdRljI3G9AiSTYvk=,V+rcHv/YDCZ3I73EK94cc/Hk1BA=
-30,-26,hi3CWQBkTH1kdRljI3G9AiSTYvk=,AiWwskITDLGDSU2zjIF7JhGvw3s=
-32,-27,hi3CWQBkTH1kdRljI3G9AiSTYvk=,zRGBX3+D0T8qT/To0wYI4ZyjRtc=
-31,-27,hi3CWQBkTH1kdRljI3G9AiSTYvk=,zRGBX3+D0T8qT/To0wYI4ZyjRtc=
-30,-4,H60EJzzvye7Tdej66pnsLuIB2L4=,i8IBDYSb4bKoPO0QND4cgEU8CWA=
-31,-4,fNJRuByhhy/+EVyOGR9Ja06uRF0=,oY6+lsTd+tCKvwfxopvKbFFxptk=
-30,-5,H60EJzzvye7Tdej66pnsLuIB2L4=,kPxIPFjIDHhGOvXLNgpfVBDVg+c=
-31,-5,H60EJzzvye7Tdej66pnsLuIB2L4=,NjvsWWdEv2alvGi8rIJl6EWvQPs=
-28,-6,H60EJzzvye7Tdej66pnsLuIB2L4=,ClJv0jTLGXEDQkeDmHWiqfTn1jg=
-29,-6,H60EJzzvye7Tdej66pnsLuIB2L4=,kPxIPFjIDHhGOvXLNgpfVBDVg+c=
-29,-7,H60EJzzvye7Tdej66pnsLuIB2L4=,OIMeyuYmjUaAM5TU9BIE8zKrSd4=
-28,-7,H60EJzzvye7Tdej66pnsLuIB2L4=,OIMeyuYmjUaAM5TU9BIE8zKrSd4=
-29,-4,hHDbaRx4Avno/N8SHnB3btSsRm8=,i8IBDYSb4bKoPO0QND4cgEU8CWA=
-28,-4,hHDbaRx4Avno/N8SHnB3btSsRm8=,ClJv0jTLGXEDQkeDmHWiqfTn1jg=
-29,-5,hHDbaRx4Avno/N8SHnB3btSsRm8=,kPxIPFjIDHhGOvXLNgpfVBDVg+c=
-28,-5,hHDbaRx4Avno/N8SHnB3btSsRm8=,ClJv0jTLGXEDQkeDmHWiqfTn1jg=
-29,-2,H60EJzzvye7Tdej66pnsLuIB2L4=,8HNswKjyxQnTt7rnE+ZpxZ9FRbc=
-29,-3,H60EJzzvye7Tdej66pnsLuIB2L4=,i8IBDYSb4bKoPO0QND4cgEU8CWA=
-28,-3,H60EJzzvye7Tdej66pnsLuIB2L4=,ClJv0jTLGXEDQkeDmHWiqfTn1jg=
-28,-2,H60EJzzvye7Tdej66pnsLuIB2L4=,J+C1iKkYAEQcnoigIMlj+QL0xuM=
-26,-4,hHDbaRx4Avno/N8SHnB3btSsRm8=,ClJv0jTLGXEDQkeDmHWiqfTn1jg=
-27,-4,hHDbaRx4Avno/N8SHnB3btSsRm8=,ClJv0jTLGXEDQkeDmHWiqfTn1jg=
-26,-5,hHDbaRx4Avno/N8SHnB3btSsRm8=,jRtM79ZqlUrwdhkdI7BxhL0LODA=
-27,-5,hHDbaRx4Avno/N8SHnB3btSsRm8=,ClJv0jTLGXEDQkeDmHWiqfTn1jg=
-27,-6,H60EJzzvye7Tdej66pnsLuIB2L4=,ClJv0jTLGXEDQkeDmHWiqfTn1jg=
-26,-6,H60EJzzvye7Tdej66pnsLuIB2L4=,jRtM79ZqlUrwdhkdI7BxhL0LODA=
-26,-7,H60EJzzvye7Tdej66pnsLuIB2L4=,YIF5tdECJz8sUa8EjBTjYDbiDEM=
-27,-7,H60EJzzvye7Tdej66pnsLuIB2L4=,OIMeyuYmjUaAM5TU9BIE8zKrSd4=
-26,-2,hHDbaRx4Avno/N8SHnB3btSsRm8=,YRgK97indT9MKcRpG7mDQVAOW4E=
-26,-3,hHDbaRx4Avno/N8SHnB3btSsRm8=,ClJv0jTLGXEDQkeDmHWiqfTn1jg=
-27,-3,hHDbaRx4Avno/N8SHnB3btSsRm8=,ClJv0jTLGXEDQkeDmHWiqfTn1jg=
-27,-2,hHDbaRx4Avno/N8SHnB3btSsRm8=,J+C1iKkYAEQcnoigIMlj+QL0xuM=
-27,-8,H60EJzzvye7Tdej66pnsLuIB2L4=,OIMeyuYmjUaAM5TU9BIE8zKrSd4=
-26,-8,H60EJzzvye7Tdej66pnsLuIB2L4=,YIF5tdECJz8sUa8EjBTjYDbiDEM=
-26,-9,ECzpW8uRdZqSEgws0dsVwvhvXQ4=,sJb4n3zObTjkoArz8RWE3H5uMl8=
-27,-9,ECzpW8uRdZqSEgws0dsVwvhvXQ4=,oQfjbrhMGlEe1lg5eGJcgoFXaH4=
-26,-10,IHcySmgCip730JdqmxE+8Slo17A=,sJb4n3zObTjkoArz8RWE3H5uMl8=
-26,-11,IHcySmgCip730JdqmxE+8Slo17A=,eaNK+CsygfM1AYVZB0vaJMPsCC4=
-27,-10,IHcySmgCip730JdqmxE+8Slo17A=,oQfjbrhMGlEe1lg5eGJcgoFXaH4=
-27,-11,IHcySmgCip730JdqmxE+8Slo17A=,dbj3zCgSDyL0fhJOUkBj623jz0k=
-28,-12,6aprx3r23VsP+lTYjwX2b4waFNY=,dbj3zCgSDyL0fhJOUkBj623jz0k=
-29,-12,6aprx3r23VsP+lTYjwX2b4waFNY=,zsdJYFhBBUDcrsHkdvDGp8ALZD8=
-28,-13,6aprx3r23VsP+lTYjwX2b4waFNY=,CEVCTHJgyuUrNhAvVQfThN0kUco=
-29,-13,6aprx3r23VsP+lTYjwX2b4waFNY=,w4qwADkN6+PAXKDKuqjLgSe4OM0=
-31,-12,p9fLLzBQacb0PnrqVYw/U6XeMYo=,zsdJYFhBBUDcrsHkdvDGp8ALZD8=
-30,-12,p9fLLzBQacb0PnrqVYw/U6XeMYo=,zsdJYFhBBUDcrsHkdvDGp8ALZD8=
-30,-13,p9fLLzBQacb0PnrqVYw/U6XeMYo=,w4qwADkN6+PAXKDKuqjLgSe4OM0=
-31,-13,p9fLLzBQacb0PnrqVYw/U6XeMYo=,0S3R4c8FMewgSm47mxI8peZyp2Q=
-32,-12,p9fLLzBQacb0PnrqVYw/U6XeMYo=,zsdJYFhBBUDcrsHkdvDGp8ALZD8=
-32,-13,p9fLLzBQacb0PnrqVYw/U6XeMYo=,0S3R4c8FMewgSm47mxI8peZyp2Q=
-32,-4,fNJRuByhhy/+EVyOGR9Ja06uRF0=,oY6+lsTd+tCKvwfxopvKbFFxptk=
-32,-5,H60EJzzvye7Tdej66pnsLuIB2L4=,NjvsWWdEv2alvGi8rIJl6EWvQPs=
-28,-8,H60EJzzvye7Tdej66pnsLuIB2L4=,OIMeyuYmjUaAM5TU9BIE8zKrSd4=
-28,-10,p9fLLzBQacb0PnrqVYw/U6XeMYo=,oQfjbrhMGlEe1lg5eGJcgoFXaH4=
-29,-8,H60EJzzvye7Tdej66pnsLuIB2L4=,OIMeyuYmjUaAM5TU9BIE8zKrSd4=
-28,-9,p9fLLzBQacb0PnrqVYw/U6XeMYo=,oQfjbrhMGlEe1lg5eGJcgoFXaH4=
-29,-10,p9fLLzBQacb0PnrqVYw/U6XeMYo=,ZBSuV19kcQBIyR87B5nmsWqOHuE=
-29,-11,p9fLLzBQacb0PnrqVYw/U6XeMYo=,zsdJYFhBBUDcrsHkdvDGp8ALZD8=
-28,-11,p9fLLzBQacb0PnrqVYw/U6XeMYo=,dbj3zCgSDyL0fhJOUkBj623jz0k=
-29,-9,p9fLLzBQacb0PnrqVYw/U6XeMYo=,ZBSuV19kcQBIyR87B5nmsWqOHuE=
-29,-1,H60EJzzvye7Tdej66pnsLuIB2L4=,8HNswKjyxQnTt7rnE+ZpxZ9FRbc=
-28,-1,H60EJzzvye7Tdej66pnsLuIB2L4=,J+C1iKkYAEQcnoigIMlj+QL0xuM=
-26,-1,H60EJzzvye7Tdej66pnsLuIB2L4=,YRgK97indT9MKcRpG7mDQVAOW4E=
-27,-1,H60EJzzvye7Tdej66pnsLuIB2L4=,J+C1iKkYAEQcnoigIMlj+QL0xuM=
-32,-11,fDUYM5R3znYxkZtEGAd9nob3kk0=,zsdJYFhBBUDcrsHkdvDGp8ALZD8=
-32,-10,fDUYM5R3znYxkZtEGAd9nob3kk0=,4qNpA4MzZlZiOi3d3udLveHl3xw=
-31,-10,fDUYM5R3znYxkZtEGAd9nob3kk0=,4qNpA4MzZlZiOi3d3udLveHl3xw=
-30,-10,fDUYM5R3znYxkZtEGAd9nob3kk0=,ZBSuV19kcQBIyR87B5nmsWqOHuE=
-31,-11,fDUYM5R3znYxkZtEGAd9nob3kk0=,zsdJYFhBBUDcrsHkdvDGp8ALZD8=
-30,-11,fDUYM5R3znYxkZtEGAd9nob3kk0=,zsdJYFhBBUDcrsHkdvDGp8ALZD8=
-30,-8,H60EJzzvye7Tdej66pnsLuIB2L4=,OIMeyuYmjUaAM5TU9BIE8zKrSd4=
-32,-6,H60EJzzvye7Tdej66pnsLuIB2L4=,NjvsWWdEv2alvGi8rIJl6EWvQPs=
-32,-8,wtRBHcK+cpIgj4SkzqrqY//uVyY=,6ThOQkT0X8i50pTR4b4SnPj6KvQ=
-31,-8,wtRBHcK+cpIgj4SkzqrqY//uVyY=,6ThOQkT0X8i50pTR4b4SnPj6KvQ=
-30,-6,H60EJzzvye7Tdej66pnsLuIB2L4=,kPxIPFjIDHhGOvXLNgpfVBDVg+c=
-30,-7,H60EJzzvye7Tdej66pnsLuIB2L4=,OIMeyuYmjUaAM5TU9BIE8zKrSd4=
-32,-7,wtRBHcK+cpIgj4SkzqrqY//uVyY=,6ThOQkT0X8i50pTR4b4SnPj6KvQ=
-31,-6,H60EJzzvye7Tdej66pnsLuIB2L4=,NjvsWWdEv2alvGi8rIJl6EWvQPs=
-30,-9,4KFSrR/vrTyfHFvUhY5Pz6zcM2o=,ZBSuV19kcQBIyR87B5nmsWqOHuE=
-31,-7,wtRBHcK+cpIgj4SkzqrqY//uVyY=,6ThOQkT0X8i50pTR4b4SnPj6KvQ=
-32,-9,4KFSrR/vrTyfHFvUhY5Pz6zcM2o=,4qNpA4MzZlZiOi3d3udLveHl3xw=
-31,-9,4KFSrR/vrTyfHFvUhY5Pz6zcM2o=,4qNpA4MzZlZiOi3d3udLveHl3xw=
-30,-2,H60EJzzvye7Tdej66pnsLuIB2L4=,8HNswKjyxQnTt7rnE+ZpxZ9FRbc=
-32,-2,DFbA7ryrhZO7KnnSBR/PrKNxOcU=,VS/Q77g3EyhxbOGPM1vQr4IhCAs=
-31,-2,DFbA7ryrhZO7KnnSBR/PrKNxOcU=,VS/Q77g3EyhxbOGPM1vQr4IhCAs=
-30,-3,H60EJzzvye7Tdej66pnsLuIB2L4=,i8IBDYSb4bKoPO0QND4cgEU8CWA=
-30,-1,H60EJzzvye7Tdej66pnsLuIB2L4=,8HNswKjyxQnTt7rnE+ZpxZ9FRbc=
-32,-3,fNJRuByhhy/+EVyOGR9Ja06uRF0=,oY6+lsTd+tCKvwfxopvKbFFxptk=
-31,-3,fNJRuByhhy/+EVyOGR9Ja06uRF0=,oY6+lsTd+tCKvwfxopvKbFFxptk=
-31,-1,DFbA7ryrhZO7KnnSBR/PrKNxOcU=,VS/Q77g3EyhxbOGPM1vQr4IhCAs=
-24,-2,YMqVBib5RJyjWvxQ3C4ROuOY+4E=,YIF5tdECJz8sUa8EjBTjYDbiDEM=
-24,-3,YMqVBib5RJyjWvxQ3C4ROuOY+4E=,/2yIfUX+C3WWO268cqI4J5EALAs=
-25,-2,YMqVBib5RJyjWvxQ3C4ROuOY+4E=,YRgK97indT9MKcRpG7mDQVAOW4E=
-25,-3,YMqVBib5RJyjWvxQ3C4ROuOY+4E=,ClJv0jTLGXEDQkeDmHWiqfTn1jg=
-23,-2,YMqVBib5RJyjWvxQ3C4ROuOY+4E=,YIF5tdECJz8sUa8EjBTjYDbiDEM=
-22,-3,YMqVBib5RJyjWvxQ3C4ROuOY+4E=,yhMvZjoxB2WyWXTmooHqFVL0OKo=
-22,-2,YMqVBib5RJyjWvxQ3C4ROuOY+4E=,3rSvszKyCVvHB1Vixe7vio657ok=
-23,-3,YMqVBib5RJyjWvxQ3C4ROuOY+4E=,/2yIfUX+C3WWO268cqI4J5EALAs=
-20,-3,AaU+ubyInuDd26wUaStnqdDgLA8=,/gPDry7JPQEuMGmHGCHYGTAaBJY=
-21,-2,AaU+ubyInuDd26wUaStnqdDgLA8=,3rSvszKyCVvHB1Vixe7vio657ok=
-20,-2,AaU+ubyInuDd26wUaStnqdDgLA8=,B6ZijHF+oN7iBvZSuNbJTItdJFg=
-21,-3,AaU+ubyInuDd26wUaStnqdDgLA8=,yhMvZjoxB2WyWXTmooHqFVL0OKo=
-20,-5,48MjgreTzUuh5RjzetN2exlqylw=,yhMvZjoxB2WyWXTmooHqFVL0OKo=
-21,-5,48MjgreTzUuh5RjzetN2exlqylw=,yhMvZjoxB2WyWXTmooHqFVL0OKo=
-21,-4,48MjgreTzUuh5RjzetN2exlqylw=,yhMvZjoxB2WyWXTmooHqFVL0OKo=
-20,-4,48MjgreTzUuh5RjzetN2exlqylw=,/gPDry7JPQEuMGmHGCHYGTAaBJY=
-24,-4,YMqVBib5RJyjWvxQ3C4ROuOY+4E=,/2yIfUX+C3WWO268cqI4J5EALAs=
-23,-4,YMqVBib5RJyjWvxQ3C4ROuOY+4E=,/2yIfUX+C3WWO268cqI4J5EALAs=
-22,-4,YMqVBib5RJyjWvxQ3C4ROuOY+4E=,yhMvZjoxB2WyWXTmooHqFVL0OKo=
-24,-5,YMqVBib5RJyjWvxQ3C4ROuOY+4E=,/2yIfUX+C3WWO268cqI4J5EALAs=
-25,-4,YMqVBib5RJyjWvxQ3C4ROuOY+4E=,ClJv0jTLGXEDQkeDmHWiqfTn1jg=
-23,-5,YMqVBib5RJyjWvxQ3C4ROuOY+4E=,/2yIfUX+C3WWO268cqI4J5EALAs=
-25,-5,YMqVBib5RJyjWvxQ3C4ROuOY+4E=,jRtM79ZqlUrwdhkdI7BxhL0LODA=
-22,-5,YMqVBib5RJyjWvxQ3C4ROuOY+4E=,yhMvZjoxB2WyWXTmooHqFVL0OKo=
-21,-6,H60EJzzvye7Tdej66pnsLuIB2L4=,yhMvZjoxB2WyWXTmooHqFVL0OKo=
-20,-6,H60EJzzvye7Tdej66pnsLuIB2L4=,yhMvZjoxB2WyWXTmooHqFVL0OKo=
-20,-7,faexNCrW5YWELpNzXTeE2ASsq5Q=,4MHU1XW0blmjTnHRjw1G/N/Fm9g=
-21,-7,faexNCrW5YWELpNzXTeE2ASsq5Q=,dDmCOxmy4gn6g+FJLTr1Yzex0ek=
-24,-6,H60EJzzvye7Tdej66pnsLuIB2L4=,/2yIfUX+C3WWO268cqI4J5EALAs=
-23,-6,H60EJzzvye7Tdej66pnsLuIB2L4=,/2yIfUX+C3WWO268cqI4J5EALAs=
-24,-7,dUf3oeCfdzmg3uaAK3uRvwlZBCo=,K+kxRykMTApo3Uuy2dSUSKnJ6BE=
-23,-7,dUf3oeCfdzmg3uaAK3uRvwlZBCo=,K+kxRykMTApo3Uuy2dSUSKnJ6BE=
-22,-6,H60EJzzvye7Tdej66pnsLuIB2L4=,yhMvZjoxB2WyWXTmooHqFVL0OKo=
-25,-6,H60EJzzvye7Tdej66pnsLuIB2L4=,jRtM79ZqlUrwdhkdI7BxhL0LODA=
-25,-7,H60EJzzvye7Tdej66pnsLuIB2L4=,YIF5tdECJz8sUa8EjBTjYDbiDEM=
-22,-7,dUf3oeCfdzmg3uaAK3uRvwlZBCo=,dDmCOxmy4gn6g+FJLTr1Yzex0ek=
-20,-9,C7dl/4dYZjRCj8Ix6OgAVdMpLCs=,4MHU1XW0blmjTnHRjw1G/N/Fm9g=
-20,-8,C7dl/4dYZjRCj8Ix6OgAVdMpLCs=,4MHU1XW0blmjTnHRjw1G/N/Fm9g=
-21,-8,C7dl/4dYZjRCj8Ix6OgAVdMpLCs=,dDmCOxmy4gn6g+FJLTr1Yzex0ek=
-21,-9,C7dl/4dYZjRCj8Ix6OgAVdMpLCs=,Ki1J8+uVpmiICCIRe52AFrS9rxs=
-24,-8,LvBjS2UBvaieFHdVqzK6Ah+4eSI=,K+kxRykMTApo3Uuy2dSUSKnJ6BE=
-23,-8,LvBjS2UBvaieFHdVqzK6Ah+4eSI=,K+kxRykMTApo3Uuy2dSUSKnJ6BE=
-22,-8,LvBjS2UBvaieFHdVqzK6Ah+4eSI=,dDmCOxmy4gn6g+FJLTr1Yzex0ek=
-24,-9,LvBjS2UBvaieFHdVqzK6Ah+4eSI=,3RNE+IPzGDI4INf6dguJa89x0g8=
-23,-9,LvBjS2UBvaieFHdVqzK6Ah+4eSI=,3RNE+IPzGDI4INf6dguJa89x0g8=
-22,-9,LvBjS2UBvaieFHdVqzK6Ah+4eSI=,Ki1J8+uVpmiICCIRe52AFrS9rxs=
-25,-8,H60EJzzvye7Tdej66pnsLuIB2L4=,YIF5tdECJz8sUa8EjBTjYDbiDEM=
-25,-9,LvBjS2UBvaieFHdVqzK6Ah+4eSI=,sJb4n3zObTjkoArz8RWE3H5uMl8=
-20,-11,qZPxYXvzbMwcHGgU5CqJZf7b34A=,xAZ0KNiNN81NqCQm6oJI2ajR48U=
-21,-10,qZPxYXvzbMwcHGgU5CqJZf7b34A=,Ki1J8+uVpmiICCIRe52AFrS9rxs=
-20,-10,qZPxYXvzbMwcHGgU5CqJZf7b34A=,4MHU1XW0blmjTnHRjw1G/N/Fm9g=
-21,-11,qZPxYXvzbMwcHGgU5CqJZf7b34A=,QfAbBMk/1eh9lFjhKVnRFagduRg=
-22,-11,EIIppIOi41C4Wd0azW11v9UAo+0=,QfAbBMk/1eh9lFjhKVnRFagduRg=
-22,-10,EIIppIOi41C4Wd0azW11v9UAo+0=,Ki1J8+uVpmiICCIRe52AFrS9rxs=
-24,-10,EIIppIOi41C4Wd0azW11v9UAo+0=,3RNE+IPzGDI4INf6dguJa89x0g8=
-23,-10,EIIppIOi41C4Wd0azW11v9UAo+0=,3RNE+IPzGDI4INf6dguJa89x0g8=
-24,-11,EIIppIOi41C4Wd0azW11v9UAo+0=,9/4u4e4oKgLKXpSpSbGvJWkk7jI=
-23,-11,EIIppIOi41C4Wd0azW11v9UAo+0=,9/4u4e4oKgLKXpSpSbGvJWkk7jI=
-25,-10,EIIppIOi41C4Wd0azW11v9UAo+0=,sJb4n3zObTjkoArz8RWE3H5uMl8=
-25,-11,EIIppIOi41C4Wd0azW11v9UAo+0=,eaNK+CsygfM1AYVZB0vaJMPsCC4=
-22,-12,qMk7c5qmMtg/CQyaNrHR2a5niHY=,QfAbBMk/1eh9lFjhKVnRFagduRg=
-23,-13,qMk7c5qmMtg/CQyaNrHR2a5niHY=,3RNE+IPzGDI4INf6dguJa89x0g8=
-21,-12,qMk7c5qmMtg/CQyaNrHR2a5niHY=,QfAbBMk/1eh9lFjhKVnRFagduRg=
-22,-13,qMk7c5qmMtg/CQyaNrHR2a5niHY=,F0jZvfAPW1NcITTdVn1h7LsAi4E=
-20,-12,qMk7c5qmMtg/CQyaNrHR2a5niHY=,xAZ0KNiNN81NqCQm6oJI2ajR48U=
-23,-12,qMk7c5qmMtg/CQyaNrHR2a5niHY=,9/4u4e4oKgLKXpSpSbGvJWkk7jI=
-20,-13,qMk7c5qmMtg/CQyaNrHR2a5niHY=,b2dsNu8MLBTJgRGCrObGRzD2V1s=
-21,-13,gnV6mAdu48rW6BYKIHTZZZubEDo=,F0jZvfAPW1NcITTdVn1h7LsAi4E=
-22,-14,gnV6mAdu48rW6BYKIHTZZZubEDo=,F0jZvfAPW1NcITTdVn1h7LsAi4E=
-23,-14,gnV6mAdu48rW6BYKIHTZZZubEDo=,3RNE+IPzGDI4INf6dguJa89x0g8=
-22,-15,gnV6mAdu48rW6BYKIHTZZZubEDo=,l9EVyFAr5kmGvk+WDxLEq8+Dglg=
-23,-15,gnV6mAdu48rW6BYKIHTZZZubEDo=,nQwQKpPueDWuuZZst1NwMYDflXs=
-20,-15,e8ijTsZxKDs0DFKf7Au6S21guao=,/SGgwS+4z0LPFN0YUQncgt6MIbs=
-21,-14,e8ijTsZxKDs0DFKf7Au6S21guao=,F0jZvfAPW1NcITTdVn1h7LsAi4E=
-21,-15,e8ijTsZxKDs0DFKf7Au6S21guao=,l9EVyFAr5kmGvk+WDxLEq8+Dglg=
-20,-14,e8ijTsZxKDs0DFKf7Au6S21guao=,b2dsNu8MLBTJgRGCrObGRzD2V1s=
-24,-13,e8ijTsZxKDs0DFKf7Au6S21guao=,3RNE+IPzGDI4INf6dguJa89x0g8=
-24,-12,e8ijTsZxKDs0DFKf7Au6S21guao=,9/4u4e4oKgLKXpSpSbGvJWkk7jI=
-26,-12,e8ijTsZxKDs0DFKf7Au6S21guao=,eaNK+CsygfM1AYVZB0vaJMPsCC4=
-25,-12,e8ijTsZxKDs0DFKf7Au6S21guao=,eaNK+CsygfM1AYVZB0vaJMPsCC4=
-26,-13,e8ijTsZxKDs0DFKf7Au6S21guao=,K8JpMOJCBVzROPDlK53QjgrCx/E=
-25,-13,e8ijTsZxKDs0DFKf7Au6S21guao=,K8JpMOJCBVzROPDlK53QjgrCx/E=
-27,-12,e8ijTsZxKDs0DFKf7Au6S21guao=,dbj3zCgSDyL0fhJOUkBj623jz0k=
-27,-13,e8ijTsZxKDs0DFKf7Au6S21guao=,CEVCTHJgyuUrNhAvVQfThN0kUco=
-27,-14,D4ed5Wq68yfbwB/NsSHarw9K1AE=,CEVCTHJgyuUrNhAvVQfThN0kUco=
-24,-14,D4ed5Wq68yfbwB/NsSHarw9K1AE=,3RNE+IPzGDI4INf6dguJa89x0g8=
-26,-14,D4ed5Wq68yfbwB/NsSHarw9K1AE=,K8JpMOJCBVzROPDlK53QjgrCx/E=
-25,-14,D4ed5Wq68yfbwB/NsSHarw9K1AE=,K8JpMOJCBVzROPDlK53QjgrCx/E=
-24,-15,D4ed5Wq68yfbwB/NsSHarw9K1AE=,nQwQKpPueDWuuZZst1NwMYDflXs=
-26,-15,D4ed5Wq68yfbwB/NsSHarw9K1AE=,+2hGgI9TWJxmmXK4iQPXns6r114=
-25,-15,D4ed5Wq68yfbwB/NsSHarw9K1AE=,+2hGgI9TWJxmmXK4iQPXns6r114=
-27,-15,D4ed5Wq68yfbwB/NsSHarw9K1AE=,nQwQKpPueDWuuZZst1NwMYDflXs=
-19,-14,tWG+aqE0u0UnUF3NO0duQZi+xyY=,b2dsNu8MLBTJgRGCrObGRzD2V1s=
-19,-15,tWG+aqE0u0UnUF3NO0duQZi+xyY=,/SGgwS+4z0LPFN0YUQncgt6MIbs=
-18,-15,tWG+aqE0u0UnUF3NO0duQZi+xyY=,BK3xOxEEVZDDfnktVXy8PbbvVCY=
-18,-14,tWG+aqE0u0UnUF3NO0duQZi+xyY=,BK3xOxEEVZDDfnktVXy8PbbvVCY=
-19,-12,OQtkfzs9Oa2ZIrmh9PkdzjepIYk=,xAZ0KNiNN81NqCQm6oJI2ajR48U=
-18,-12,OQtkfzs9Oa2ZIrmh9PkdzjepIYk=,xAZ0KNiNN81NqCQm6oJI2ajR48U=
-18,-13,OQtkfzs9Oa2ZIrmh9PkdzjepIYk=,BK3xOxEEVZDDfnktVXy8PbbvVCY=
-19,-13,OQtkfzs9Oa2ZIrmh9PkdzjepIYk=,b2dsNu8MLBTJgRGCrObGRzD2V1s=
-19,-10,Xsp6rQbvszWMBktFYjq48uGYFo0=,4MHU1XW0blmjTnHRjw1G/N/Fm9g=
-19,-11,Xsp6rQbvszWMBktFYjq48uGYFo0=,xAZ0KNiNN81NqCQm6oJI2ajR48U=
-18,-11,Xsp6rQbvszWMBktFYjq48uGYFo0=,xAZ0KNiNN81NqCQm6oJI2ajR48U=
-18,-10,Xsp6rQbvszWMBktFYjq48uGYFo0=,C//7m/I3D00SRw7hZ5aS16jIoiU=
-19,-8,NLaUoTpTe5H4/eoaf+H0KeuL/X4=,4MHU1XW0blmjTnHRjw1G/N/Fm9g=
-19,-9,NLaUoTpTe5H4/eoaf+H0KeuL/X4=,4MHU1XW0blmjTnHRjw1G/N/Fm9g=
-18,-8,NLaUoTpTe5H4/eoaf+H0KeuL/X4=,6el0qCvCv1H1vCBSDdYge/taldE=
-18,-9,NLaUoTpTe5H4/eoaf+H0KeuL/X4=,C//7m/I3D00SRw7hZ5aS16jIoiU=
-18,-7,cSR47gP1nf7LqnMoh/W6OpSIN2Q=,6el0qCvCv1H1vCBSDdYge/taldE=
-18,-6,YMqVBib5RJyjWvxQ3C4ROuOY+4E=,/gPDry7JPQEuMGmHGCHYGTAaBJY=
-19,-6,YMqVBib5RJyjWvxQ3C4ROuOY+4E=,yhMvZjoxB2WyWXTmooHqFVL0OKo=
-17,-6,H60EJzzvye7Tdej66pnsLuIB2L4=,/gPDry7JPQEuMGmHGCHYGTAaBJY=
-17,-7,cSR47gP1nf7LqnMoh/W6OpSIN2Q=,6el0qCvCv1H1vCBSDdYge/taldE=
-19,-7,cSR47gP1nf7LqnMoh/W6OpSIN2Q=,4MHU1XW0blmjTnHRjw1G/N/Fm9g=
-21,-1,AaU+ubyInuDd26wUaStnqdDgLA8=,3rSvszKyCVvHB1Vixe7vio657ok=
-24,-1,H60EJzzvye7Tdej66pnsLuIB2L4=,YIF5tdECJz8sUa8EjBTjYDbiDEM=
-25,-1,H60EJzzvye7Tdej66pnsLuIB2L4=,YRgK97indT9MKcRpG7mDQVAOW4E=
-20,-1,AaU+ubyInuDd26wUaStnqdDgLA8=,B6ZijHF+oN7iBvZSuNbJTItdJFg=
-22,-1,H60EJzzvye7Tdej66pnsLuIB2L4=,3rSvszKyCVvHB1Vixe7vio657ok=
-32,-1,DFbA7ryrhZO7KnnSBR/PrKNxOcU=,VS/Q77g3EyhxbOGPM1vQr4IhCAs=
-23,-1,H60EJzzvye7Tdej66pnsLuIB2L4=,YIF5tdECJz8sUa8EjBTjYDbiDEM=
-17,-15,cSW5yWd/tdaP1KO8ASRLjVAsIgc=,BK3xOxEEVZDDfnktVXy8PbbvVCY=
-17,-14,cSW5yWd/tdaP1KO8ASRLjVAsIgc=,BK3xOxEEVZDDfnktVXy8PbbvVCY=
-17,-13,cSW5yWd/tdaP1KO8ASRLjVAsIgc=,BK3xOxEEVZDDfnktVXy8PbbvVCY=
-17,-12,cSW5yWd/tdaP1KO8ASRLjVAsIgc=,xAZ0KNiNN81NqCQm6oJI2ajR48U=
-29,-14,cSW5yWd/tdaP1KO8ASRLjVAsIgc=,w4qwADkN6+PAXKDKuqjLgSe4OM0=
-28,-14,cSW5yWd/tdaP1KO8ASRLjVAsIgc=,CEVCTHJgyuUrNhAvVQfThN0kUco=
-28,-15,cSW5yWd/tdaP1KO8ASRLjVAsIgc=,nQwQKpPueDWuuZZst1NwMYDflXs=
-21,-16,cSW5yWd/tdaP1KO8ASRLjVAsIgc=,l9EVyFAr5kmGvk+WDxLEq8+Dglg=
-20,-16,cSW5yWd/tdaP1KO8ASRLjVAsIgc=,/SGgwS+4z0LPFN0YUQncgt6MIbs=
-17,-8,cSW5yWd/tdaP1KO8ASRLjVAsIgc=,6el0qCvCv1H1vCBSDdYge/taldE=
-22,-16,cSW5yWd/tdaP1KO8ASRLjVAsIgc=,l9EVyFAr5kmGvk+WDxLEq8+Dglg=
-17,-10,cSW5yWd/tdaP1KO8ASRLjVAsIgc=,C//7m/I3D00SRw7hZ5aS16jIoiU=
-24,-16,cSW5yWd/tdaP1KO8ASRLjVAsIgc=,nQwQKpPueDWuuZZst1NwMYDflXs=
-17,-9,cSW5yWd/tdaP1KO8ASRLjVAsIgc=,C//7m/I3D00SRw7hZ5aS16jIoiU=
-23,-16,cSW5yWd/tdaP1KO8ASRLjVAsIgc=,nQwQKpPueDWuuZZst1NwMYDflXs=
-17,-11,cSW5yWd/tdaP1KO8ASRLjVAsIgc=,xAZ0KNiNN81NqCQm6oJI2ajR48U=
-25,-16,cSW5yWd/tdaP1KO8ASRLjVAsIgc=,+2hGgI9TWJxmmXK4iQPXns6r114=
-19,-16,cSW5yWd/tdaP1KO8ASRLjVAsIgc=,/SGgwS+4z0LPFN0YUQncgt6MIbs=
-18,-16,cSW5yWd/tdaP1KO8ASRLjVAsIgc=,BK3xOxEEVZDDfnktVXy8PbbvVCY=
-30,-14,cSW5yWd/tdaP1KO8ASRLjVAsIgc=,w4qwADkN6+PAXKDKuqjLgSe4OM0=
-31,-14,cSW5yWd/tdaP1KO8ASRLjVAsIgc=,0S3R4c8FMewgSm47mxI8peZyp2Q=
-32,-14,cSW5yWd/tdaP1KO8ASRLjVAsIgc=,0S3R4c8FMewgSm47mxI8peZyp2Q=
-17,-16,cSW5yWd/tdaP1KO8ASRLjVAsIgc=,BK3xOxEEVZDDfnktVXy8PbbvVCY=
-28,-16,cSW5yWd/tdaP1KO8ASRLjVAsIgc=,nQwQKpPueDWuuZZst1NwMYDflXs=
-27,-16,cSW5yWd/tdaP1KO8ASRLjVAsIgc=,nQwQKpPueDWuuZZst1NwMYDflXs=
-26,-16,cSW5yWd/tdaP1KO8ASRLjVAsIgc=,+2hGgI9TWJxmmXK4iQPXns6r114=
-18,-5,YMqVBib5RJyjWvxQ3C4ROuOY+4E=,/gPDry7JPQEuMGmHGCHYGTAaBJY=
-19,-4,YMqVBib5RJyjWvxQ3C4ROuOY+4E=,/gPDry7JPQEuMGmHGCHYGTAaBJY=
-18,-4,YMqVBib5RJyjWvxQ3C4ROuOY+4E=,/gPDry7JPQEuMGmHGCHYGTAaBJY=
-17,-5,YMqVBib5RJyjWvxQ3C4ROuOY+4E=,/gPDry7JPQEuMGmHGCHYGTAaBJY=
-19,-5,YMqVBib5RJyjWvxQ3C4ROuOY+4E=,yhMvZjoxB2WyWXTmooHqFVL0OKo=
-17,-4,YMqVBib5RJyjWvxQ3C4ROuOY+4E=,/gPDry7JPQEuMGmHGCHYGTAaBJY=
-19,-1,AaU+ubyInuDd26wUaStnqdDgLA8=,B6ZijHF+oN7iBvZSuNbJTItdJFg=
-19,-3,AaU+ubyInuDd26wUaStnqdDgLA8=,/gPDry7JPQEuMGmHGCHYGTAaBJY=
-17,-3,AaU+ubyInuDd26wUaStnqdDgLA8=,/gPDry7JPQEuMGmHGCHYGTAaBJY=
-18,-2,AaU+ubyInuDd26wUaStnqdDgLA8=,cGarCchbsobToW5NAbMNuvrqaRs=
-17,-1,H60EJzzvye7Tdej66pnsLuIB2L4=,cGarCchbsobToW5NAbMNuvrqaRs=
-18,-3,AaU+ubyInuDd26wUaStnqdDgLA8=,/gPDry7JPQEuMGmHGCHYGTAaBJY=
-18,-1,AaU+ubyInuDd26wUaStnqdDgLA8=,cGarCchbsobToW5NAbMNuvrqaRs=
-19,-2,AaU+ubyInuDd26wUaStnqdDgLA8=,B6ZijHF+oN7iBvZSuNbJTItdJFg=
-17,-2,AaU+ubyInuDd26wUaStnqdDgLA8=,cGarCchbsobToW5NAbMNuvrqaRs=
