2,1,1EN/D7LUkXNJTCxPuWMda0uMHuM=,iqyHE6i/TW3p9zBthTzsKm3xRh8=
2,2,6D4plbVi/rzh7XiiVxS0YCohaJc=,6FmHS82jM1Sq9Sc1q+rGQStZIyg=
1,2,0/ABqPWnpdjdjWs26qSJqLC5mwA=,+TQ/ZqMB/AE6mNTtFQ5kJbzbbwQ=
1,1,QpIbQ6iRgrnIX+HN5HxucIenZlo=,mT+hcN1kj8ZXIE5bDI3ZHJODDYI=
2,4,sZYtdW57VBqqgP6pOXEaouogCBA=,3YjlJziNaVNBiJib5ODci+3kpJg=
2,3,6D4plbVi/rzh7XiiVxS0YCohaJc=,6FmHS82jM1Sq9Sc1q+rGQStZIyg=
1,4,7tJ6KDM+T+B9tgfhTqxZeIXEmy4=,8tNS9Uw4VlmInAhogIn3Bj0lf38=
1,3,0/ABqPWnpdjdjWs26qSJqLC5mwA=,+TQ/ZqMB/AE6mNTtFQ5kJbzbbwQ=
2,5,sZYtdW57VBqqgP6pOXEaouogCBA=,3YjlJziNaVNBiJib5ODci+3kpJg=
2,6,V8PGFmKoNyxTF38JO/3H1zFIXSQ=,K1ccUQgtJ+zBKw8/UDQ8u0tciSI=
1,6,+SNWEt9FoHenUOB+DzUCJF43vlI=,RYCPAH7NqoHEb3p0Ydr7zs2roMI=
1,5,3YIcfAkIY0LabsyhN0HjOwUFhfY=,8tNS9Uw4VlmInAhogIn3Bj0lf38=
2,8,tHGbHYvRVBfpIA6kyEaO06YPWTA=,IgKPVH3J5QNTt09hKQbxZ/oEmWI=
2,7,V8PGFmKoNyxTF38JO/3H1zFIXSQ=,K1ccUQgtJ+zBKw8/UDQ8u0tciSI=
1,8,tHGbHYvRVBfpIA6kyEaO06YPWTA=,qB4NcM/bSP1CTdmJl27QHkYVdg4=
1,7,+SNWEt9FoHenUOB+DzUCJF43vlI=,RYCPAH7NqoHEb3p0Ydr7zs2roMI=
2,9,HQ4dimrPfosCIjcZydK+wTbZ2iQ=,IgKPVH3J5QNTt09hKQbxZ/oEmWI=
2,10,HQ4dimrPfosCIjcZydK+wTbZ2iQ=,uqsnUVqmt5m7XBqKv1BgQvl1o9E=
1,10,HQ4dimrPfosCIjcZydK+wTbZ2iQ=,rrPPbnWLbiaydxFW1vsfTsdBV8c=
1,9,HQ4dimrPfosCIjcZydK+wTbZ2iQ=,qB4NcM/bSP1CTdmJl27QHkYVdg4=
2,12,Xp0kkPwab+yI3KaN7JKz5lhOarA=,Xoobmipf8pCBz/OdFFDVps4MCyQ=
2,11,Xp0kkPwab+yI3KaN7JKz5lhOarA=,uqsnUVqmt5m7XBqKv1BgQvl1o9E=
1,12,dr/ooDSxRq+3IzmYST56sUlwxI0=,GPdJxzmesBmJJzM2RsZKB+QT4ww=
1,11,Xp0kkPwab+yI3KaN7JKz5lhOarA=,rrPPbnWLbiaydxFW1vsfTsdBV8c=
2,13,Xp0kkPwab+yI3KaN7JKz5lhOarA=,Xoobmipf8pCBz/OdFFDVps4MCyQ=
2,14,Xp0kkPwab+yI3KaN7JKz5lhOarA=,BT3j2iAgDJBPtpM9YoPRCnGtrUc=
1,14,Xp0kkPwab+yI3KaN7JKz5lhOarA=,lNhF6PNuBvxn707fdLKewJlZwgQ=
1,13,2byKfnd4lKsvwW8Vm/L5CVjLy8Y=,GPdJxzmesBmJJzM2RsZKB+QT4ww=
4,14,Xp0kkPwab+yI3KaN7JKz5lhOarA=,2RTi3SHD4EW3K5pyKIz5rG8N6P0=
4,13,Xp0kkPwab+yI3KaN7JKz5lhOarA=,tgxn0pAC+2HkP+0Mt5DjEyBJskM=
3,13,Xp0kkPwab+yI3KaN7JKz5lhOarA=,Xoobmipf8pCBz/OdFFDVps4MCyQ=
3,14,Xp0kkPwab+yI3KaN7JKz5lhOarA=,BT3j2iAgDJBPtpM9YoPRCnGtrUc=
4,11,HQ4dimrPfosCIjcZydK+wTbZ2iQ=,it1oUmsSIqHRcKT0IXvId5MVGt8=
4,12,HQ4dimrPfosCIjcZydK+wTbZ2iQ=,tgxn0pAC+2HkP+0Mt5DjEyBJskM=
3,12,Xp0kkPwab+yI3KaN7JKz5lhOarA=,Xoobmipf8pCBz/OdFFDVps4MCyQ=
3,11,Xp0kkPwab+yI3KaN7JKz5lhOarA=,uqsnUVqmt5m7XBqKv1BgQvl1o9E=
4,10,HQ4dimrPfosCIjcZydK+wTbZ2iQ=,it1oUmsSIqHRcKT0IXvId5MVGt8=
4,9,Xp0kkPwab+yI3KaN7JKz5lhOarA=,cIFXZQoOpTrZ38bemtRXucNUkeo=
4,8,V9FujzxgH2Y2YG14VomNKr54hKA=,cIFXZQoOpTrZ38bemtRXucNUkeo=
4,7,qxEftjoWJukwa8iJCb6wFV06FB8=,IsELiV69/VgzjpFojxANLhWPxmQ=
3,9,Xp0kkPwab+yI3KaN7JKz5lhOarA=,IgKPVH3J5QNTt09hKQbxZ/oEmWI=
3,8,V9FujzxgH2Y2YG14VomNKr54hKA=,IgKPVH3J5QNTt09hKQbxZ/oEmWI=
3,10,Xp0kkPwab+yI3KaN7JKz5lhOarA=,uqsnUVqmt5m7XBqKv1BgQvl1o9E=
3,7,V8PGFmKoNyxTF38JO/3H1zFIXSQ=,K1ccUQgtJ+zBKw8/UDQ8u0tciSI=
4,6,qxEftjoWJukwa8iJCb6wFV06FB8=,IsELiV69/VgzjpFojxANLhWPxmQ=
4,5,sZYtdW57VBqqgP6pOXEaouogCBA=,d3Lk/rML6f5aaSBbUBZ1trY0R0I=
3,5,sZYtdW57VBqqgP6pOXEaouogCBA=,3YjlJziNaVNBiJib5ODci+3kpJg=
3,6,WMFCr4UjnjI8+So/UhhcEzFUD1A=,K1ccUQgtJ+zBKw8/UDQ8u0tciSI=
4,3,6D4plbVi/rzh7XiiVxS0YCohaJc=,WOa4y7WPrN7n/eXebQIUrMAhOMc=
4,4,sZYtdW57VBqqgP6pOXEaouogCBA=,d3Lk/rML6f5aaSBbUBZ1trY0R0I=
3,4,sZYtdW57VBqqgP6pOXEaouogCBA=,3YjlJziNaVNBiJib5ODci+3kpJg=
3,3,6D4plbVi/rzh7XiiVxS0YCohaJc=,6FmHS82jM1Sq9Sc1q+rGQStZIyg=
4,2,6D4plbVi/rzh7XiiVxS0YCohaJc=,WOa4y7WPrN7n/eXebQIUrMAhOMc=
4,1,1EN/D7LUkXNJTCxPuWMda0uMHuM=,O+192YQ9hsteAmqXvHBmDECw0lU=
3,1,1EN/D7LUkXNJTCxPuWMda0uMHuM=,iqyHE6i/TW3p9zBthTzsKm3xRh8=
3,2,6D4plbVi/rzh7XiiVxS0YCohaJc=,6FmHS82jM1Sq9Sc1q+rGQStZIyg=
6,3,T95Sud87yZ4oDJaFspufrmYGxcw=,EC1/guM+8bgr3Gj0e8p87Y9nsf0=
6,4,sZYtdW57VBqqgP6pOXEaouogCBA=,Z99u+v2Fq8cCZqxD354rbRb/MDA=
5,3,6D4plbVi/rzh7XiiVxS0YCohaJc=,WOa4y7WPrN7n/eXebQIUrMAhOMc=
5,4,sZYtdW57VBqqgP6pOXEaouogCBA=,d3Lk/rML6f5aaSBbUBZ1trY0R0I=
6,1,w00NKPlxXuEn1zQK5g37nTtbkbg=,xJC2JamqsbuCiPPthRJLtbrcPCM=
6,2,/7TRsnZZ+wJv3sn/HHOkBm1OCcE=,EC1/guM+8bgr3Gj0e8p87Y9nsf0=
5,2,6D4plbVi/rzh7XiiVxS0YCohaJc=,WOa4y7WPrN7n/eXebQIUrMAhOMc=
5,1,1EN/D7LUkXNJTCxPuWMda0uMHuM=,O+192YQ9hsteAmqXvHBmDECw0lU=
6,11,PjEMfuIHg2wVwdExVWIkFJNM55w=,6afJ6rS4vXpWpErRG2XKzEzQatM=
6,13,PjEMfuIHg2wVwdExVWIkFJNM55w=,0t09UduFTb3/1ELYz5IOizmSrIc=
6,12,PjEMfuIHg2wVwdExVWIkFJNM55w=,0t09UduFTb3/1ELYz5IOizmSrIc=
6,14,izR77z56z4wvh/XoCFlpd+t/ihs=,kB690af9tQCVKSZ/fP6CCUXFWJ4=
5,11,PjEMfuIHg2wVwdExVWIkFJNM55w=,it1oUmsSIqHRcKT0IXvId5MVGt8=
5,14,PjEMfuIHg2wVwdExVWIkFJNM55w=,2RTi3SHD4EW3K5pyKIz5rG8N6P0=
5,13,PjEMfuIHg2wVwdExVWIkFJNM55w=,tgxn0pAC+2HkP+0Mt5DjEyBJskM=
5,12,PjEMfuIHg2wVwdExVWIkFJNM55w=,tgxn0pAC+2HkP+0Mt5DjEyBJskM=
6,5,sZYtdW57VBqqgP6pOXEaouogCBA=,Z99u+v2Fq8cCZqxD354rbRb/MDA=
6,6,qxEftjoWJukwa8iJCb6wFV06FB8=,ZxxR26JLYz5+MRJ8j2Dc/xPXxZU=
5,6,qxEftjoWJukwa8iJCb6wFV06FB8=,IsELiV69/VgzjpFojxANLhWPxmQ=
5,5,sZYtdW57VBqqgP6pOXEaouogCBA=,d3Lk/rML6f5aaSBbUBZ1trY0R0I=
6,9,qxEftjoWJukwa8iJCb6wFV06FB8=,yLQIGzCSXEcSn0C4AEbCsNo4EN4=
6,8,qxEftjoWJukwa8iJCb6wFV06FB8=,yLQIGzCSXEcSn0C4AEbCsNo4EN4=
6,10,PjEMfuIHg2wVwdExVWIkFJNM55w=,6afJ6rS4vXpWpErRG2XKzEzQatM=
6,7,qxEftjoWJukwa8iJCb6wFV06FB8=,ZxxR26JLYz5+MRJ8j2Dc/xPXxZU=
5,10,PjEMfuIHg2wVwdExVWIkFJNM55w=,it1oUmsSIqHRcKT0IXvId5MVGt8=
5,9,PjEMfuIHg2wVwdExVWIkFJNM55w=,cIFXZQoOpTrZ38bemtRXucNUkeo=
5,8,V9FujzxgH2Y2YG14VomNKr54hKA=,cIFXZQoOpTrZ38bemtRXucNUkeo=
5,7,qxEftjoWJukwa8iJCb6wFV06FB8=,IsELiV69/VgzjpFojxANLhWPxmQ=
8,7,PI/rWWoZK9p4IgR/XRwAMbVaMu0=,SYj6Ns8oxcl6iaYhWrhQ5k1ipN8=
8,8,MQzoYJxEIwzF/DwWQu1reGJJU7M=,WsoVxXqHmSmtODOSEgjFvh4fa+A=
7,8,qxEftjoWJukwa8iJCb6wFV06FB8=,yLQIGzCSXEcSn0C4AEbCsNo4EN4=
7,7,qxEftjoWJukwa8iJCb6wFV06FB8=,ZxxR26JLYz5+MRJ8j2Dc/xPXxZU=
8,6,PI/rWWoZK9p4IgR/XRwAMbVaMu0=,SYj6Ns8oxcl6iaYhWrhQ5k1ipN8=
8,5,PI/rWWoZK9p4IgR/XRwAMbVaMu0=,1n96W/hyEgqb0lpJVT4RL2CX3JE=
7,5,sZYtdW57VBqqgP6pOXEaouogCBA=,Z99u+v2Fq8cCZqxD354rbRb/MDA=
7,6,qxEftjoWJukwa8iJCb6wFV06FB8=,ZxxR26JLYz5+MRJ8j2Dc/xPXxZU=
8,4,O1/RK7nJ5RSuvLBFnfrRFr0rL84=,1n96W/hyEgqb0lpJVT4RL2CX3JE=
8,3,T95Sud87yZ4oDJaFspufrmYGxcw=,zOKzfp21WdKB+Sc5+Q65TEmgfJY=
7,3,T95Sud87yZ4oDJaFspufrmYGxcw=,EC1/guM+8bgr3Gj0e8p87Y9nsf0=
7,4,sZYtdW57VBqqgP6pOXEaouogCBA=,Z99u+v2Fq8cCZqxD354rbRb/MDA=
8,2,/7TRsnZZ+wJv3sn/HHOkBm1OCcE=,zOKzfp21WdKB+Sc5+Q65TEmgfJY=
8,1,w00NKPlxXuEn1zQK5g37nTtbkbg=,sexfriED8/BJEEO1iu8OXDdLF5E=
7,1,w00NKPlxXuEn1zQK5g37nTtbkbg=,xJC2JamqsbuCiPPthRJLtbrcPCM=
7,2,/7TRsnZZ+wJv3sn/HHOkBm1OCcE=,EC1/guM+8bgr3Gj0e8p87Y9nsf0=
8,10,u6Ut4PgSLZhKbOeVPL/VGWXFQ6s=,jbogSJlfB0BtqF526TES8pUhgCo=
8,9,MQzoYJxEIwzF/DwWQu1reGJJU7M=,WsoVxXqHmSmtODOSEgjFvh4fa+A=
10,12,8mLijobyGhz4rp2kk8nEb7pbwwE=,PTjF1aVZBMxi+XlJNhAE6BsisY8=
7,9,qxEftjoWJukwa8iJCb6wFV06FB8=,yLQIGzCSXEcSn0C4AEbCsNo4EN4=
10,11,8mLijobyGhz4rp2kk8nEb7pbwwE=,jP2gBBr2LEOz5laDggo9+1GduaQ=
8,14,izR77z56z4wvh/XoCFlpd+t/ihs=,dh8xSVjrox8KazCjhDCmOfMcl1Q=
7,10,V9FujzxgH2Y2YG14VomNKr54hKA=,6afJ6rS4vXpWpErRG2XKzEzQatM=
8,13,izR77z56z4wvh/XoCFlpd+t/ihs=,IWAy8oRIek4m7m8NEY9X+IzSb3o=
9,12,izR77z56z4wvh/XoCFlpd+t/ihs=,IWAy8oRIek4m7m8NEY9X+IzSb3o=
8,12,izR77z56z4wvh/XoCFlpd+t/ihs=,IWAy8oRIek4m7m8NEY9X+IzSb3o=
9,11,u6Ut4PgSLZhKbOeVPL/VGWXFQ6s=,jbogSJlfB0BtqF526TES8pUhgCo=
8,11,u6Ut4PgSLZhKbOeVPL/VGWXFQ6s=,jbogSJlfB0BtqF526TES8pUhgCo=
7,11,KJLAX6Oi0SeBZdvhFRSQmbFJWpo=,6afJ6rS4vXpWpErRG2XKzEzQatM=
7,13,V9FujzxgH2Y2YG14VomNKr54hKA=,0t09UduFTb3/1ELYz5IOizmSrIc=
7,12,KJLAX6Oi0SeBZdvhFRSQmbFJWpo=,0t09UduFTb3/1ELYz5IOizmSrIc=
7,14,izR77z56z4wvh/XoCFlpd+t/ihs=,kB690af9tQCVKSZ/fP6CCUXFWJ4=
10,1,w00NKPlxXuEn1zQK5g37nTtbkbg=,U9yc9kBTCs3GYjsd3xwkl+72Yws=
10,2,/7TRsnZZ+wJv3sn/HHOkBm1OCcE=,yaJ6ACYno5G/IKfij6yG8G+gz1E=
9,2,/7TRsnZZ+wJv3sn/HHOkBm1OCcE=,zOKzfp21WdKB+Sc5+Q65TEmgfJY=
9,1,w00NKPlxXuEn1zQK5g37nTtbkbg=,sexfriED8/BJEEO1iu8OXDdLF5E=
10,9,qxEftjoWJukwa8iJCb6wFV06FB8=,9hU5SiCwr8B0OSSUDxUSI0sJKU0=
10,10,8mLijobyGhz4rp2kk8nEb7pbwwE=,jP2gBBr2LEOz5laDggo9+1GduaQ=
9,10,u6Ut4PgSLZhKbOeVPL/VGWXFQ6s=,jbogSJlfB0BtqF526TES8pUhgCo=
9,9,MQzoYJxEIwzF/DwWQu1reGJJU7M=,WsoVxXqHmSmtODOSEgjFvh4fa+A=
10,4,vuzM3MMuMKQwVTE9rEqmndaRtkQ=,mlKeBvLFA+BaMRykQeZy2uKZRN4=
10,3,/7TRsnZZ+wJv3sn/HHOkBm1OCcE=,yaJ6ACYno5G/IKfij6yG8G+gz1E=
9,4,vuzM3MMuMKQwVTE9rEqmndaRtkQ=,1n96W/hyEgqb0lpJVT4RL2CX3JE=
9,3,/7TRsnZZ+wJv3sn/HHOkBm1OCcE=,zOKzfp21WdKB+Sc5+Q65TEmgfJY=
10,5,PI/rWWoZK9p4IgR/XRwAMbVaMu0=,mlKeBvLFA+BaMRykQeZy2uKZRN4=
10,7,PI/rWWoZK9p4IgR/XRwAMbVaMu0=,1n96W/hyEgqb0lpJVT4RL2CX3JE=
10,6,PI/rWWoZK9p4IgR/XRwAMbVaMu0=,1n96W/hyEgqb0lpJVT4RL2CX3JE=
10,8,pYcjKgAqHCWwSSk789D+HRBm8v8=,9hU5SiCwr8B0OSSUDxUSI0sJKU0=
9,7,PI/rWWoZK9p4IgR/XRwAMbVaMu0=,SYj6Ns8oxcl6iaYhWrhQ5k1ipN8=
9,6,PI/rWWoZK9p4IgR/XRwAMbVaMu0=,SYj6Ns8oxcl6iaYhWrhQ5k1ipN8=
9,5,PI/rWWoZK9p4IgR/XRwAMbVaMu0=,1n96W/hyEgqb0lpJVT4RL2CX3JE=
9,8,MQzoYJxEIwzF/DwWQu1reGJJU7M=,WsoVxXqHmSmtODOSEgjFvh4fa+A=
12,7,O1/RK7nJ5RSuvLBFnfrRFr0rL84=,NLGyNA/KFqzv6xXyIUJfAMMYPVk=
12,8,8mLijobyGhz4rp2kk8nEb7pbwwE=,V1KF7ydU1fzxJQAymg/1NTZppqU=
11,7,O1/RK7nJ5RSuvLBFnfrRFr0rL84=,1n96W/hyEgqb0lpJVT4RL2CX3JE=
11,8,KhKp05jnARSqZkzOwCbpUBi2r2I=,9hU5SiCwr8B0OSSUDxUSI0sJKU0=
12,6,MXgEPZFJte0oGradFR3TDeKkr5c=,NLGyNA/KFqzv6xXyIUJfAMMYPVk=
12,5,MXgEPZFJte0oGradFR3TDeKkr5c=,mlKeBvLFA+BaMRykQeZy2uKZRN4=
11,5,MXgEPZFJte0oGradFR3TDeKkr5c=,mlKeBvLFA+BaMRykQeZy2uKZRN4=
11,6,MXgEPZFJte0oGradFR3TDeKkr5c=,1n96W/hyEgqb0lpJVT4RL2CX3JE=
12,3,T95Sud87yZ4oDJaFspufrmYGxcw=,TnZGWm57CjhkW5UnH+Qfg2ydWwE=
12,4,MXgEPZFJte0oGradFR3TDeKkr5c=,mlKeBvLFA+BaMRykQeZy2uKZRN4=
11,4,MXgEPZFJte0oGradFR3TDeKkr5c=,mlKeBvLFA+BaMRykQeZy2uKZRN4=
11,3,T95Sud87yZ4oDJaFspufrmYGxcw=,yaJ6ACYno5G/IKfij6yG8G+gz1E=
12,2,T95Sud87yZ4oDJaFspufrmYGxcw=,TnZGWm57CjhkW5UnH+Qfg2ydWwE=
12,1,w00NKPlxXuEn1zQK5g37nTtbkbg=,BHJM+QCd1AAlKZxTWZyf2Q68KGs=
11,1,w00NKPlxXuEn1zQK5g37nTtbkbg=,U9yc9kBTCs3GYjsd3xwkl+72Yws=
11,2,T95Sud87yZ4oDJaFspufrmYGxcw=,yaJ6ACYno5G/IKfij6yG8G+gz1E=
14,5,oRYcjYIFHwTZP0SWR9t90mHn0sQ=,9ej7IZHse1Y6FAZmJBOGjp24RiU=
14,6,oRYcjYIFHwTZP0SWR9t90mHn0sQ=,7WnHu0kdvQHNeNAGZ7rpNfyRTM4=
13,6,O1/RK7nJ5RSuvLBFnfrRFr0rL84=,NLGyNA/KFqzv6xXyIUJfAMMYPVk=
13,5,O1/RK7nJ5RSuvLBFnfrRFr0rL84=,mlKeBvLFA+BaMRykQeZy2uKZRN4=
15,5,oRYcjYIFHwTZP0SWR9t90mHn0sQ=,9ej7IZHse1Y6FAZmJBOGjp24RiU=
15,6,oRYcjYIFHwTZP0SWR9t90mHn0sQ=,7WnHu0kdvQHNeNAGZ7rpNfyRTM4=
0,0,QpIbQ6iRgrnIX+HN5HxucIenZlo=,mT+hcN1kj8ZXIE5bDI3ZHJODDYI=
0,2,0/ABqPWnpdjdjWs26qSJqLC5mwA=,+TQ/ZqMB/AE6mNTtFQ5kJbzbbwQ=
0,1,w00NKPlxXuEn1zQK5g37nTtbkbg=,mT+hcN1kj8ZXIE5bDI3ZHJODDYI=
0,4,3YIcfAkIY0LabsyhN0HjOwUFhfY=,8tNS9Uw4VlmInAhogIn3Bj0lf38=
0,3,0/ABqPWnpdjdjWs26qSJqLC5mwA=,+TQ/ZqMB/AE6mNTtFQ5kJbzbbwQ=
0,6,+SNWEt9FoHenUOB+DzUCJF43vlI=,RYCPAH7NqoHEb3p0Ydr7zs2roMI=
0,5,3YIcfAkIY0LabsyhN0HjOwUFhfY=,8tNS9Uw4VlmInAhogIn3Bj0lf38=
0,8,tHGbHYvRVBfpIA6kyEaO06YPWTA=,qB4NcM/bSP1CTdmJl27QHkYVdg4=
0,7,+SNWEt9FoHenUOB+DzUCJF43vlI=,RYCPAH7NqoHEb3p0Ydr7zs2roMI=
0,10,tHGbHYvRVBfpIA6kyEaO06YPWTA=,rrPPbnWLbiaydxFW1vsfTsdBV8c=
0,9,tHGbHYvRVBfpIA6kyEaO06YPWTA=,qB4NcM/bSP1CTdmJl27QHkYVdg4=
0,12,dr/ooDSxRq+3IzmYST56sUlwxI0=,GPdJxzmesBmJJzM2RsZKB+QT4ww=
0,11,tHGbHYvRVBfpIA6kyEaO06YPWTA=,rrPPbnWLbiaydxFW1vsfTsdBV8c=
0,14,tHGbHYvRVBfpIA6kyEaO06YPWTA=,lNhF6PNuBvxn707fdLKewJlZwgQ=
15,0,w00NKPlxXuEn1zQK5g37nTtbkbg=,n393Tue0/kx0NCqrL/QymNDOrxc=
0,13,dr/ooDSxRq+3IzmYST56sUlwxI0=,GPdJxzmesBmJJzM2RsZKB+QT4ww=
14,0,w00NKPlxXuEn1zQK5g37nTtbkbg=,n393Tue0/kx0NCqrL/QymNDOrxc=
13,0,w00NKPlxXuEn1zQK5g37nTtbkbg=,BHJM+QCd1AAlKZxTWZyf2Q68KGs=
0,15,tHGbHYvRVBfpIA6kyEaO06YPWTA=,lNhF6PNuBvxn707fdLKewJlZwgQ=
2,15,tHGbHYvRVBfpIA6kyEaO06YPWTA=,BT3j2iAgDJBPtpM9YoPRCnGtrUc=
1,15,tHGbHYvRVBfpIA6kyEaO06YPWTA=,lNhF6PNuBvxn707fdLKewJlZwgQ=
15,1,w00NKPlxXuEn1zQK5g37nTtbkbg=,n393Tue0/kx0NCqrL/QymNDOrxc=
6,15,izR77z56z4wvh/XoCFlpd+t/ihs=,kB690af9tQCVKSZ/fP6CCUXFWJ4=
5,15,V9FujzxgH2Y2YG14VomNKr54hKA=,2RTi3SHD4EW3K5pyKIz5rG8N6P0=
14,1,w00NKPlxXuEn1zQK5g37nTtbkbg=,n393Tue0/kx0NCqrL/QymNDOrxc=
15,3,T95Sud87yZ4oDJaFspufrmYGxcw=,GGEMc5rXvsWyQohtKhwOYJbY9Ro=
14,3,T95Sud87yZ4oDJaFspufrmYGxcw=,GGEMc5rXvsWyQohtKhwOYJbY9Ro=
4,15,V9FujzxgH2Y2YG14VomNKr54hKA=,2RTi3SHD4EW3K5pyKIz5rG8N6P0=
15,2,T95Sud87yZ4oDJaFspufrmYGxcw=,GGEMc5rXvsWyQohtKhwOYJbY9Ro=
3,15,V9FujzxgH2Y2YG14VomNKr54hKA=,BT3j2iAgDJBPtpM9YoPRCnGtrUc=
14,2,T95Sud87yZ4oDJaFspufrmYGxcw=,GGEMc5rXvsWyQohtKhwOYJbY9Ro=
15,4,oRYcjYIFHwTZP0SWR9t90mHn0sQ=,9ej7IZHse1Y6FAZmJBOGjp24RiU=
4,0,1EN/D7LUkXNJTCxPuWMda0uMHuM=,O+192YQ9hsteAmqXvHBmDECw0lU=
14,4,oRYcjYIFHwTZP0SWR9t90mHn0sQ=,9ej7IZHse1Y6FAZmJBOGjp24RiU=
13,3,T95Sud87yZ4oDJaFspufrmYGxcw=,TnZGWm57CjhkW5UnH+Qfg2ydWwE=
3,0,1EN/D7LUkXNJTCxPuWMda0uMHuM=,iqyHE6i/TW3p9zBthTzsKm3xRh8=
13,2,T95Sud87yZ4oDJaFspufrmYGxcw=,TnZGWm57CjhkW5UnH+Qfg2ydWwE=
13,1,w00NKPlxXuEn1zQK5g37nTtbkbg=,BHJM+QCd1AAlKZxTWZyf2Q68KGs=
2,0,1EN/D7LUkXNJTCxPuWMda0uMHuM=,iqyHE6i/TW3p9zBthTzsKm3xRh8=
13,4,O1/RK7nJ5RSuvLBFnfrRFr0rL84=,mlKeBvLFA+BaMRykQeZy2uKZRN4=
1,0,QpIbQ6iRgrnIX+HN5HxucIenZlo=,mT+hcN1kj8ZXIE5bDI3ZHJODDYI=
8,15,izR77z56z4wvh/XoCFlpd+t/ihs=,dh8xSVjrox8KazCjhDCmOfMcl1Q=
7,15,izR77z56z4wvh/XoCFlpd+t/ihs=,kB690af9tQCVKSZ/fP6CCUXFWJ4=
10,13,8mLijobyGhz4rp2kk8nEb7pbwwE=,PTjF1aVZBMxi+XlJNhAE6BsisY8=
9,14,izR77z56z4wvh/XoCFlpd+t/ihs=,dh8xSVjrox8KazCjhDCmOfMcl1Q=
9,13,izR77z56z4wvh/XoCFlpd+t/ihs=,IWAy8oRIek4m7m8NEY9X+IzSb3o=
9,15,izR77z56z4wvh/XoCFlpd+t/ihs=,dh8xSVjrox8KazCjhDCmOfMcl1Q=
12,9,qkj3MI2LgwXrufNKoB1FEI3ul5o=,V1KF7ydU1fzxJQAymg/1NTZppqU=
12,12,qkj3MI2LgwXrufNKoB1FEI3ul5o=,M0Ex1h04BRerHj6VudH9YZDvSHo=
11,12,qkj3MI2LgwXrufNKoB1FEI3ul5o=,PTjF1aVZBMxi+XlJNhAE6BsisY8=
11,9,qxEftjoWJukwa8iJCb6wFV06FB8=,9hU5SiCwr8B0OSSUDxUSI0sJKU0=
11,11,qkj3MI2LgwXrufNKoB1FEI3ul5o=,jP2gBBr2LEOz5laDggo9+1GduaQ=
11,10,qkj3MI2LgwXrufNKoB1FEI3ul5o=,jP2gBBr2LEOz5laDggo9+1GduaQ=
12,13,8mLijobyGhz4rp2kk8nEb7pbwwE=,M0Ex1h04BRerHj6VudH9YZDvSHo=
11,13,8mLijobyGhz4rp2kk8nEb7pbwwE=,PTjF1aVZBMxi+XlJNhAE6BsisY8=
13,12,8mLijobyGhz4rp2kk8nEb7pbwwE=,M0Ex1h04BRerHj6VudH9YZDvSHo=
6,0,w00NKPlxXuEn1zQK5g37nTtbkbg=,xJC2JamqsbuCiPPthRJLtbrcPCM=
8,0,w00NKPlxXuEn1zQK5g37nTtbkbg=,sexfriED8/BJEEO1iu8OXDdLF5E=
5,0,1EN/D7LUkXNJTCxPuWMda0uMHuM=,O+192YQ9hsteAmqXvHBmDECw0lU=
7,0,w00NKPlxXuEn1zQK5g37nTtbkbg=,xJC2JamqsbuCiPPthRJLtbrcPCM=
13,13,8mLijobyGhz4rp2kk8nEb7pbwwE=,M0Ex1h04BRerHj6VudH9YZDvSHo=
12,0,w00NKPlxXuEn1zQK5g37nTtbkbg=,BHJM+QCd1AAlKZxTWZyf2Q68KGs=
9,0,w00NKPlxXuEn1zQK5g37nTtbkbg=,sexfriED8/BJEEO1iu8OXDdLF5E=
11,0,w00NKPlxXuEn1zQK5g37nTtbkbg=,U9yc9kBTCs3GYjsd3xwkl+72Yws=
10,0,w00NKPlxXuEn1zQK5g37nTtbkbg=,U9yc9kBTCs3GYjsd3xwkl+72Yws=
15,7,oRYcjYIFHwTZP0SWR9t90mHn0sQ=,7WnHu0kdvQHNeNAGZ7rpNfyRTM4=
14,7,V9FujzxgH2Y2YG14VomNKr54hKA=,7WnHu0kdvQHNeNAGZ7rpNfyRTM4=
15,9,8mLijobyGhz4rp2kk8nEb7pbwwE=,esyHfnOMToLH+ABCcfntQz1VqIY=
14,9,8mLijobyGhz4rp2kk8nEb7pbwwE=,esyHfnOMToLH+ABCcfntQz1VqIY=
15,8,8mLijobyGhz4rp2kk8nEb7pbwwE=,esyHfnOMToLH+ABCcfntQz1VqIY=
13,8,8mLijobyGhz4rp2kk8nEb7pbwwE=,V1KF7ydU1fzxJQAymg/1NTZppqU=
14,8,8mLijobyGhz4rp2kk8nEb7pbwwE=,esyHfnOMToLH+ABCcfntQz1VqIY=
13,9,8mLijobyGhz4rp2kk8nEb7pbwwE=,V1KF7ydU1fzxJQAymg/1NTZppqU=
13,7,O1/RK7nJ5RSuvLBFnfrRFr0rL84=,NLGyNA/KFqzv6xXyIUJfAMMYPVk=
10,26,ufqrZ++tOrGchgkT960W5JsrqC0=,bbGxwsrD9tWulLPHOfWInCSjY0s=
12,30,ufqrZ++tOrGchgkT960W5JsrqC0=,bbGxwsrD9tWulLPHOfWInCSjY0s=
13,31,ufqrZ++tOrGchgkT960W5JsrqC0=,bbGxwsrD9tWulLPHOfWInCSjY0s=
13,30,ufqrZ++tOrGchgkT960W5JsrqC0=,bbGxwsrD9tWulLPHOfWInCSjY0s=
12,20,/iuEd0goJs1yz2Ma7Bhxg5lV3Zg=,ze3jew1MmfaZYDnT/5MPm3MxKqU=
12,21,/iuEd0goJs1yz2Ma7Bhxg5lV3Zg=,ze3jew1MmfaZYDnT/5MPm3MxKqU=
13,20,/iuEd0goJs1yz2Ma7Bhxg5lV3Zg=,ze3jew1MmfaZYDnT/5MPm3MxKqU=
13,21,/iuEd0goJs1yz2Ma7Bhxg5lV3Zg=,ze3jew1MmfaZYDnT/5MPm3MxKqU=
14,20,55yoT4esT5AmsnkeM+7wCpJOrHc=,tCqnwQzTI5rDPrn3+0i7PCm+gMc=
15,20,MC6TgiEdUIPE5MEBqejN18Jn0+0=,tCqnwQzTI5rDPrn3+0i7PCm+gMc=
14,21,MC6TgiEdUIPE5MEBqejN18Jn0+0=,tCqnwQzTI5rDPrn3+0i7PCm+gMc=
15,21,MC6TgiEdUIPE5MEBqejN18Jn0+0=,tCqnwQzTI5rDPrn3+0i7PCm+gMc=
12,31,ufqrZ++tOrGchgkT960W5JsrqC0=,bbGxwsrD9tWulLPHOfWInCSjY0s=
11,17,/iuEd0goJs1yz2Ma7Bhxg5lV3Zg=,dGDCZfC+KAGhFVxLwNxWgS4blhk=
10,17,cHj+m2UCpvs3LbEHc1M3fpaOuw8=,dGDCZfC+KAGhFVxLwNxWgS4blhk=
7,17,fTabvi/8a4TIYQCbuytMSJ/0rbc=,qkoYPdNECqoPenvNTgN01URy/hg=
10,27,ufqrZ++tOrGchgkT960W5JsrqC0=,bbGxwsrD9tWulLPHOfWInCSjY0s=
7,27,ufqrZ++tOrGchgkT960W5JsrqC0=,ExR5BCCc1EjCOmbm7Y5R/2ZZ+Mc=
6,27,ufqrZ++tOrGchgkT960W5JsrqC0=,ExR5BCCc1EjCOmbm7Y5R/2ZZ+Mc=
11,16,/iuEd0goJs1yz2Ma7Bhxg5lV3Zg=,dGDCZfC+KAGhFVxLwNxWgS4blhk=
7,16,fTabvi/8a4TIYQCbuytMSJ/0rbc=,qkoYPdNECqoPenvNTgN01URy/hg=
10,16,fTabvi/8a4TIYQCbuytMSJ/0rbc=,dGDCZfC+KAGhFVxLwNxWgS4blhk=
7,26,ufqrZ++tOrGchgkT960W5JsrqC0=,ExR5BCCc1EjCOmbm7Y5R/2ZZ+Mc=
6,26,ufqrZ++tOrGchgkT960W5JsrqC0=,ExR5BCCc1EjCOmbm7Y5R/2ZZ+Mc=
11,27,ufqrZ++tOrGchgkT960W5JsrqC0=,bbGxwsrD9tWulLPHOfWInCSjY0s=
11,26,ufqrZ++tOrGchgkT960W5JsrqC0=,bbGxwsrD9tWulLPHOfWInCSjY0s=
7,20,fTabvi/8a4TIYQCbuytMSJ/0rbc=,K15Q9HWCDLA8S3AsU1U3NH6Is5k=
6,20,/iuEd0goJs1yz2Ma7Bhxg5lV3Zg=,K15Q9HWCDLA8S3AsU1U3NH6Is5k=
6,21,/iuEd0goJs1yz2Ma7Bhxg5lV3Zg=,K15Q9HWCDLA8S3AsU1U3NH6Is5k=
7,21,fTabvi/8a4TIYQCbuytMSJ/0rbc=,K15Q9HWCDLA8S3AsU1U3NH6Is5k=
3,31,ufqrZ++tOrGchgkT960W5JsrqC0=,WlhVHuFTvmRtePb7eobQPC2yKR8=
2,31,ufqrZ++tOrGchgkT960W5JsrqC0=,WlhVHuFTvmRtePb7eobQPC2yKR8=
3,30,ufqrZ++tOrGchgkT960W5JsrqC0=,WlhVHuFTvmRtePb7eobQPC2yKR8=
2,30,ufqrZ++tOrGchgkT960W5JsrqC0=,WlhVHuFTvmRtePb7eobQPC2yKR8=
3,20,fmmsxFQBZervA+kdR7++TIzaO1w=,BGpTDtI1cDuuZsTbjTGaOczVxQU=
3,21,fmmsxFQBZervA+kdR7++TIzaO1w=,BGpTDtI1cDuuZsTbjTGaOczVxQU=
2,20,fmmsxFQBZervA+kdR7++TIzaO1w=,BGpTDtI1cDuuZsTbjTGaOczVxQU=
2,21,fmmsxFQBZervA+kdR7++TIzaO1w=,BGpTDtI1cDuuZsTbjTGaOczVxQU=
1,27,ufqrZ++tOrGchgkT960W5JsrqC0=,WlhVHuFTvmRtePb7eobQPC2yKR8=
1,26,ufqrZ++tOrGchgkT960W5JsrqC0=,WlhVHuFTvmRtePb7eobQPC2yKR8=
0,26,ufqrZ++tOrGchgkT960W5JsrqC0=,WlhVHuFTvmRtePb7eobQPC2yKR8=
0,27,ufqrZ++tOrGchgkT960W5JsrqC0=,WlhVHuFTvmRtePb7eobQPC2yKR8=
1,16,/iuEd0goJs1yz2Ma7Bhxg5lV3Zg=,JbqhvKxvZD2e6yrvkex9rmIbSmE=
1,17,/iuEd0goJs1yz2Ma7Bhxg5lV3Zg=,JbqhvKxvZD2e6yrvkex9rmIbSmE=
2,16,/iuEd0goJs1yz2Ma7Bhxg5lV3Zg=,bu9hcS4yfiq+sNyNVpkIHLkR/pw=
2,17,/iuEd0goJs1yz2Ma7Bhxg5lV3Zg=,bu9hcS4yfiq+sNyNVpkIHLkR/pw=
0,16,/iuEd0goJs1yz2Ma7Bhxg5lV3Zg=,JbqhvKxvZD2e6yrvkex9rmIbSmE=
0,17,/iuEd0goJs1yz2Ma7Bhxg5lV3Zg=,JbqhvKxvZD2e6yrvkex9rmIbSmE=
6,16,fTabvi/8a4TIYQCbuytMSJ/0rbc=,qkoYPdNECqoPenvNTgN01URy/hg=
4,17,/iuEd0goJs1yz2Ma7Bhxg5lV3Zg=,JbG0b8ueT/3l57WORfAkPj1QMUk=
5,17,fTabvi/8a4TIYQCbuytMSJ/0rbc=,JbG0b8ueT/3l57WORfAkPj1QMUk=
3,16,/iuEd0goJs1yz2Ma7Bhxg5lV3Zg=,bu9hcS4yfiq+sNyNVpkIHLkR/pw=
6,17,fTabvi/8a4TIYQCbuytMSJ/0rbc=,qkoYPdNECqoPenvNTgN01URy/hg=
3,17,/iuEd0goJs1yz2Ma7Bhxg5lV3Zg=,bu9hcS4yfiq+sNyNVpkIHLkR/pw=
4,16,/iuEd0goJs1yz2Ma7Bhxg5lV3Zg=,JbG0b8ueT/3l57WORfAkPj1QMUk=
5,16,fTabvi/8a4TIYQCbuytMSJ/0rbc=,JbG0b8ueT/3l57WORfAkPj1QMUk=
31,26,/4exS5BCSHZUN2+AxGGx7j1mU3M=,bbGxwsrD9tWulLPHOfWInCSjY0s=
30,26,/4exS5BCSHZUN2+AxGGx7j1mU3M=,bbGxwsrD9tWulLPHOfWInCSjY0s=
26,30,/4exS5BCSHZUN2+AxGGx7j1mU3M=,1KuSIMms1dZ/rL8BO+LExVEeJNY=
27,30,/4exS5BCSHZUN2+AxGGx7j1mU3M=,1KuSIMms1dZ/rL8BO+LExVEeJNY=
30,27,/4exS5BCSHZUN2+AxGGx7j1mU3M=,bbGxwsrD9tWulLPHOfWInCSjY0s=
26,27,/4exS5BCSHZUN2+AxGGx7j1mU3M=,bbGxwsrD9tWulLPHOfWInCSjY0s=
27,26,/4exS5BCSHZUN2+AxGGx7j1mU3M=,bbGxwsrD9tWulLPHOfWInCSjY0s=
27,27,/4exS5BCSHZUN2+AxGGx7j1mU3M=,bbGxwsrD9tWulLPHOfWInCSjY0s=
31,27,/4exS5BCSHZUN2+AxGGx7j1mU3M=,bbGxwsrD9tWulLPHOfWInCSjY0s=
27,21,/4exS5BCSHZUN2+AxGGx7j1mU3M=,bbGxwsrD9tWulLPHOfWInCSjY0s=
26,17,/4exS5BCSHZUN2+AxGGx7j1mU3M=,ExR5BCCc1EjCOmbm7Y5R/2ZZ+Mc=
27,16,/4exS5BCSHZUN2+AxGGx7j1mU3M=,ExR5BCCc1EjCOmbm7Y5R/2ZZ+Mc=
27,20,/4exS5BCSHZUN2+AxGGx7j1mU3M=,bbGxwsrD9tWulLPHOfWInCSjY0s=
27,17,/4exS5BCSHZUN2+AxGGx7j1mU3M=,ExR5BCCc1EjCOmbm7Y5R/2ZZ+Mc=
30,23,/4exS5BCSHZUN2+AxGGx7j1mU3M=,bbGxwsrD9tWulLPHOfWInCSjY0s=
31,23,/4exS5BCSHZUN2+AxGGx7j1mU3M=,bbGxwsrD9tWulLPHOfWInCSjY0s=
27,31,/4exS5BCSHZUN2+AxGGx7j1mU3M=,1KuSIMms1dZ/rL8BO+LExVEeJNY=
26,16,/4exS5BCSHZUN2+AxGGx7j1mU3M=,ExR5BCCc1EjCOmbm7Y5R/2ZZ+Mc=
26,31,/4exS5BCSHZUN2+AxGGx7j1mU3M=,1KuSIMms1dZ/rL8BO+LExVEeJNY=
30,22,/4exS5BCSHZUN2+AxGGx7j1mU3M=,bbGxwsrD9tWulLPHOfWInCSjY0s=
31,22,/4exS5BCSHZUN2+AxGGx7j1mU3M=,bbGxwsrD9tWulLPHOfWInCSjY0s=
21,27,/4exS5BCSHZUN2+AxGGx7j1mU3M=,bbGxwsrD9tWulLPHOfWInCSjY0s=
20,27,/4exS5BCSHZUN2+AxGGx7j1mU3M=,bbGxwsrD9tWulLPHOfWInCSjY0s=
17,30,/4exS5BCSHZUN2+AxGGx7j1mU3M=,1KuSIMms1dZ/rL8BO+LExVEeJNY=
16,30,/4exS5BCSHZUN2+AxGGx7j1mU3M=,1KuSIMms1dZ/rL8BO+LExVEeJNY=
17,31,/4exS5BCSHZUN2+AxGGx7j1mU3M=,1KuSIMms1dZ/rL8BO+LExVEeJNY=
17,27,/4exS5BCSHZUN2+AxGGx7j1mU3M=,1KuSIMms1dZ/rL8BO+LExVEeJNY=
16,27,/4exS5BCSHZUN2+AxGGx7j1mU3M=,1KuSIMms1dZ/rL8BO+LExVEeJNY=
17,26,/4exS5BCSHZUN2+AxGGx7j1mU3M=,1KuSIMms1dZ/rL8BO+LExVEeJNY=
20,26,/4exS5BCSHZUN2+AxGGx7j1mU3M=,bbGxwsrD9tWulLPHOfWInCSjY0s=
21,26,/4exS5BCSHZUN2+AxGGx7j1mU3M=,bbGxwsrD9tWulLPHOfWInCSjY0s=
26,26,/4exS5BCSHZUN2+AxGGx7j1mU3M=,bbGxwsrD9tWulLPHOfWInCSjY0s=
21,23,/4exS5BCSHZUN2+AxGGx7j1mU3M=,bbGxwsrD9tWulLPHOfWInCSjY0s=
20,22,/4exS5BCSHZUN2+AxGGx7j1mU3M=,bbGxwsrD9tWulLPHOfWInCSjY0s=
26,20,/4exS5BCSHZUN2+AxGGx7j1mU3M=,bbGxwsrD9tWulLPHOfWInCSjY0s=
21,16,/4exS5BCSHZUN2+AxGGx7j1mU3M=,ExR5BCCc1EjCOmbm7Y5R/2ZZ+Mc=
21,17,/4exS5BCSHZUN2+AxGGx7j1mU3M=,ExR5BCCc1EjCOmbm7Y5R/2ZZ+Mc=
20,23,/4exS5BCSHZUN2+AxGGx7j1mU3M=,bbGxwsrD9tWulLPHOfWInCSjY0s=
21,22,/4exS5BCSHZUN2+AxGGx7j1mU3M=,bbGxwsrD9tWulLPHOfWInCSjY0s=
20,16,/4exS5BCSHZUN2+AxGGx7j1mU3M=,ExR5BCCc1EjCOmbm7Y5R/2ZZ+Mc=
20,17,/4exS5BCSHZUN2+AxGGx7j1mU3M=,ExR5BCCc1EjCOmbm7Y5R/2ZZ+Mc=
18,16,/4exS5BCSHZUN2+AxGGx7j1mU3M=,ExR5BCCc1EjCOmbm7Y5R/2ZZ+Mc=
18,17,/4exS5BCSHZUN2+AxGGx7j1mU3M=,ExR5BCCc1EjCOmbm7Y5R/2ZZ+Mc=
19,16,/4exS5BCSHZUN2+AxGGx7j1mU3M=,ExR5BCCc1EjCOmbm7Y5R/2ZZ+Mc=
19,17,/4exS5BCSHZUN2+AxGGx7j1mU3M=,ExR5BCCc1EjCOmbm7Y5R/2ZZ+Mc=
16,26,/4exS5BCSHZUN2+AxGGx7j1mU3M=,1KuSIMms1dZ/rL8BO+LExVEeJNY=
26,21,/4exS5BCSHZUN2+AxGGx7j1mU3M=,bbGxwsrD9tWulLPHOfWInCSjY0s=
16,31,/4exS5BCSHZUN2+AxGGx7j1mU3M=,1KuSIMms1dZ/rL8BO+LExVEeJNY=
22,5,r5IzziMHbcMekxnzPdWdbEEKFFY=,0/0FOBEWF8Asqz3ItSX5qyCb7S0=
22,6,KTUIxZPKYJUXXAgwDYI/RxgCfbI=,M4V4MHpTk6fL7vM/Abtw+cPq6YU=
21,4,dM8zQYOO5iAxrKBmWQBXqCjHnKo=,A/cWXZrb3uupm4ToSYMp0NMMwY4=
21,5,dM8zQYOO5iAxrKBmWQBXqCjHnKo=,A/cWXZrb3uupm4ToSYMp0NMMwY4=
21,6,dM8zQYOO5iAxrKBmWQBXqCjHnKo=,A/cWXZrb3uupm4ToSYMp0NMMwY4=
21,3,dM8zQYOO5iAxrKBmWQBXqCjHnKo=,MZYln7rqtS5UwrQ31LMLUXar3BA=
22,4,r5IzziMHbcMekxnzPdWdbEEKFFY=,0/0FOBEWF8Asqz3ItSX5qyCb7S0=
19,3,dM8zQYOO5iAxrKBmWQBXqCjHnKo=,uo8gPJPUJrjv0I2EWw9d/chkQxQ=
19,4,dM8zQYOO5iAxrKBmWQBXqCjHnKo=,c3vU1qzNI7MkMpe4N36coYqXUo8=
20,4,dM8zQYOO5iAxrKBmWQBXqCjHnKo=,A/cWXZrb3uupm4ToSYMp0NMMwY4=
20,3,dM8zQYOO5iAxrKBmWQBXqCjHnKo=,MZYln7rqtS5UwrQ31LMLUXar3BA=
20,5,pfJPJaSZz0smT/JwIoA29p6Vhl4=,A/cWXZrb3uupm4ToSYMp0NMMwY4=
19,5,dM8zQYOO5iAxrKBmWQBXqCjHnKo=,c3vU1qzNI7MkMpe4N36coYqXUo8=
20,6,pfJPJaSZz0smT/JwIoA29p6Vhl4=,A/cWXZrb3uupm4ToSYMp0NMMwY4=
19,2,dM8zQYOO5iAxrKBmWQBXqCjHnKo=,uo8gPJPUJrjv0I2EWw9d/chkQxQ=
20,0,0VkHIpM45wsv9INVC5tJPlx3vrg=,XRZV8t36YU4Um4TUaUUwSh4gDac=
19,0,0VkHIpM45wsv9INVC5tJPlx3vrg=,sMD/w5HiEEQJT1MqR9G3TADiiLU=
20,2,dM8zQYOO5iAxrKBmWQBXqCjHnKo=,MZYln7rqtS5UwrQ31LMLUXar3BA=
21,2,dM8zQYOO5iAxrKBmWQBXqCjHnKo=,MZYln7rqtS5UwrQ31LMLUXar3BA=
19,1,0VkHIpM45wsv9INVC5tJPlx3vrg=,sMD/w5HiEEQJT1MqR9G3TADiiLU=
21,0,0VkHIpM45wsv9INVC5tJPlx3vrg=,XRZV8t36YU4Um4TUaUUwSh4gDac=
20,1,0VkHIpM45wsv9INVC5tJPlx3vrg=,XRZV8t36YU4Um4TUaUUwSh4gDac=
21,1,0VkHIpM45wsv9INVC5tJPlx3vrg=,XRZV8t36YU4Um4TUaUUwSh4gDac=
16,4,dM8zQYOO5iAxrKBmWQBXqCjHnKo=,c3vU1qzNI7MkMpe4N36coYqXUo8=
16,5,dM8zQYOO5iAxrKBmWQBXqCjHnKo=,c3vU1qzNI7MkMpe4N36coYqXUo8=
18,3,pfJPJaSZz0smT/JwIoA29p6Vhl4=,uo8gPJPUJrjv0I2EWw9d/chkQxQ=
18,4,pfJPJaSZz0smT/JwIoA29p6Vhl4=,c3vU1qzNI7MkMpe4N36coYqXUo8=
17,4,pfJPJaSZz0smT/JwIoA29p6Vhl4=,c3vU1qzNI7MkMpe4N36coYqXUo8=
17,5,pfJPJaSZz0smT/JwIoA29p6Vhl4=,c3vU1qzNI7MkMpe4N36coYqXUo8=
16,6,dM8zQYOO5iAxrKBmWQBXqCjHnKo=,zYtiYkQYTEkQ5F+aFqzngcHY3ZE=
17,6,pfJPJaSZz0smT/JwIoA29p6Vhl4=,zYtiYkQYTEkQ5F+aFqzngcHY3ZE=
16,3,Rvun07pKH5IOUBHKe+q1y7K0RR4=,KktQWcuQckg+S2lGG0m6A5BzHns=
17,3,Rvun07pKH5IOUBHKe+q1y7K0RR4=,KktQWcuQckg+S2lGG0m6A5BzHns=
18,5,pfJPJaSZz0smT/JwIoA29p6Vhl4=,c3vU1qzNI7MkMpe4N36coYqXUo8=
16,0,Rvun07pKH5IOUBHKe+q1y7K0RR4=,j1r2O+Di1YXqL6sZxKeuns8ufig=
17,0,Rvun07pKH5IOUBHKe+q1y7K0RR4=,j1r2O+Di1YXqL6sZxKeuns8ufig=
18,2,pfJPJaSZz0smT/JwIoA29p6Vhl4=,uo8gPJPUJrjv0I2EWw9d/chkQxQ=
16,1,Rvun07pKH5IOUBHKe+q1y7K0RR4=,j1r2O+Di1YXqL6sZxKeuns8ufig=
18,0,0VkHIpM45wsv9INVC5tJPlx3vrg=,sMD/w5HiEEQJT1MqR9G3TADiiLU=
16,2,Rvun07pKH5IOUBHKe+q1y7K0RR4=,KktQWcuQckg+S2lGG0m6A5BzHns=
17,2,Rvun07pKH5IOUBHKe+q1y7K0RR4=,KktQWcuQckg+S2lGG0m6A5BzHns=
17,1,Rvun07pKH5IOUBHKe+q1y7K0RR4=,j1r2O+Di1YXqL6sZxKeuns8ufig=
18,1,0VkHIpM45wsv9INVC5tJPlx3vrg=,sMD/w5HiEEQJT1MqR9G3TADiiLU=
24,4,WyzZPCBrXpAjLNeK6kNLv+PXmXg=,Q0FoAIgtuAUXaDw2N7lDjY2hSFA=
23,5,r5IzziMHbcMekxnzPdWdbEEKFFY=,0/0FOBEWF8Asqz3ItSX5qyCb7S0=
24,5,WyzZPCBrXpAjLNeK6kNLv+PXmXg=,Q0FoAIgtuAUXaDw2N7lDjY2hSFA=
24,6,WyzZPCBrXpAjLNeK6kNLv+PXmXg=,SbF/2glTUkE4vVgCH6Gfa5U1qBw=
23,6,WyzZPCBrXpAjLNeK6kNLv+PXmXg=,M4V4MHpTk6fL7vM/Abtw+cPq6YU=
23,4,r5IzziMHbcMekxnzPdWdbEEKFFY=,0/0FOBEWF8Asqz3ItSX5qyCb7S0=
26,6,4cl0dBgpKezZqeQL9lNrjT6cWsA=,7GwSsQObdywyxgiqjXH4BlnSAos=
25,5,4cl0dBgpKezZqeQL9lNrjT6cWsA=,Q0FoAIgtuAUXaDw2N7lDjY2hSFA=
25,6,4cl0dBgpKezZqeQL9lNrjT6cWsA=,SbF/2glTUkE4vVgCH6Gfa5U1qBw=
26,5,4cl0dBgpKezZqeQL9lNrjT6cWsA=,+vmlkk1Af0yyzDO/Ae6UcL5WUjU=
25,4,4cl0dBgpKezZqeQL9lNrjT6cWsA=,Q0FoAIgtuAUXaDw2N7lDjY2hSFA=
26,4,4cl0dBgpKezZqeQL9lNrjT6cWsA=,+vmlkk1Af0yyzDO/Ae6UcL5WUjU=
27,1,4cl0dBgpKezZqeQL9lNrjT6cWsA=,gyXjrOiV4ePxJAWnAwDRUH0FZFE=
21,7,dM8zQYOO5iAxrKBmWQBXqCjHnKo=,A/cWXZrb3uupm4ToSYMp0NMMwY4=
22,7,4cl0dBgpKezZqeQL9lNrjT6cWsA=,M4V4MHpTk6fL7vM/Abtw+cPq6YU=
27,8,4cl0dBgpKezZqeQL9lNrjT6cWsA=,EOeHiwwBr2vEvdcJOW7372zwvmk=
27,7,4cl0dBgpKezZqeQL9lNrjT6cWsA=,7GwSsQObdywyxgiqjXH4BlnSAos=
28,7,4cl0dBgpKezZqeQL9lNrjT6cWsA=,fbEysDWBLFroJDOoaaKb8cDkKi0=
24,7,4cl0dBgpKezZqeQL9lNrjT6cWsA=,SbF/2glTUkE4vVgCH6Gfa5U1qBw=
25,7,4cl0dBgpKezZqeQL9lNrjT6cWsA=,SbF/2glTUkE4vVgCH6Gfa5U1qBw=
23,7,4cl0dBgpKezZqeQL9lNrjT6cWsA=,M4V4MHpTk6fL7vM/Abtw+cPq6YU=
26,7,4cl0dBgpKezZqeQL9lNrjT6cWsA=,7GwSsQObdywyxgiqjXH4BlnSAos=
26,8,4cl0dBgpKezZqeQL9lNrjT6cWsA=,EOeHiwwBr2vEvdcJOW7372zwvmk=
27,10,4cl0dBgpKezZqeQL9lNrjT6cWsA=,WlhVHuFTvmRtePb7eobQPC2yKR8=
27,9,4cl0dBgpKezZqeQL9lNrjT6cWsA=,EOeHiwwBr2vEvdcJOW7372zwvmk=
26,1,4cl0dBgpKezZqeQL9lNrjT6cWsA=,gyXjrOiV4ePxJAWnAwDRUH0FZFE=
26,0,4cl0dBgpKezZqeQL9lNrjT6cWsA=,gyXjrOiV4ePxJAWnAwDRUH0FZFE=
21,10,4cl0dBgpKezZqeQL9lNrjT6cWsA=,WlhVHuFTvmRtePb7eobQPC2yKR8=
20,7,dM8zQYOO5iAxrKBmWQBXqCjHnKo=,A/cWXZrb3uupm4ToSYMp0NMMwY4=
20,10,4cl0dBgpKezZqeQL9lNrjT6cWsA=,WlhVHuFTvmRtePb7eobQPC2yKR8=
30,10,4cl0dBgpKezZqeQL9lNrjT6cWsA=,WlhVHuFTvmRtePb7eobQPC2yKR8=
31,10,4cl0dBgpKezZqeQL9lNrjT6cWsA=,WlhVHuFTvmRtePb7eobQPC2yKR8=
31,11,4cl0dBgpKezZqeQL9lNrjT6cWsA=,WlhVHuFTvmRtePb7eobQPC2yKR8=
30,11,4cl0dBgpKezZqeQL9lNrjT6cWsA=,WlhVHuFTvmRtePb7eobQPC2yKR8=
27,11,4cl0dBgpKezZqeQL9lNrjT6cWsA=,WlhVHuFTvmRtePb7eobQPC2yKR8=
26,9,4cl0dBgpKezZqeQL9lNrjT6cWsA=,EOeHiwwBr2vEvdcJOW7372zwvmk=
28,6,4cl0dBgpKezZqeQL9lNrjT6cWsA=,fbEysDWBLFroJDOoaaKb8cDkKi0=
27,4,4cl0dBgpKezZqeQL9lNrjT6cWsA=,+vmlkk1Af0yyzDO/Ae6UcL5WUjU=
26,10,4cl0dBgpKezZqeQL9lNrjT6cWsA=,WlhVHuFTvmRtePb7eobQPC2yKR8=
27,6,4cl0dBgpKezZqeQL9lNrjT6cWsA=,7GwSsQObdywyxgiqjXH4BlnSAos=
28,4,4cl0dBgpKezZqeQL9lNrjT6cWsA=,DLz7SNqOd2tmbvMnozNgtOKXAmM=
26,11,4cl0dBgpKezZqeQL9lNrjT6cWsA=,WlhVHuFTvmRtePb7eobQPC2yKR8=
16,12,YxCFzpwFjyym2W5PimFSSsKQxkM=,eQwMuiN4qP7d5tPkhVuzyB9gpQo=
17,12,YxCFzpwFjyym2W5PimFSSsKQxkM=,eQwMuiN4qP7d5tPkhVuzyB9gpQo=
17,7,dM8zQYOO5iAxrKBmWQBXqCjHnKo=,zYtiYkQYTEkQ5F+aFqzngcHY3ZE=
16,7,dM8zQYOO5iAxrKBmWQBXqCjHnKo=,zYtiYkQYTEkQ5F+aFqzngcHY3ZE=
27,0,4cl0dBgpKezZqeQL9lNrjT6cWsA=,gyXjrOiV4ePxJAWnAwDRUH0FZFE=
28,5,4cl0dBgpKezZqeQL9lNrjT6cWsA=,DLz7SNqOd2tmbvMnozNgtOKXAmM=
30,2,4cl0dBgpKezZqeQL9lNrjT6cWsA=,gyXjrOiV4ePxJAWnAwDRUH0FZFE=
31,2,4cl0dBgpKezZqeQL9lNrjT6cWsA=,gyXjrOiV4ePxJAWnAwDRUH0FZFE=
27,5,4cl0dBgpKezZqeQL9lNrjT6cWsA=,+vmlkk1Af0yyzDO/Ae6UcL5WUjU=
17,13,YxCFzpwFjyym2W5PimFSSsKQxkM=,eQwMuiN4qP7d5tPkhVuzyB9gpQo=
20,11,4cl0dBgpKezZqeQL9lNrjT6cWsA=,WlhVHuFTvmRtePb7eobQPC2yKR8=
16,13,YxCFzpwFjyym2W5PimFSSsKQxkM=,eQwMuiN4qP7d5tPkhVuzyB9gpQo=
21,11,4cl0dBgpKezZqeQL9lNrjT6cWsA=,WlhVHuFTvmRtePb7eobQPC2yKR8=
30,7,n0fNh9pmeUbTnMA9COVYoZIkAOs=,4BKME2edK7dc1caJH5g7Cuwvsc4=
31,7,n0fNh9pmeUbTnMA9COVYoZIkAOs=,4BKME2edK7dc1caJH5g7Cuwvsc4=
29,7,n0fNh9pmeUbTnMA9COVYoZIkAOs=,fbEysDWBLFroJDOoaaKb8cDkKi0=
29,6,n0fNh9pmeUbTnMA9COVYoZIkAOs=,fbEysDWBLFroJDOoaaKb8cDkKi0=
30,6,n0fNh9pmeUbTnMA9COVYoZIkAOs=,4BKME2edK7dc1caJH5g7Cuwvsc4=
29,4,n0fNh9pmeUbTnMA9COVYoZIkAOs=,DLz7SNqOd2tmbvMnozNgtOKXAmM=
29,5,n0fNh9pmeUbTnMA9COVYoZIkAOs=,DLz7SNqOd2tmbvMnozNgtOKXAmM=
31,4,n0fNh9pmeUbTnMA9COVYoZIkAOs=,hiJ/3nXr/vekwfrbEB4Ahm/2Foo=
31,5,n0fNh9pmeUbTnMA9COVYoZIkAOs=,hiJ/3nXr/vekwfrbEB4Ahm/2Foo=
31,3,n0fNh9pmeUbTnMA9COVYoZIkAOs=,gyXjrOiV4ePxJAWnAwDRUH0FZFE=
30,4,n0fNh9pmeUbTnMA9COVYoZIkAOs=,hiJ/3nXr/vekwfrbEB4Ahm/2Foo=
30,3,n0fNh9pmeUbTnMA9COVYoZIkAOs=,gyXjrOiV4ePxJAWnAwDRUH0FZFE=
30,5,n0fNh9pmeUbTnMA9COVYoZIkAOs=,hiJ/3nXr/vekwfrbEB4Ahm/2Foo=
31,6,n0fNh9pmeUbTnMA9COVYoZIkAOs=,4BKME2edK7dc1caJH5g7Cuwvsc4=
22,2,r5IzziMHbcMekxnzPdWdbEEKFFY=,0/0FOBEWF8Asqz3ItSX5qyCb7S0=
23,2,r5IzziMHbcMekxnzPdWdbEEKFFY=,0/0FOBEWF8Asqz3ItSX5qyCb7S0=
22,3,r5IzziMHbcMekxnzPdWdbEEKFFY=,0/0FOBEWF8Asqz3ItSX5qyCb7S0=
23,3,r5IzziMHbcMekxnzPdWdbEEKFFY=,0/0FOBEWF8Asqz3ItSX5qyCb7S0=
10,14,8mLijobyGhz4rp2kk8nEb7pbwwE=,PTjF1aVZBMxi+XlJNhAE6BsisY8=
12,11,qkj3MI2LgwXrufNKoB1FEI3ul5o=,nbzJrhRB8D0TWZSXTmoxUJo6PZo=
12,10,qkj3MI2LgwXrufNKoB1FEI3ul5o=,nbzJrhRB8D0TWZSXTmoxUJo6PZo=
14,10,8mLijobyGhz4rp2kk8nEb7pbwwE=,bw987uj+jFugzDqdkY0KC41w55I=
13,10,8mLijobyGhz4rp2kk8nEb7pbwwE=,nbzJrhRB8D0TWZSXTmoxUJo6PZo=
12,14,8mLijobyGhz4rp2kk8nEb7pbwwE=,4rKANfg+Y2AP1QPjv1J1U/sqiNA=
15,10,8mLijobyGhz4rp2kk8nEb7pbwwE=,bw987uj+jFugzDqdkY0KC41w55I=
15,15,oRYcjYIFHwTZP0SWR9t90mHn0sQ=,ynwi37XKUvcZSfUQ78uHbAo0Rps=
14,15,tHGbHYvRVBfpIA6kyEaO06YPWTA=,ynwi37XKUvcZSfUQ78uHbAo0Rps=
11,14,8mLijobyGhz4rp2kk8nEb7pbwwE=,PTjF1aVZBMxi+XlJNhAE6BsisY8=
13,15,8mLijobyGhz4rp2kk8nEb7pbwwE=,4rKANfg+Y2AP1QPjv1J1U/sqiNA=
15,11,8mLijobyGhz4rp2kk8nEb7pbwwE=,bw987uj+jFugzDqdkY0KC41w55I=
13,11,8mLijobyGhz4rp2kk8nEb7pbwwE=,nbzJrhRB8D0TWZSXTmoxUJo6PZo=
14,14,tHGbHYvRVBfpIA6kyEaO06YPWTA=,ynwi37XKUvcZSfUQ78uHbAo0Rps=
15,14,oRYcjYIFHwTZP0SWR9t90mHn0sQ=,ynwi37XKUvcZSfUQ78uHbAo0Rps=
14,11,8mLijobyGhz4rp2kk8nEb7pbwwE=,bw987uj+jFugzDqdkY0KC41w55I=
13,14,8mLijobyGhz4rp2kk8nEb7pbwwE=,4rKANfg+Y2AP1QPjv1J1U/sqiNA=
14,12,8mLijobyGhz4rp2kk8nEb7pbwwE=,dQL73s+hd1R7nX/GXH/EXB7x91U=
15,12,8mLijobyGhz4rp2kk8nEb7pbwwE=,dQL73s+hd1R7nX/GXH/EXB7x91U=
15,13,8mLijobyGhz4rp2kk8nEb7pbwwE=,dQL73s+hd1R7nX/GXH/EXB7x91U=
14,13,8mLijobyGhz4rp2kk8nEb7pbwwE=,dQL73s+hd1R7nX/GXH/EXB7x91U=
12,15,8mLijobyGhz4rp2kk8nEb7pbwwE=,4rKANfg+Y2AP1QPjv1J1U/sqiNA=
11,15,8mLijobyGhz4rp2kk8nEb7pbwwE=,PTjF1aVZBMxi+XlJNhAE6BsisY8=
10,15,8mLijobyGhz4rp2kk8nEb7pbwwE=,PTjF1aVZBMxi+XlJNhAE6BsisY8=
10,20,fTabvi/8a4TIYQCbuytMSJ/0rbc=,ze3jew1MmfaZYDnT/5MPm3MxKqU=
9,20,fTabvi/8a4TIYQCbuytMSJ/0rbc=,ze3jew1MmfaZYDnT/5MPm3MxKqU=
9,19,fTabvi/8a4TIYQCbuytMSJ/0rbc=,pVsN1dcHGWiCxZkK0aeZebX0Uow=
10,19,fTabvi/8a4TIYQCbuytMSJ/0rbc=,Es/RXUepnwg/dXh5Q/wW9gnHeZs=
12,18,/iuEd0goJs1yz2Ma7Bhxg5lV3Zg=,ynwi37XKUvcZSfUQ78uHbAo0Rps=
10,18,cHj+m2UCpvs3LbEHc1M3fpaOuw8=,Es/RXUepnwg/dXh5Q/wW9gnHeZs=
9,18,cHj+m2UCpvs3LbEHc1M3fpaOuw8=,pVsN1dcHGWiCxZkK0aeZebX0Uow=
11,18,/iuEd0goJs1yz2Ma7Bhxg5lV3Zg=,Es/RXUepnwg/dXh5Q/wW9gnHeZs=
12,17,/iuEd0goJs1yz2Ma7Bhxg5lV3Zg=,HKYadwmrZdq36JzIzncNxiSFghU=
9,17,cHj+m2UCpvs3LbEHc1M3fpaOuw8=,LkJCruUPV5IAfa/ikCBfDzon6wI=
7,18,cHj+m2UCpvs3LbEHc1M3fpaOuw8=,QsMd++peg/j49lqKDryV54eC3+U=
8,17,cHj+m2UCpvs3LbEHc1M3fpaOuw8=,LkJCruUPV5IAfa/ikCBfDzon6wI=
8,18,fTabvi/8a4TIYQCbuytMSJ/0rbc=,pVsN1dcHGWiCxZkK0aeZebX0Uow=
5,18,fTabvi/8a4TIYQCbuytMSJ/0rbc=,+2Rn8u/zeSGz/eOoKM+2hbGWE4A=
6,18,fTabvi/8a4TIYQCbuytMSJ/0rbc=,QsMd++peg/j49lqKDryV54eC3+U=
4,19,/iuEd0goJs1yz2Ma7Bhxg5lV3Zg=,+2Rn8u/zeSGz/eOoKM+2hbGWE4A=
3,19,/iuEd0goJs1yz2Ma7Bhxg5lV3Zg=,OWKOmz+eHCAln7UAfgDxnbhBQ5k=
4,20,fmmsxFQBZervA+kdR7++TIzaO1w=,BGpTDtI1cDuuZsTbjTGaOczVxQU=
4,18,/iuEd0goJs1yz2Ma7Bhxg5lV3Zg=,+2Rn8u/zeSGz/eOoKM+2hbGWE4A=
3,18,/iuEd0goJs1yz2Ma7Bhxg5lV3Zg=,OWKOmz+eHCAln7UAfgDxnbhBQ5k=
1,21,fmmsxFQBZervA+kdR7++TIzaO1w=,K+trDQKRHZO2G40UQgVnV3waq2E=
0,21,fmmsxFQBZervA+kdR7++TIzaO1w=,K+trDQKRHZO2G40UQgVnV3waq2E=
4,21,fmmsxFQBZervA+kdR7++TIzaO1w=,BGpTDtI1cDuuZsTbjTGaOczVxQU=
8,16,fTabvi/8a4TIYQCbuytMSJ/0rbc=,LkJCruUPV5IAfa/ikCBfDzon6wI=
9,16,fTabvi/8a4TIYQCbuytMSJ/0rbc=,LkJCruUPV5IAfa/ikCBfDzon6wI=
1,20,fmmsxFQBZervA+kdR7++TIzaO1w=,K+trDQKRHZO2G40UQgVnV3waq2E=
12,16,/iuEd0goJs1yz2Ma7Bhxg5lV3Zg=,HKYadwmrZdq36JzIzncNxiSFghU=
13,18,/iuEd0goJs1yz2Ma7Bhxg5lV3Zg=,ynwi37XKUvcZSfUQ78uHbAo0Rps=
13,17,/iuEd0goJs1yz2Ma7Bhxg5lV3Zg=,HKYadwmrZdq36JzIzncNxiSFghU=
14,17,/iuEd0goJs1yz2Ma7Bhxg5lV3Zg=,ynwi37XKUvcZSfUQ78uHbAo0Rps=
10,21,fTabvi/8a4TIYQCbuytMSJ/0rbc=,ze3jew1MmfaZYDnT/5MPm3MxKqU=
9,21,fTabvi/8a4TIYQCbuytMSJ/0rbc=,ze3jew1MmfaZYDnT/5MPm3MxKqU=
0,19,/iuEd0goJs1yz2Ma7Bhxg5lV3Zg=,shqVOPXOCuezf3jeVbxjb6ppg0c=
2,19,/iuEd0goJs1yz2Ma7Bhxg5lV3Zg=,OWKOmz+eHCAln7UAfgDxnbhBQ5k=
1,19,/iuEd0goJs1yz2Ma7Bhxg5lV3Zg=,shqVOPXOCuezf3jeVbxjb6ppg0c=
0,20,fmmsxFQBZervA+kdR7++TIzaO1w=,K+trDQKRHZO2G40UQgVnV3waq2E=
15,17,/iuEd0goJs1yz2Ma7Bhxg5lV3Zg=,ynwi37XKUvcZSfUQ78uHbAo0Rps=
13,16,/iuEd0goJs1yz2Ma7Bhxg5lV3Zg=,HKYadwmrZdq36JzIzncNxiSFghU=
14,16,/iuEd0goJs1yz2Ma7Bhxg5lV3Zg=,ynwi37XKUvcZSfUQ78uHbAo0Rps=
15,16,/iuEd0goJs1yz2Ma7Bhxg5lV3Zg=,ynwi37XKUvcZSfUQ78uHbAo0Rps=
2,18,/iuEd0goJs1yz2Ma7Bhxg5lV3Zg=,OWKOmz+eHCAln7UAfgDxnbhBQ5k=
13,19,/iuEd0goJs1yz2Ma7Bhxg5lV3Zg=,ynwi37XKUvcZSfUQ78uHbAo0Rps=
1,18,/iuEd0goJs1yz2Ma7Bhxg5lV3Zg=,shqVOPXOCuezf3jeVbxjb6ppg0c=
11,21,/iuEd0goJs1yz2Ma7Bhxg5lV3Zg=,ze3jew1MmfaZYDnT/5MPm3MxKqU=
12,19,/iuEd0goJs1yz2Ma7Bhxg5lV3Zg=,ynwi37XKUvcZSfUQ78uHbAo0Rps=
11,20,/iuEd0goJs1yz2Ma7Bhxg5lV3Zg=,ze3jew1MmfaZYDnT/5MPm3MxKqU=
5,21,fmmsxFQBZervA+kdR7++TIzaO1w=,BGpTDtI1cDuuZsTbjTGaOczVxQU=
0,18,/iuEd0goJs1yz2Ma7Bhxg5lV3Zg=,shqVOPXOCuezf3jeVbxjb6ppg0c=
8,21,fTabvi/8a4TIYQCbuytMSJ/0rbc=,ze3jew1MmfaZYDnT/5MPm3MxKqU=
11,19,/iuEd0goJs1yz2Ma7Bhxg5lV3Zg=,Es/RXUepnwg/dXh5Q/wW9gnHeZs=
5,20,fmmsxFQBZervA+kdR7++TIzaO1w=,BGpTDtI1cDuuZsTbjTGaOczVxQU=
8,20,fTabvi/8a4TIYQCbuytMSJ/0rbc=,ze3jew1MmfaZYDnT/5MPm3MxKqU=
5,19,/iuEd0goJs1yz2Ma7Bhxg5lV3Zg=,+2Rn8u/zeSGz/eOoKM+2hbGWE4A=
8,19,fTabvi/8a4TIYQCbuytMSJ/0rbc=,pVsN1dcHGWiCxZkK0aeZebX0Uow=
7,19,fTabvi/8a4TIYQCbuytMSJ/0rbc=,QsMd++peg/j49lqKDryV54eC3+U=
6,19,/iuEd0goJs1yz2Ma7Bhxg5lV3Zg=,QsMd++peg/j49lqKDryV54eC3+U=
16,15,YxCFzpwFjyym2W5PimFSSsKQxkM=,sDJZBkI8VzlBLAS3n33TRjTvzZs=
17,10,dM8zQYOO5iAxrKBmWQBXqCjHnKo=,6CqMPU0fswiQIv/cj+2s9nSmsuw=
17,15,YxCFzpwFjyym2W5PimFSSsKQxkM=,sDJZBkI8VzlBLAS3n33TRjTvzZs=
16,14,YxCFzpwFjyym2W5PimFSSsKQxkM=,sDJZBkI8VzlBLAS3n33TRjTvzZs=
17,14,YxCFzpwFjyym2W5PimFSSsKQxkM=,sDJZBkI8VzlBLAS3n33TRjTvzZs=
16,11,dM8zQYOO5iAxrKBmWQBXqCjHnKo=,6CqMPU0fswiQIv/cj+2s9nSmsuw=
17,11,dM8zQYOO5iAxrKBmWQBXqCjHnKo=,6CqMPU0fswiQIv/cj+2s9nSmsuw=
16,10,dM8zQYOO5iAxrKBmWQBXqCjHnKo=,6CqMPU0fswiQIv/cj+2s9nSmsuw=
14,18,55yoT4esT5AmsnkeM+7wCpJOrHc=,hJA08PQjbqDDEJvhs1MxxMUFsqU=
14,19,55yoT4esT5AmsnkeM+7wCpJOrHc=,hJA08PQjbqDDEJvhs1MxxMUFsqU=
15,19,MC6TgiEdUIPE5MEBqejN18Jn0+0=,hJA08PQjbqDDEJvhs1MxxMUFsqU=
15,18,MC6TgiEdUIPE5MEBqejN18Jn0+0=,hJA08PQjbqDDEJvhs1MxxMUFsqU=
17,9,dM8zQYOO5iAxrKBmWQBXqCjHnKo=,TR7Mynie9ym8om+VSMqzk1thNQ0=
18,9,dM8zQYOO5iAxrKBmWQBXqCjHnKo=,TR7Mynie9ym8om+VSMqzk1thNQ0=
19,8,dM8zQYOO5iAxrKBmWQBXqCjHnKo=,TR7Mynie9ym8om+VSMqzk1thNQ0=
19,7,dM8zQYOO5iAxrKBmWQBXqCjHnKo=,c3vU1qzNI7MkMpe4N36coYqXUo8=
19,9,dM8zQYOO5iAxrKBmWQBXqCjHnKo=,TR7Mynie9ym8om+VSMqzk1thNQ0=
16,9,dM8zQYOO5iAxrKBmWQBXqCjHnKo=,TR7Mynie9ym8om+VSMqzk1thNQ0=
19,6,pfJPJaSZz0smT/JwIoA29p6Vhl4=,c3vU1qzNI7MkMpe4N36coYqXUo8=
18,8,dM8zQYOO5iAxrKBmWQBXqCjHnKo=,TR7Mynie9ym8om+VSMqzk1thNQ0=
18,6,pfJPJaSZz0smT/JwIoA29p6Vhl4=,c3vU1qzNI7MkMpe4N36coYqXUo8=
18,7,dM8zQYOO5iAxrKBmWQBXqCjHnKo=,c3vU1qzNI7MkMpe4N36coYqXUo8=
17,8,dM8zQYOO5iAxrKBmWQBXqCjHnKo=,TR7Mynie9ym8om+VSMqzk1thNQ0=
16,8,dM8zQYOO5iAxrKBmWQBXqCjHnKo=,TR7Mynie9ym8om+VSMqzk1thNQ0=
18,10,dM8zQYOO5iAxrKBmWQBXqCjHnKo=,6CqMPU0fswiQIv/cj+2s9nSmsuw=
18,11,dM8zQYOO5iAxrKBmWQBXqCjHnKo=,6CqMPU0fswiQIv/cj+2s9nSmsuw=
19,10,dM8zQYOO5iAxrKBmWQBXqCjHnKo=,6CqMPU0fswiQIv/cj+2s9nSmsuw=
19,11,dM8zQYOO5iAxrKBmWQBXqCjHnKo=,6CqMPU0fswiQIv/cj+2s9nSmsuw=
21,8,dM8zQYOO5iAxrKBmWQBXqCjHnKo=,TR7Mynie9ym8om+VSMqzk1thNQ0=
20,8,dM8zQYOO5iAxrKBmWQBXqCjHnKo=,TR7Mynie9ym8om+VSMqzk1thNQ0=
20,9,dM8zQYOO5iAxrKBmWQBXqCjHnKo=,TR7Mynie9ym8om+VSMqzk1thNQ0=
21,9,dM8zQYOO5iAxrKBmWQBXqCjHnKo=,TR7Mynie9ym8om+VSMqzk1thNQ0=
23,0,0VkHIpM45wsv9INVC5tJPlx3vrg=,rJITQiMxyzuhhmbXetbJWHHuPnY=
23,1,0VkHIpM45wsv9INVC5tJPlx3vrg=,rJITQiMxyzuhhmbXetbJWHHuPnY=
22,1,0VkHIpM45wsv9INVC5tJPlx3vrg=,rJITQiMxyzuhhmbXetbJWHHuPnY=
22,0,0VkHIpM45wsv9INVC5tJPlx3vrg=,rJITQiMxyzuhhmbXetbJWHHuPnY=
24,1,0VkHIpM45wsv9INVC5tJPlx3vrg=,xZZ8IPDcwnkLC8PhBodJoh+CKgs=
25,1,0VkHIpM45wsv9INVC5tJPlx3vrg=,xZZ8IPDcwnkLC8PhBodJoh+CKgs=
24,0,0VkHIpM45wsv9INVC5tJPlx3vrg=,xZZ8IPDcwnkLC8PhBodJoh+CKgs=
25,0,0VkHIpM45wsv9INVC5tJPlx3vrg=,xZZ8IPDcwnkLC8PhBodJoh+CKgs=
