17,-14,Fo+8qaLHfNtehxw6jKloDt3+cSs=,goOr/HkMUAI1aauIgkLWfy4l1vs=
18,-15,XR854PO2X3n+Fkt2fFfGpXO0GO4=,C4quj+qSTs3ZDXyKck00cEqFyY0=
18,-14,Fo+8qaLHfNtehxw6jKloDt3+cSs=,zCyVA7vzRScVCmUTKjTjRWKDXsE=
17,-15,kR1OFSNr4jGESNekFqXB7cswF6M=,C4quj+qSTs3ZDXyKck00cEqFyY0=
17,-13,c9RdegLq5Pa0MBrATU4xz7QViSY=,goOr/HkMUAI1aauIgkLWfy4l1vs=
18,-12,c9RdegLq5Pa0MBrATU4xz7QViSY=,zCyVA7vzRScVCmUTKjTjRWKDXsE=
17,-12,c9RdegLq5Pa0MBrATU4xz7QViSY=,zNXJhAL2Cn9mR9REQo1oK/ASmTc=
18,-13,c9RdegLq5Pa0MBrATU4xz7QViSY=,zCyVA7vzRScVCmUTKjTjRWKDXsE=
20,-12,cQGfNR3liyXnrEdGuwzqVnYHnCM=,cycO11C7BKOw7NIO5dF9tOeQhwM=
19,-13,Fo+8qaLHfNtehxw6jKloDt3+cSs=,zCyVA7vzRScVCmUTKjTjRWKDXsE=
19,-12,Fo+8qaLHfNtehxw6jKloDt3+cSs=,zCyVA7vzRScVCmUTKjTjRWKDXsE=
20,-13,cQGfNR3liyXnrEdGuwzqVnYHnCM=,+vmlkk1Af0yyzDO/Ae6UcL5WUjU=
18,-10,kZuQ34PvUBiQTe1tARVD/TmRk8Y=,zCyVA7vzRScVCmUTKjTjRWKDXsE=
17,-11,kZuQ34PvUBiQTe1tARVD/TmRk8Y=,zNXJhAL2Cn9mR9REQo1oK/ASmTc=
18,-11,kZuQ34PvUBiQTe1tARVD/TmRk8Y=,zCyVA7vzRScVCmUTKjTjRWKDXsE=
17,-10,kZuQ34PvUBiQTe1tARVD/TmRk8Y=,goOr/HkMUAI1aauIgkLWfy4l1vs=
18,-9,kZuQ34PvUBiQTe1tARVD/TmRk8Y=,zCyVA7vzRScVCmUTKjTjRWKDXsE=
17,-9,kZuQ34PvUBiQTe1tARVD/TmRk8Y=,goOr/HkMUAI1aauIgkLWfy4l1vs=
18,-8,kZuQ34PvUBiQTe1tARVD/TmRk8Y=,AHlpzYURtRt4g8G1L4E95DYEtxM=
17,-8,kZuQ34PvUBiQTe1tARVD/TmRk8Y=,goOr/HkMUAI1aauIgkLWfy4l1vs=
20,-6,PB+r27gtbmZApHC1CqMHlS84nH4=,6szZ9KSTS4izOJiRFbYqW4RviWY=
20,-7,PB+r27gtbmZApHC1CqMHlS84nH4=,syzFK8Z1iZ0GBvWL98ix25x5Yjo=
19,-6,Fo+8qaLHfNtehxw6jKloDt3+cSs=,hQdVmv5mRjCVxiybtkYOuPd9AE8=
19,-7,Fo+8qaLHfNtehxw6jKloDt3+cSs=,AHlpzYURtRt4g8G1L4E95DYEtxM=
20,-4,yrMHSo8twpMcXZagF0ooHENAYwI=,OgWw4RM5QHjHPtl+JfwMe2eENLQ=
19,-4,yrMHSo8twpMcXZagF0ooHENAYwI=,F7qXiFlJrBhRn5rWetCjFRGBFcQ=
20,-5,GzNHlo62zO3cf5QTXlOMcGChVgw=,6szZ9KSTS4izOJiRFbYqW4RviWY=
18,-7,Fo+8qaLHfNtehxw6jKloDt3+cSs=,AHlpzYURtRt4g8G1L4E95DYEtxM=
19,-5,Fo+8qaLHfNtehxw6jKloDt3+cSs=,hQdVmv5mRjCVxiybtkYOuPd9AE8=
17,-6,UNPicWnoWApx0S0oi3BBm7vKDRc=,vPxrmWcIzTUH2tlI7jqjsTMP9d8=
18,-6,Fo+8qaLHfNtehxw6jKloDt3+cSs=,hQdVmv5mRjCVxiybtkYOuPd9AE8=
17,-7,Fo+8qaLHfNtehxw6jKloDt3+cSs=,goOr/HkMUAI1aauIgkLWfy4l1vs=
18,-4,yrMHSo8twpMcXZagF0ooHENAYwI=,F7qXiFlJrBhRn5rWetCjFRGBFcQ=
17,-5,UNPicWnoWApx0S0oi3BBm7vKDRc=,vPxrmWcIzTUH2tlI7jqjsTMP9d8=
17,-4,UNPicWnoWApx0S0oi3BBm7vKDRc=,jFyoh3vmIltYTRB89fK/CUNnnEA=
18,-5,Fo+8qaLHfNtehxw6jKloDt3+cSs=,hQdVmv5mRjCVxiybtkYOuPd9AE8=
16,-5,UNPicWnoWApx0S0oi3BBm7vKDRc=,vPxrmWcIzTUH2tlI7jqjsTMP9d8=
16,-4,UNPicWnoWApx0S0oi3BBm7vKDRc=,jFyoh3vmIltYTRB89fK/CUNnnEA=
16,-6,UNPicWnoWApx0S0oi3BBm7vKDRc=,vPxrmWcIzTUH2tlI7jqjsTMP9d8=
16,-7,Fo+8qaLHfNtehxw6jKloDt3+cSs=,goOr/HkMUAI1aauIgkLWfy4l1vs=
22,-3,THh249WK+YKrAfTrCcOa8HB+v+M=,pMfY9oIWQ0SHzmj0ZGMHb2QC+rk=
21,-3,yrMHSo8twpMcXZagF0ooHENAYwI=,OgWw4RM5QHjHPtl+JfwMe2eENLQ=
21,-2,yrMHSo8twpMcXZagF0ooHENAYwI=,EbGUnv1j1h1HqfIpau5Hkp5O9ys=
16,-11,Fo+8qaLHfNtehxw6jKloDt3+cSs=,zNXJhAL2Cn9mR9REQo1oK/ASmTc=
16,-10,Fo+8qaLHfNtehxw6jKloDt3+cSs=,goOr/HkMUAI1aauIgkLWfy4l1vs=
16,-9,Fo+8qaLHfNtehxw6jKloDt3+cSs=,goOr/HkMUAI1aauIgkLWfy4l1vs=
16,-13,Fo+8qaLHfNtehxw6jKloDt3+cSs=,goOr/HkMUAI1aauIgkLWfy4l1vs=
16,-8,Fo+8qaLHfNtehxw6jKloDt3+cSs=,goOr/HkMUAI1aauIgkLWfy4l1vs=
16,-12,Fo+8qaLHfNtehxw6jKloDt3+cSs=,zNXJhAL2Cn9mR9REQo1oK/ASmTc=
16,-14,Fo+8qaLHfNtehxw6jKloDt3+cSs=,goOr/HkMUAI1aauIgkLWfy4l1vs=
18,-16,THh249WK+YKrAfTrCcOa8HB+v+M=,C4quj+qSTs3ZDXyKck00cEqFyY0=
16,-15,9KVJJHlTLCd5r/BCDRow9i7YucU=,C4quj+qSTs3ZDXyKck00cEqFyY0=
17,-16,9KVJJHlTLCd5r/BCDRow9i7YucU=,C4quj+qSTs3ZDXyKck00cEqFyY0=
21,-12,9KVJJHlTLCd5r/BCDRow9i7YucU=,cycO11C7BKOw7NIO5dF9tOeQhwM=
22,-13,9KVJJHlTLCd5r/BCDRow9i7YucU=,ThbXyLPkd1w0aEPB5AkHVz07C9s=
21,-13,9KVJJHlTLCd5r/BCDRow9i7YucU=,+vmlkk1Af0yyzDO/Ae6UcL5WUjU=
22,-4,9KVJJHlTLCd5r/BCDRow9i7YucU=,pMfY9oIWQ0SHzmj0ZGMHb2QC+rk=
21,-5,9KVJJHlTLCd5r/BCDRow9i7YucU=,6szZ9KSTS4izOJiRFbYqW4RviWY=
21,-6,9KVJJHlTLCd5r/BCDRow9i7YucU=,6szZ9KSTS4izOJiRFbYqW4RviWY=
21,-4,yrMHSo8twpMcXZagF0ooHENAYwI=,OgWw4RM5QHjHPtl+JfwMe2eENLQ=
21,-7,9KVJJHlTLCd5r/BCDRow9i7YucU=,syzFK8Z1iZ0GBvWL98ix25x5Yjo=
21,-1,yrMHSo8twpMcXZagF0ooHENAYwI=,EbGUnv1j1h1HqfIpau5Hkp5O9ys=
21,-9,9KVJJHlTLCd5r/BCDRow9i7YucU=,syzFK8Z1iZ0GBvWL98ix25x5Yjo=
20,-9,9KVJJHlTLCd5r/BCDRow9i7YucU=,syzFK8Z1iZ0GBvWL98ix25x5Yjo=
21,-11,9KVJJHlTLCd5r/BCDRow9i7YucU=,cycO11C7BKOw7NIO5dF9tOeQhwM=
20,-11,9KVJJHlTLCd5r/BCDRow9i7YucU=,cycO11C7BKOw7NIO5dF9tOeQhwM=
20,-8,9KVJJHlTLCd5r/BCDRow9i7YucU=,syzFK8Z1iZ0GBvWL98ix25x5Yjo=
19,-9,Fo+8qaLHfNtehxw6jKloDt3+cSs=,zCyVA7vzRScVCmUTKjTjRWKDXsE=
20,-10,9KVJJHlTLCd5r/BCDRow9i7YucU=,syzFK8Z1iZ0GBvWL98ix25x5Yjo=
21,-10,9KVJJHlTLCd5r/BCDRow9i7YucU=,syzFK8Z1iZ0GBvWL98ix25x5Yjo=
19,-10,Fo+8qaLHfNtehxw6jKloDt3+cSs=,zCyVA7vzRScVCmUTKjTjRWKDXsE=
19,-8,Fo+8qaLHfNtehxw6jKloDt3+cSs=,AHlpzYURtRt4g8G1L4E95DYEtxM=
21,-8,9KVJJHlTLCd5r/BCDRow9i7YucU=,syzFK8Z1iZ0GBvWL98ix25x5Yjo=
19,-11,Fo+8qaLHfNtehxw6jKloDt3+cSs=,zCyVA7vzRScVCmUTKjTjRWKDXsE=
16,-16,9KVJJHlTLCd5r/BCDRow9i7YucU=,C4quj+qSTs3ZDXyKck00cEqFyY0=
23,-3,9KVJJHlTLCd5r/BCDRow9i7YucU=,pMfY9oIWQ0SHzmj0ZGMHb2QC+rk=
23,-4,9KVJJHlTLCd5r/BCDRow9i7YucU=,pMfY9oIWQ0SHzmj0ZGMHb2QC+rk=
23,-14,9KVJJHlTLCd5r/BCDRow9i7YucU=,ThbXyLPkd1w0aEPB5AkHVz07C9s=
23,-13,9KVJJHlTLCd5r/BCDRow9i7YucU=,ThbXyLPkd1w0aEPB5AkHVz07C9s=
26,-13,9KVJJHlTLCd5r/BCDRow9i7YucU=,LyeW52zVtVAvjYIbi6OL8DSfAHs=
27,-13,9KVJJHlTLCd5r/BCDRow9i7YucU=,LyeW52zVtVAvjYIbi6OL8DSfAHs=
26,-14,9KVJJHlTLCd5r/BCDRow9i7YucU=,LyeW52zVtVAvjYIbi6OL8DSfAHs=
27,-14,9KVJJHlTLCd5r/BCDRow9i7YucU=,LyeW52zVtVAvjYIbi6OL8DSfAHs=
30,-4,9KVJJHlTLCd5r/BCDRow9i7YucU=,pMfY9oIWQ0SHzmj0ZGMHb2QC+rk=
29,-4,9KVJJHlTLCd5r/BCDRow9i7YucU=,pMfY9oIWQ0SHzmj0ZGMHb2QC+rk=
27,-7,9KVJJHlTLCd5r/BCDRow9i7YucU=,LyeW52zVtVAvjYIbi6OL8DSfAHs=
26,-7,9KVJJHlTLCd5r/BCDRow9i7YucU=,LyeW52zVtVAvjYIbi6OL8DSfAHs=
30,-15,9KVJJHlTLCd5r/BCDRow9i7YucU=,4BKME2edK7dc1caJH5g7Cuwvsc4=
31,-15,9KVJJHlTLCd5r/BCDRow9i7YucU=,4BKME2edK7dc1caJH5g7Cuwvsc4=
31,-16,9KVJJHlTLCd5r/BCDRow9i7YucU=,4BKME2edK7dc1caJH5g7Cuwvsc4=
30,-3,9KVJJHlTLCd5r/BCDRow9i7YucU=,pMfY9oIWQ0SHzmj0ZGMHb2QC+rk=
29,-3,9KVJJHlTLCd5r/BCDRow9i7YucU=,pMfY9oIWQ0SHzmj0ZGMHb2QC+rk=
27,-8,9KVJJHlTLCd5r/BCDRow9i7YucU=,LyeW52zVtVAvjYIbi6OL8DSfAHs=
26,-8,9KVJJHlTLCd5r/BCDRow9i7YucU=,LyeW52zVtVAvjYIbi6OL8DSfAHs=
30,-9,9KVJJHlTLCd5r/BCDRow9i7YucU=,4BKME2edK7dc1caJH5g7Cuwvsc4=
31,-9,9KVJJHlTLCd5r/BCDRow9i7YucU=,4BKME2edK7dc1caJH5g7Cuwvsc4=
30,-10,9KVJJHlTLCd5r/BCDRow9i7YucU=,4BKME2edK7dc1caJH5g7Cuwvsc4=
31,-10,9KVJJHlTLCd5r/BCDRow9i7YucU=,4BKME2edK7dc1caJH5g7Cuwvsc4=
31,-3,9KVJJHlTLCd5r/BCDRow9i7YucU=,pMfY9oIWQ0SHzmj0ZGMHb2QC+rk=
28,-4,9KVJJHlTLCd5r/BCDRow9i7YucU=,pMfY9oIWQ0SHzmj0ZGMHb2QC+rk=
28,-3,9KVJJHlTLCd5r/BCDRow9i7YucU=,pMfY9oIWQ0SHzmj0ZGMHb2QC+rk=
30,-16,9KVJJHlTLCd5r/BCDRow9i7YucU=,4BKME2edK7dc1caJH5g7Cuwvsc4=
31,-4,9KVJJHlTLCd5r/BCDRow9i7YucU=,pMfY9oIWQ0SHzmj0ZGMHb2QC+rk=
19,-3,yrMHSo8twpMcXZagF0ooHENAYwI=,F7qXiFlJrBhRn5rWetCjFRGBFcQ=
20,-1,yrMHSo8twpMcXZagF0ooHENAYwI=,EbGUnv1j1h1HqfIpau5Hkp5O9ys=
20,-2,yrMHSo8twpMcXZagF0ooHENAYwI=,EbGUnv1j1h1HqfIpau5Hkp5O9ys=
22,-14,FAAaWKG4mrIm0yz7MUnfE8tn1ss=,ThbXyLPkd1w0aEPB5AkHVz07C9s=
20,-16,FAAaWKG4mrIm0yz7MUnfE8tn1ss=,iCJv+WdrraXYgWDAMngIpl1hsKY=
20,-3,yrMHSo8twpMcXZagF0ooHENAYwI=,OgWw4RM5QHjHPtl+JfwMe2eENLQ=
19,-15,FAAaWKG4mrIm0yz7MUnfE8tn1ss=,C4quj+qSTs3ZDXyKck00cEqFyY0=
21,-15,FAAaWKG4mrIm0yz7MUnfE8tn1ss=,iCJv+WdrraXYgWDAMngIpl1hsKY=
19,-1,yrMHSo8twpMcXZagF0ooHENAYwI=,9Gq83SiBMkJVhr7mLj9HSSBrmoo=
20,-15,FAAaWKG4mrIm0yz7MUnfE8tn1ss=,iCJv+WdrraXYgWDAMngIpl1hsKY=
21,-16,FAAaWKG4mrIm0yz7MUnfE8tn1ss=,iCJv+WdrraXYgWDAMngIpl1hsKY=
21,-14,FAAaWKG4mrIm0yz7MUnfE8tn1ss=,+vmlkk1Af0yyzDO/Ae6UcL5WUjU=
20,-14,FAAaWKG4mrIm0yz7MUnfE8tn1ss=,+vmlkk1Af0yyzDO/Ae6UcL5WUjU=
19,-14,Fo+8qaLHfNtehxw6jKloDt3+cSs=,zCyVA7vzRScVCmUTKjTjRWKDXsE=
19,-2,yrMHSo8twpMcXZagF0ooHENAYwI=,9Gq83SiBMkJVhr7mLj9HSSBrmoo=
19,-16,FAAaWKG4mrIm0yz7MUnfE8tn1ss=,C4quj+qSTs3ZDXyKck00cEqFyY0=
17,-3,UNPicWnoWApx0S0oi3BBm7vKDRc=,jFyoh3vmIltYTRB89fK/CUNnnEA=
18,-2,yrMHSo8twpMcXZagF0ooHENAYwI=,9Gq83SiBMkJVhr7mLj9HSSBrmoo=
16,-3,UNPicWnoWApx0S0oi3BBm7vKDRc=,jFyoh3vmIltYTRB89fK/CUNnnEA=
16,-2,MRyGQeBizTmkgAI6Sv3y2C1fdiE=,AUzV17ujB46YUGKHO22I0KqR+iU=
18,-3,yrMHSo8twpMcXZagF0ooHENAYwI=,F7qXiFlJrBhRn5rWetCjFRGBFcQ=
18,-1,yrMHSo8twpMcXZagF0ooHENAYwI=,9Gq83SiBMkJVhr7mLj9HSSBrmoo=
16,-1,MRyGQeBizTmkgAI6Sv3y2C1fdiE=,AUzV17ujB46YUGKHO22I0KqR+iU=
17,-2,MRyGQeBizTmkgAI6Sv3y2C1fdiE=,AUzV17ujB46YUGKHO22I0KqR+iU=
17,-1,MRyGQeBizTmkgAI6Sv3y2C1fdiE=,AUzV17ujB46YUGKHO22I0KqR+iU=
17,-20,FAAaWKG4mrIm0yz7MUnfE8tn1ss=,ThbXyLPkd1w0aEPB5AkHVz07C9s=
16,-20,FAAaWKG4mrIm0yz7MUnfE8tn1ss=,ThbXyLPkd1w0aEPB5AkHVz07C9s=
17,-30,FAAaWKG4mrIm0yz7MUnfE8tn1ss=,ThbXyLPkd1w0aEPB5AkHVz07C9s=
17,-23,FAAaWKG4mrIm0yz7MUnfE8tn1ss=,ThbXyLPkd1w0aEPB5AkHVz07C9s=
16,-30,FAAaWKG4mrIm0yz7MUnfE8tn1ss=,ThbXyLPkd1w0aEPB5AkHVz07C9s=
17,-29,FAAaWKG4mrIm0yz7MUnfE8tn1ss=,ThbXyLPkd1w0aEPB5AkHVz07C9s=
16,-29,FAAaWKG4mrIm0yz7MUnfE8tn1ss=,ThbXyLPkd1w0aEPB5AkHVz07C9s=
16,-23,FAAaWKG4mrIm0yz7MUnfE8tn1ss=,ThbXyLPkd1w0aEPB5AkHVz07C9s=
23,-23,FAAaWKG4mrIm0yz7MUnfE8tn1ss=,ThbXyLPkd1w0aEPB5AkHVz07C9s=
23,-24,FAAaWKG4mrIm0yz7MUnfE8tn1ss=,ThbXyLPkd1w0aEPB5AkHVz07C9s=
22,-27,FAAaWKG4mrIm0yz7MUnfE8tn1ss=,ThbXyLPkd1w0aEPB5AkHVz07C9s=
23,-27,FAAaWKG4mrIm0yz7MUnfE8tn1ss=,ThbXyLPkd1w0aEPB5AkHVz07C9s=
22,-24,FAAaWKG4mrIm0yz7MUnfE8tn1ss=,ThbXyLPkd1w0aEPB5AkHVz07C9s=
22,-23,FAAaWKG4mrIm0yz7MUnfE8tn1ss=,ThbXyLPkd1w0aEPB5AkHVz07C9s=
26,-29,FAAaWKG4mrIm0yz7MUnfE8tn1ss=,LyeW52zVtVAvjYIbi6OL8DSfAHs=
27,-29,FAAaWKG4mrIm0yz7MUnfE8tn1ss=,LyeW52zVtVAvjYIbi6OL8DSfAHs=
26,-30,FAAaWKG4mrIm0yz7MUnfE8tn1ss=,LyeW52zVtVAvjYIbi6OL8DSfAHs=
26,-31,FAAaWKG4mrIm0yz7MUnfE8tn1ss=,LyeW52zVtVAvjYIbi6OL8DSfAHs=
27,-31,FAAaWKG4mrIm0yz7MUnfE8tn1ss=,LyeW52zVtVAvjYIbi6OL8DSfAHs=
27,-30,FAAaWKG4mrIm0yz7MUnfE8tn1ss=,LyeW52zVtVAvjYIbi6OL8DSfAHs=
23,-28,FAAaWKG4mrIm0yz7MUnfE8tn1ss=,ThbXyLPkd1w0aEPB5AkHVz07C9s=
16,-24,FAAaWKG4mrIm0yz7MUnfE8tn1ss=,ThbXyLPkd1w0aEPB5AkHVz07C9s=
27,-32,FAAaWKG4mrIm0yz7MUnfE8tn1ss=,LyeW52zVtVAvjYIbi6OL8DSfAHs=
22,-28,FAAaWKG4mrIm0yz7MUnfE8tn1ss=,ThbXyLPkd1w0aEPB5AkHVz07C9s=
26,-32,FAAaWKG4mrIm0yz7MUnfE8tn1ss=,LyeW52zVtVAvjYIbi6OL8DSfAHs=
17,-24,FAAaWKG4mrIm0yz7MUnfE8tn1ss=,ThbXyLPkd1w0aEPB5AkHVz07C9s=
23,-20,FAAaWKG4mrIm0yz7MUnfE8tn1ss=,ThbXyLPkd1w0aEPB5AkHVz07C9s=
22,-20,FAAaWKG4mrIm0yz7MUnfE8tn1ss=,ThbXyLPkd1w0aEPB5AkHVz07C9s=
22,-19,FAAaWKG4mrIm0yz7MUnfE8tn1ss=,ThbXyLPkd1w0aEPB5AkHVz07C9s=
23,-19,FAAaWKG4mrIm0yz7MUnfE8tn1ss=,ThbXyLPkd1w0aEPB5AkHVz07C9s=
26,-19,FAAaWKG4mrIm0yz7MUnfE8tn1ss=,LyeW52zVtVAvjYIbi6OL8DSfAHs=
27,-19,FAAaWKG4mrIm0yz7MUnfE8tn1ss=,LyeW52zVtVAvjYIbi6OL8DSfAHs=
26,-20,FAAaWKG4mrIm0yz7MUnfE8tn1ss=,LyeW52zVtVAvjYIbi6OL8DSfAHs=
26,-24,FAAaWKG4mrIm0yz7MUnfE8tn1ss=,LyeW52zVtVAvjYIbi6OL8DSfAHs=
27,-24,FAAaWKG4mrIm0yz7MUnfE8tn1ss=,LyeW52zVtVAvjYIbi6OL8DSfAHs=
26,-23,FAAaWKG4mrIm0yz7MUnfE8tn1ss=,LyeW52zVtVAvjYIbi6OL8DSfAHs=
27,-23,RONqVNRJ7xwk4MyQn0h5Lihai9s=,LyeW52zVtVAvjYIbi6OL8DSfAHs=
27,-20,RONqVNRJ7xwk4MyQn0h5Lihai9s=,LyeW52zVtVAvjYIbi6OL8DSfAHs=
30,-24,RONqVNRJ7xwk4MyQn0h5Lihai9s=,LyeW52zVtVAvjYIbi6OL8DSfAHs=
30,-23,RONqVNRJ7xwk4MyQn0h5Lihai9s=,LyeW52zVtVAvjYIbi6OL8DSfAHs=
31,-30,RONqVNRJ7xwk4MyQn0h5Lihai9s=,LyeW52zVtVAvjYIbi6OL8DSfAHs=
30,-30,RONqVNRJ7xwk4MyQn0h5Lihai9s=,LyeW52zVtVAvjYIbi6OL8DSfAHs=
30,-29,RONqVNRJ7xwk4MyQn0h5Lihai9s=,LyeW52zVtVAvjYIbi6OL8DSfAHs=
31,-29,RONqVNRJ7xwk4MyQn0h5Lihai9s=,LyeW52zVtVAvjYIbi6OL8DSfAHs=
31,-23,RONqVNRJ7xwk4MyQn0h5Lihai9s=,LyeW52zVtVAvjYIbi6OL8DSfAHs=
31,-24,RONqVNRJ7xwk4MyQn0h5Lihai9s=,LyeW52zVtVAvjYIbi6OL8DSfAHs=
17,-19,RONqVNRJ7xwk4MyQn0h5Lihai9s=,ThbXyLPkd1w0aEPB5AkHVz07C9s=
17,-18,RONqVNRJ7xwk4MyQn0h5Lihai9s=,do+XNvl/3YhFMmUzqWDifSpAS7Q=
16,-19,RONqVNRJ7xwk4MyQn0h5Lihai9s=,ThbXyLPkd1w0aEPB5AkHVz07C9s=
16,-18,RONqVNRJ7xwk4MyQn0h5Lihai9s=,do+XNvl/3YhFMmUzqWDifSpAS7Q=
17,-17,RONqVNRJ7xwk4MyQn0h5Lihai9s=,do+XNvl/3YhFMmUzqWDifSpAS7Q=
16,-17,RONqVNRJ7xwk4MyQn0h5Lihai9s=,do+XNvl/3YhFMmUzqWDifSpAS7Q=
6,-26,156ucZZ48Aig4WDuznTR6Qwx9Uo=,ThbXyLPkd1w0aEPB5AkHVz07C9s=
6,-27,156ucZZ48Aig4WDuznTR6Qwx9Uo=,ThbXyLPkd1w0aEPB5AkHVz07C9s=
7,-27,156ucZZ48Aig4WDuznTR6Qwx9Uo=,ThbXyLPkd1w0aEPB5AkHVz07C9s=
7,-26,156ucZZ48Aig4WDuznTR6Qwx9Uo=,ThbXyLPkd1w0aEPB5AkHVz07C9s=
7,-20,S5noArPOBYZ5vQmAPK3G1uPL8lM=,xCdeD+DS2Shf0TFPvRYw4TdHlyM=
7,-21,S5noArPOBYZ5vQmAPK3G1uPL8lM=,M4V4MHpTk6fL7vM/Abtw+cPq6YU=
8,-20,S5noArPOBYZ5vQmAPK3G1uPL8lM=,DLz7SNqOd2tmbvMnozNgtOKXAmM=
8,-21,S5noArPOBYZ5vQmAPK3G1uPL8lM=,VHKsyOTi2HEtEs5hhaVXZntpdCE=
7,-18,Ih3x23TVFoL5Ix1kVBbnQKjcf+o=,zVOIXaQKy7CYXDk5LUQd4d4rbUw=
7,-19,Ih3x23TVFoL5Ix1kVBbnQKjcf+o=,xCdeD+DS2Shf0TFPvRYw4TdHlyM=
8,-19,Ih3x23TVFoL5Ix1kVBbnQKjcf+o=,DLz7SNqOd2tmbvMnozNgtOKXAmM=
8,-18,Ih3x23TVFoL5Ix1kVBbnQKjcf+o=,F04O6hG+wq04JpnVS6iqNXOdAP0=
6,-20,Ih3x23TVFoL5Ix1kVBbnQKjcf+o=,xCdeD+DS2Shf0TFPvRYw4TdHlyM=
6,-21,Ih3x23TVFoL5Ix1kVBbnQKjcf+o=,M4V4MHpTk6fL7vM/Abtw+cPq6YU=
5,-20,Ih3x23TVFoL5Ix1kVBbnQKjcf+o=,jDJziSGPUP9FYC41eIS2dyr2P/s=
5,-21,Ih3x23TVFoL5Ix1kVBbnQKjcf+o=,+feODNSECFNIAxcrC9LlnPR/tFE=
7,-17,Wv41oQWR5n86w/Y7A1o+sejgvCI=,zVOIXaQKy7CYXDk5LUQd4d4rbUw=
8,-17,Wv41oQWR5n86w/Y7A1o+sejgvCI=,F04O6hG+wq04JpnVS6iqNXOdAP0=
6,-18,ofS/4iAqfQ/uP1KGCMIj7l99/s8=,zVOIXaQKy7CYXDk5LUQd4d4rbUw=
5,-19,ofS/4iAqfQ/uP1KGCMIj7l99/s8=,jDJziSGPUP9FYC41eIS2dyr2P/s=
5,-17,ofS/4iAqfQ/uP1KGCMIj7l99/s8=,xqvxtI5iUbi1ftz/mp0X8Cr1pCA=
6,-19,ofS/4iAqfQ/uP1KGCMIj7l99/s8=,xCdeD+DS2Shf0TFPvRYw4TdHlyM=
5,-18,ofS/4iAqfQ/uP1KGCMIj7l99/s8=,xqvxtI5iUbi1ftz/mp0X8Cr1pCA=
6,-17,ofS/4iAqfQ/uP1KGCMIj7l99/s8=,zVOIXaQKy7CYXDk5LUQd4d4rbUw=
2,-18,6l7KhSUfWzhzf3FOl4uvOknsNGQ=,M15VgwAjtjUXAVvgdPt7mwhKTCM=
4,-17,6l7KhSUfWzhzf3FOl4uvOknsNGQ=,xqvxtI5iUbi1ftz/mp0X8Cr1pCA=
4,-19,6l7KhSUfWzhzf3FOl4uvOknsNGQ=,jDJziSGPUP9FYC41eIS2dyr2P/s=
4,-18,6l7KhSUfWzhzf3FOl4uvOknsNGQ=,xqvxtI5iUbi1ftz/mp0X8Cr1pCA=
2,-17,6l7KhSUfWzhzf3FOl4uvOknsNGQ=,M15VgwAjtjUXAVvgdPt7mwhKTCM=
3,-18,6l7KhSUfWzhzf3FOl4uvOknsNGQ=,M15VgwAjtjUXAVvgdPt7mwhKTCM=
1,-18,6l7KhSUfWzhzf3FOl4uvOknsNGQ=,bGQJ2OOeN4oNgPP+RKrRrsLWCMA=
2,-19,6l7KhSUfWzhzf3FOl4uvOknsNGQ=,zVOIXaQKy7CYXDk5LUQd4d4rbUw=
1,-17,6l7KhSUfWzhzf3FOl4uvOknsNGQ=,bGQJ2OOeN4oNgPP+RKrRrsLWCMA=
3,-19,6l7KhSUfWzhzf3FOl4uvOknsNGQ=,zVOIXaQKy7CYXDk5LUQd4d4rbUw=
3,-17,6l7KhSUfWzhzf3FOl4uvOknsNGQ=,M15VgwAjtjUXAVvgdPt7mwhKTCM=
10,-20,mDDfy9QqRuB5bVhJ2sS2rpPOccs=,jbqZWqbSN/WhqLMr7gAKx/+goNc=
9,-21,mDDfy9QqRuB5bVhJ2sS2rpPOccs=,VHKsyOTi2HEtEs5hhaVXZntpdCE=
9,-20,mDDfy9QqRuB5bVhJ2sS2rpPOccs=,DLz7SNqOd2tmbvMnozNgtOKXAmM=
7,-22,IxShFnWbjGAwWuVYF/YFbtG2Nvc=,M4V4MHpTk6fL7vM/Abtw+cPq6YU=
8,-22,IxShFnWbjGAwWuVYF/YFbtG2Nvc=,VHKsyOTi2HEtEs5hhaVXZntpdCE=
7,-25,IxShFnWbjGAwWuVYF/YFbtG2Nvc=,ThbXyLPkd1w0aEPB5AkHVz07C9s=
6,-22,IxShFnWbjGAwWuVYF/YFbtG2Nvc=,M4V4MHpTk6fL7vM/Abtw+cPq6YU=
5,-22,IxShFnWbjGAwWuVYF/YFbtG2Nvc=,+feODNSECFNIAxcrC9LlnPR/tFE=
6,-25,IxShFnWbjGAwWuVYF/YFbtG2Nvc=,ThbXyLPkd1w0aEPB5AkHVz07C9s=
3,-25,IxShFnWbjGAwWuVYF/YFbtG2Nvc=,ThbXyLPkd1w0aEPB5AkHVz07C9s=
3,-27,IxShFnWbjGAwWuVYF/YFbtG2Nvc=,ThbXyLPkd1w0aEPB5AkHVz07C9s=
3,-26,IxShFnWbjGAwWuVYF/YFbtG2Nvc=,ThbXyLPkd1w0aEPB5AkHVz07C9s=
13,-30,IxShFnWbjGAwWuVYF/YFbtG2Nvc=,ThbXyLPkd1w0aEPB5AkHVz07C9s=
12,-30,IxShFnWbjGAwWuVYF/YFbtG2Nvc=,ThbXyLPkd1w0aEPB5AkHVz07C9s=
13,-29,IxShFnWbjGAwWuVYF/YFbtG2Nvc=,ThbXyLPkd1w0aEPB5AkHVz07C9s=
2,-27,IxShFnWbjGAwWuVYF/YFbtG2Nvc=,ThbXyLPkd1w0aEPB5AkHVz07C9s=
2,-26,IxShFnWbjGAwWuVYF/YFbtG2Nvc=,ThbXyLPkd1w0aEPB5AkHVz07C9s=
12,-20,IxShFnWbjGAwWuVYF/YFbtG2Nvc=,zVOIXaQKy7CYXDk5LUQd4d4rbUw=
11,-20,IxShFnWbjGAwWuVYF/YFbtG2Nvc=,jbqZWqbSN/WhqLMr7gAKx/+goNc=
13,-20,IxShFnWbjGAwWuVYF/YFbtG2Nvc=,zVOIXaQKy7CYXDk5LUQd4d4rbUw=
13,-23,IxShFnWbjGAwWuVYF/YFbtG2Nvc=,ThbXyLPkd1w0aEPB5AkHVz07C9s=
12,-29,IxShFnWbjGAwWuVYF/YFbtG2Nvc=,ThbXyLPkd1w0aEPB5AkHVz07C9s=
9,-22,IxShFnWbjGAwWuVYF/YFbtG2Nvc=,VHKsyOTi2HEtEs5hhaVXZntpdCE=
12,-23,IxShFnWbjGAwWuVYF/YFbtG2Nvc=,ThbXyLPkd1w0aEPB5AkHVz07C9s=
13,-24,IxShFnWbjGAwWuVYF/YFbtG2Nvc=,ThbXyLPkd1w0aEPB5AkHVz07C9s=
3,-28,IxShFnWbjGAwWuVYF/YFbtG2Nvc=,ThbXyLPkd1w0aEPB5AkHVz07C9s=
4,-20,IxShFnWbjGAwWuVYF/YFbtG2Nvc=,jDJziSGPUP9FYC41eIS2dyr2P/s=
4,-22,IxShFnWbjGAwWuVYF/YFbtG2Nvc=,+feODNSECFNIAxcrC9LlnPR/tFE=
3,-20,IxShFnWbjGAwWuVYF/YFbtG2Nvc=,zVOIXaQKy7CYXDk5LUQd4d4rbUw=
4,-21,IxShFnWbjGAwWuVYF/YFbtG2Nvc=,+feODNSECFNIAxcrC9LlnPR/tFE=
2,-20,IxShFnWbjGAwWuVYF/YFbtG2Nvc=,zVOIXaQKy7CYXDk5LUQd4d4rbUw=
0,-17,IxShFnWbjGAwWuVYF/YFbtG2Nvc=,bGQJ2OOeN4oNgPP+RKrRrsLWCMA=
12,-24,IxShFnWbjGAwWuVYF/YFbtG2Nvc=,ThbXyLPkd1w0aEPB5AkHVz07C9s=
0,-18,IxShFnWbjGAwWuVYF/YFbtG2Nvc=,bGQJ2OOeN4oNgPP+RKrRrsLWCMA=
2,-25,IxShFnWbjGAwWuVYF/YFbtG2Nvc=,ThbXyLPkd1w0aEPB5AkHVz07C9s=
2,-28,IxShFnWbjGAwWuVYF/YFbtG2Nvc=,ThbXyLPkd1w0aEPB5AkHVz07C9s=
6,-28,IxShFnWbjGAwWuVYF/YFbtG2Nvc=,ThbXyLPkd1w0aEPB5AkHVz07C9s=
7,-28,IxShFnWbjGAwWuVYF/YFbtG2Nvc=,ThbXyLPkd1w0aEPB5AkHVz07C9s=
15,-18,IxShFnWbjGAwWuVYF/YFbtG2Nvc=,KKD7h39+qBWTZW9uRZwekbemt5A=
15,-17,IxShFnWbjGAwWuVYF/YFbtG2Nvc=,KKD7h39+qBWTZW9uRZwekbemt5A=
10,-18,vmvQ23Q5qQBZRQxYZonPznKqXaA=,xCdeD+DS2Shf0TFPvRYw4TdHlyM=
10,-17,vmvQ23Q5qQBZRQxYZonPznKqXaA=,xCdeD+DS2Shf0TFPvRYw4TdHlyM=
9,-19,vmvQ23Q5qQBZRQxYZonPznKqXaA=,DLz7SNqOd2tmbvMnozNgtOKXAmM=
9,-17,vmvQ23Q5qQBZRQxYZonPznKqXaA=,F04O6hG+wq04JpnVS6iqNXOdAP0=
10,-19,vmvQ23Q5qQBZRQxYZonPznKqXaA=,jbqZWqbSN/WhqLMr7gAKx/+goNc=
9,-18,vmvQ23Q5qQBZRQxYZonPznKqXaA=,F04O6hG+wq04JpnVS6iqNXOdAP0=
14,-18,vmvQ23Q5qQBZRQxYZonPznKqXaA=,KKD7h39+qBWTZW9uRZwekbemt5A=
11,-19,vmvQ23Q5qQBZRQxYZonPznKqXaA=,jbqZWqbSN/WhqLMr7gAKx/+goNc=
14,-17,vmvQ23Q5qQBZRQxYZonPznKqXaA=,KKD7h39+qBWTZW9uRZwekbemt5A=
12,-19,vmvQ23Q5qQBZRQxYZonPznKqXaA=,zVOIXaQKy7CYXDk5LUQd4d4rbUw=
11,-17,vmvQ23Q5qQBZRQxYZonPznKqXaA=,xCdeD+DS2Shf0TFPvRYw4TdHlyM=
12,-18,I0+Sx+SainhYplsvIWnc6nTf+XA=,N0KrK9oj2Qr8FCv4OCX2qsNtdvI=
13,-17,I0+Sx+SainhYplsvIWnc6nTf+XA=,N0KrK9oj2Qr8FCv4OCX2qsNtdvI=
13,-19,I0+Sx+SainhYplsvIWnc6nTf+XA=,zVOIXaQKy7CYXDk5LUQd4d4rbUw=
12,-17,I0+Sx+SainhYplsvIWnc6nTf+XA=,N0KrK9oj2Qr8FCv4OCX2qsNtdvI=
13,-18,I0+Sx+SainhYplsvIWnc6nTf+XA=,N0KrK9oj2Qr8FCv4OCX2qsNtdvI=
11,-18,I0+Sx+SainhYplsvIWnc6nTf+XA=,xCdeD+DS2Shf0TFPvRYw4TdHlyM=
12,-2,MRyGQeBizTmkgAI6Sv3y2C1fdiE=,FC4kzeeifafSLyVabiarAjQAhSM=
11,-2,MRyGQeBizTmkgAI6Sv3y2C1fdiE=,UamQaZwdCpTJ9sR9/06jrBJVdEA=
11,-3,MRyGQeBizTmkgAI6Sv3y2C1fdiE=,kfsH2m9Bz1Pc2mcyMqi5t7nDKsE=
12,-3,MRyGQeBizTmkgAI6Sv3y2C1fdiE=,PJpw6Za46TEvHnjl/IIh1vGWz9o=
12,-5,Cb90aD+AZJX5A/HN+8LvWnJo7ag=,yXbTanESWiaZSWzbInJ/K0aknTY=
11,-4,Cb90aD+AZJX5A/HN+8LvWnJo7ag=,kfsH2m9Bz1Pc2mcyMqi5t7nDKsE=
12,-4,Cb90aD+AZJX5A/HN+8LvWnJo7ag=,PJpw6Za46TEvHnjl/IIh1vGWz9o=
11,-5,Cb90aD+AZJX5A/HN+8LvWnJo7ag=,kfsH2m9Bz1Pc2mcyMqi5t7nDKsE=
10,-5,Cb90aD+AZJX5A/HN+8LvWnJo7ag=,kfsH2m9Bz1Pc2mcyMqi5t7nDKsE=
10,-4,Cb90aD+AZJX5A/HN+8LvWnJo7ag=,kfsH2m9Bz1Pc2mcyMqi5t7nDKsE=
9,-4,Cb90aD+AZJX5A/HN+8LvWnJo7ag=,tA0yQ0B4FGkxmye4Rf3/rklX2W0=
9,-5,Cb90aD+AZJX5A/HN+8LvWnJo7ag=,kfsH2m9Bz1Pc2mcyMqi5t7nDKsE=
9,-6,Cb90aD+AZJX5A/HN+8LvWnJo7ag=,kfsH2m9Bz1Pc2mcyMqi5t7nDKsE=
10,-7,Cb90aD+AZJX5A/HN+8LvWnJo7ag=,YC2IxIswWzuc+3hTf5Hqesx3s94=
10,-6,Cb90aD+AZJX5A/HN+8LvWnJo7ag=,kfsH2m9Bz1Pc2mcyMqi5t7nDKsE=
9,-7,Cb90aD+AZJX5A/HN+8LvWnJo7ag=,8d8JZqjJbWGPvQ3u6FhmXur5ulY=
10,-8,wW215G8JMspAe55Np4auaiRbUEc=,YC2IxIswWzuc+3hTf5Hqesx3s94=
10,-9,wW215G8JMspAe55Np4auaiRbUEc=,0ZFtLjcd+HIDw+JX3oEvgt+nyxM=
9,-8,wW215G8JMspAe55Np4auaiRbUEc=,8d8JZqjJbWGPvQ3u6FhmXur5ulY=
9,-9,wW215G8JMspAe55Np4auaiRbUEc=,y0lMDEoYq/UYUqk6bPrJdy2Mfpw=
9,-11,JbLHoBgaMXpNmYRo14wL6qliBoU=,Cjp+0LJY3uBuhcLmuhv/hkQGJ+U=
10,-10,wW215G8JMspAe55Np4auaiRbUEc=,0ZFtLjcd+HIDw+JX3oEvgt+nyxM=
10,-11,qVODjwxXfbOetkQkyXFrwcy3j9w=,yLpJjjECroWNxEAJyu8X1Wq64jM=
9,-10,JbLHoBgaMXpNmYRo14wL6qliBoU=,y0lMDEoYq/UYUqk6bPrJdy2Mfpw=
7,-10,JbLHoBgaMXpNmYRo14wL6qliBoU=,y0lMDEoYq/UYUqk6bPrJdy2Mfpw=
8,-11,JbLHoBgaMXpNmYRo14wL6qliBoU=,Cjp+0LJY3uBuhcLmuhv/hkQGJ+U=
8,-10,JbLHoBgaMXpNmYRo14wL6qliBoU=,y0lMDEoYq/UYUqk6bPrJdy2Mfpw=
7,-11,PixblRbRJWQBzpclvasekRWe2UA=,F/exreWJFTYaF9GHwJIta7D1MGE=
8,-12,JbLHoBgaMXpNmYRo14wL6qliBoU=,Cjp+0LJY3uBuhcLmuhv/hkQGJ+U=
7,-13,oW4vZ3rVfmJVfGqXI474XdhjFgQ=,CEVCTHJgyuUrNhAvVQfThN0kUco=
8,-13,oW4vZ3rVfmJVfGqXI474XdhjFgQ=,cZVJ2m93C5x1TOap4+hoTNDwR2E=
7,-12,PixblRbRJWQBzpclvasekRWe2UA=,F/exreWJFTYaF9GHwJIta7D1MGE=
5,-12,PixblRbRJWQBzpclvasekRWe2UA=,F/exreWJFTYaF9GHwJIta7D1MGE=
6,-13,L1AWT5C05eo2+QLz6XzXw/nkJvk=,CEVCTHJgyuUrNhAvVQfThN0kUco=
6,-12,PixblRbRJWQBzpclvasekRWe2UA=,F/exreWJFTYaF9GHwJIta7D1MGE=
5,-13,L1AWT5C05eo2+QLz6XzXw/nkJvk=,sRGZ4kFcEzugbevXHhezWINuRto=
4,-12,PixblRbRJWQBzpclvasekRWe2UA=,F/exreWJFTYaF9GHwJIta7D1MGE=
3,-12,PixblRbRJWQBzpclvasekRWe2UA=,F/exreWJFTYaF9GHwJIta7D1MGE=
3,-13,PixblRbRJWQBzpclvasekRWe2UA=,tx+LG04Ttrxxc02QIvYMWjlTQlI=
4,-13,fjN5b1PCKg6bSX83gXQXPXGIDZ0=,sRGZ4kFcEzugbevXHhezWINuRto=
1,-12,gwxtcZLFg2lCkwGq3EhP2524ovI=,yxfcgq7Dyx1zpqP6cgOIOVanroM=
2,-12,PixblRbRJWQBzpclvasekRWe2UA=,F/exreWJFTYaF9GHwJIta7D1MGE=
2,-13,PixblRbRJWQBzpclvasekRWe2UA=,tx+LG04Ttrxxc02QIvYMWjlTQlI=
1,-13,gwxtcZLFg2lCkwGq3EhP2524ovI=,QQvKuuMynuGZxd6bXs3omtxJkbQ=
2,-10,wW215G8JMspAe55Np4auaiRbUEc=,gPYjLeliDLAnEtO8Qm156KxHblA=
1,-10,wW215G8JMspAe55Np4auaiRbUEc=,c2WCHOEgQi4yqPDN9tkY3Z+i408=
2,-11,0QqX3H9nr0ql1OKidk8Hb/z6qaA=,F/exreWJFTYaF9GHwJIta7D1MGE=
1,-11,gwxtcZLFg2lCkwGq3EhP2524ovI=,yxfcgq7Dyx1zpqP6cgOIOVanroM=
2,-8,2RVv1yw0HP/xeRL/Ao05l5qzz1A=,c2WCHOEgQi4yqPDN9tkY3Z+i408=
1,-8,2RVv1yw0HP/xeRL/Ao05l5qzz1A=,bOm2S57Vp+wYJsYKBBLOvQF9MnE=
2,-9,2RVv1yw0HP/xeRL/Ao05l5qzz1A=,gPYjLeliDLAnEtO8Qm156KxHblA=
1,-9,2RVv1yw0HP/xeRL/Ao05l5qzz1A=,c2WCHOEgQi4yqPDN9tkY3Z+i408=
3,-6,jBJg0tfpCe6QCoHovaOU92G/5tg=,MO747mSMAkKdFLwI18kT8CIZ6ds=
4,-6,jBJg0tfpCe6QCoHovaOU92G/5tg=,xTxdIlOK5gcDuXN4Uxi3tbpfhEo=
4,-7,9GPw6BdNF6303BiNRc1+CmsG0Vc=,gPYjLeliDLAnEtO8Qm156KxHblA=
3,-7,9GPw6BdNF6303BiNRc1+CmsG0Vc=,c2WCHOEgQi4yqPDN9tkY3Z+i408=
2,-6,jBJg0tfpCe6QCoHovaOU92G/5tg=,MO747mSMAkKdFLwI18kT8CIZ6ds=
1,-6,99T7viebt5iS327/5T3jQhnNXmg=,pkmA0U/fkvMMeNeFmgYRU//jIlA=
2,-7,2RVv1yw0HP/xeRL/Ao05l5qzz1A=,c2WCHOEgQi4yqPDN9tkY3Z+i408=
1,-7,2RVv1yw0HP/xeRL/Ao05l5qzz1A=,bOm2S57Vp+wYJsYKBBLOvQF9MnE=
4,-4,jBJg0tfpCe6QCoHovaOU92G/5tg=,XldEjhqo7ifyT4+n08+WtxK/Lsw=
4,-5,jBJg0tfpCe6QCoHovaOU92G/5tg=,xTxdIlOK5gcDuXN4Uxi3tbpfhEo=
3,-4,jBJg0tfpCe6QCoHovaOU92G/5tg=,g8u2sOnNvZp/S50SWHE1ggW5QGA=
3,-5,jBJg0tfpCe6QCoHovaOU92G/5tg=,MO747mSMAkKdFLwI18kT8CIZ6ds=
2,-4,jBJg0tfpCe6QCoHovaOU92G/5tg=,g8u2sOnNvZp/S50SWHE1ggW5QGA=
2,-5,jBJg0tfpCe6QCoHovaOU92G/5tg=,MO747mSMAkKdFLwI18kT8CIZ6ds=
1,-4,9HzOL/EjmnmqmWwY3moGY4BBAbc=,YpFCChF8JHf2ATPUNONrbTPskpA=
1,-5,99T7viebt5iS327/5T3jQhnNXmg=,pkmA0U/fkvMMeNeFmgYRU//jIlA=
4,-2,jBJg0tfpCe6QCoHovaOU92G/5tg=,AWuzNKIeBfMYDRwyDTat6EwNZ9I=
4,-3,jBJg0tfpCe6QCoHovaOU92G/5tg=,XldEjhqo7ifyT4+n08+WtxK/Lsw=
3,-2,9HzOL/EjmnmqmWwY3moGY4BBAbc=,GQW4siifpGJA8thwUP/xeYhjSlY=
3,-3,jBJg0tfpCe6QCoHovaOU92G/5tg=,g8u2sOnNvZp/S50SWHE1ggW5QGA=
1,-2,99T7viebt5iS327/5T3jQhnNXmg=,NWuv8cSEWUhDOHsG3jkPjdLDkYc=
2,-2,9HzOL/EjmnmqmWwY3moGY4BBAbc=,GQW4siifpGJA8thwUP/xeYhjSlY=
2,-3,jBJg0tfpCe6QCoHovaOU92G/5tg=,g8u2sOnNvZp/S50SWHE1ggW5QGA=
1,-3,9HzOL/EjmnmqmWwY3moGY4BBAbc=,YpFCChF8JHf2ATPUNONrbTPskpA=
6,-2,Vis05MngQE4K3AEX90mfjJ6M1h8=,z+k6wrGvjFsNeHJNU2QMV+TCIvg=
5,-2,jBJg0tfpCe6QCoHovaOU92G/5tg=,AWuzNKIeBfMYDRwyDTat6EwNZ9I=
6,-3,wW215G8JMspAe55Np4auaiRbUEc=,TIyvhcJd+zKi2/NxSV4a2MYaAAg=
5,-3,jBJg0tfpCe6QCoHovaOU92G/5tg=,XldEjhqo7ifyT4+n08+WtxK/Lsw=
8,-4,zFRaKn/8S6kWVIB4UKYqfxE3f4I=,tA0yQ0B4FGkxmye4Rf3/rklX2W0=
5,-4,jBJg0tfpCe6QCoHovaOU92G/5tg=,XldEjhqo7ifyT4+n08+WtxK/Lsw=
6,-5,jBJg0tfpCe6QCoHovaOU92G/5tg=,xTxdIlOK5gcDuXN4Uxi3tbpfhEo=
7,-5,jBJg0tfpCe6QCoHovaOU92G/5tg=,xTxdIlOK5gcDuXN4Uxi3tbpfhEo=
8,-5,zFRaKn/8S6kWVIB4UKYqfxE3f4I=,kfsH2m9Bz1Pc2mcyMqi5t7nDKsE=
6,-4,nMr0VrG4kODAeLwDE/J95xf800M=,TIyvhcJd+zKi2/NxSV4a2MYaAAg=
7,-4,zFRaKn/8S6kWVIB4UKYqfxE3f4I=,TIyvhcJd+zKi2/NxSV4a2MYaAAg=
5,-5,jBJg0tfpCe6QCoHovaOU92G/5tg=,xTxdIlOK5gcDuXN4Uxi3tbpfhEo=
12,-1,2RVv1yw0HP/xeRL/Ao05l5qzz1A=,FC4kzeeifafSLyVabiarAjQAhSM=
11,-1,2RVv1yw0HP/xeRL/Ao05l5qzz1A=,UamQaZwdCpTJ9sR9/06jrBJVdEA=
6,-6,jBJg0tfpCe6QCoHovaOU92G/5tg=,xTxdIlOK5gcDuXN4Uxi3tbpfhEo=
7,-6,jBJg0tfpCe6QCoHovaOU92G/5tg=,xTxdIlOK5gcDuXN4Uxi3tbpfhEo=
8,-6,nMr0VrG4kODAeLwDE/J95xf800M=,kfsH2m9Bz1Pc2mcyMqi5t7nDKsE=
8,-8,wW215G8JMspAe55Np4auaiRbUEc=,8d8JZqjJbWGPvQ3u6FhmXur5ulY=
5,-6,jBJg0tfpCe6QCoHovaOU92G/5tg=,xTxdIlOK5gcDuXN4Uxi3tbpfhEo=
7,-9,wW215G8JMspAe55Np4auaiRbUEc=,y0lMDEoYq/UYUqk6bPrJdy2Mfpw=
7,-8,wW215G8JMspAe55Np4auaiRbUEc=,8d8JZqjJbWGPvQ3u6FhmXur5ulY=
8,-9,wW215G8JMspAe55Np4auaiRbUEc=,y0lMDEoYq/UYUqk6bPrJdy2Mfpw=
5,-7,9GPw6BdNF6303BiNRc1+CmsG0Vc=,gPYjLeliDLAnEtO8Qm156KxHblA=
8,-7,nMr0VrG4kODAeLwDE/J95xf800M=,8d8JZqjJbWGPvQ3u6FhmXur5ulY=
6,-7,9GPw6BdNF6303BiNRc1+CmsG0Vc=,8d8JZqjJbWGPvQ3u6FhmXur5ulY=
7,-7,nMr0VrG4kODAeLwDE/J95xf800M=,8d8JZqjJbWGPvQ3u6FhmXur5ulY=
8,-2,zFRaKn/8S6kWVIB4UKYqfxE3f4I=,mshfwVki+JY9IDJ7QICEd8BNlJc=
10,-2,1Sz4VTm+CSFgO69NOT9spKkR3RQ=,UamQaZwdCpTJ9sR9/06jrBJVdEA=
9,-2,1Sz4VTm+CSFgO69NOT9spKkR3RQ=,mshfwVki+JY9IDJ7QICEd8BNlJc=
7,-2,Vis05MngQE4K3AEX90mfjJ6M1h8=,z+k6wrGvjFsNeHJNU2QMV+TCIvg=
10,-3,1Sz4VTm+CSFgO69NOT9spKkR3RQ=,kfsH2m9Bz1Pc2mcyMqi5t7nDKsE=
9,-1,2RVv1yw0HP/xeRL/Ao05l5qzz1A=,mshfwVki+JY9IDJ7QICEd8BNlJc=
10,-1,2RVv1yw0HP/xeRL/Ao05l5qzz1A=,UamQaZwdCpTJ9sR9/06jrBJVdEA=
8,-3,zFRaKn/8S6kWVIB4UKYqfxE3f4I=,tA0yQ0B4FGkxmye4Rf3/rklX2W0=
9,-3,1Sz4VTm+CSFgO69NOT9spKkR3RQ=,tA0yQ0B4FGkxmye4Rf3/rklX2W0=
7,-3,zFRaKn/8S6kWVIB4UKYqfxE3f4I=,TIyvhcJd+zKi2/NxSV4a2MYaAAg=
6,-10,JbLHoBgaMXpNmYRo14wL6qliBoU=,y0lMDEoYq/UYUqk6bPrJdy2Mfpw=
3,-8,9GPw6BdNF6303BiNRc1+CmsG0Vc=,c2WCHOEgQi4yqPDN9tkY3Z+i408=
3,-10,wW215G8JMspAe55Np4auaiRbUEc=,gPYjLeliDLAnEtO8Qm156KxHblA=
4,-11,0QqX3H9nr0ql1OKidk8Hb/z6qaA=,F/exreWJFTYaF9GHwJIta7D1MGE=
5,-11,PixblRbRJWQBzpclvasekRWe2UA=,F/exreWJFTYaF9GHwJIta7D1MGE=
4,-10,wW215G8JMspAe55Np4auaiRbUEc=,966ZN56WC82vXz0ANgxsLETmjXw=
6,-8,9GPw6BdNF6303BiNRc1+CmsG0Vc=,8d8JZqjJbWGPvQ3u6FhmXur5ulY=
4,-8,9GPw6BdNF6303BiNRc1+CmsG0Vc=,gPYjLeliDLAnEtO8Qm156KxHblA=
5,-8,9GPw6BdNF6303BiNRc1+CmsG0Vc=,gPYjLeliDLAnEtO8Qm156KxHblA=
5,-10,JbLHoBgaMXpNmYRo14wL6qliBoU=,966ZN56WC82vXz0ANgxsLETmjXw=
6,-9,9GPw6BdNF6303BiNRc1+CmsG0Vc=,y0lMDEoYq/UYUqk6bPrJdy2Mfpw=
4,-9,9GPw6BdNF6303BiNRc1+CmsG0Vc=,966ZN56WC82vXz0ANgxsLETmjXw=
6,-11,PixblRbRJWQBzpclvasekRWe2UA=,F/exreWJFTYaF9GHwJIta7D1MGE=
3,-11,0QqX3H9nr0ql1OKidk8Hb/z6qaA=,F/exreWJFTYaF9GHwJIta7D1MGE=
5,-9,9GPw6BdNF6303BiNRc1+CmsG0Vc=,966ZN56WC82vXz0ANgxsLETmjXw=
3,-9,9GPw6BdNF6303BiNRc1+CmsG0Vc=,gPYjLeliDLAnEtO8Qm156KxHblA=
13,-3,wW215G8JMspAe55Np4auaiRbUEc=,PJpw6Za46TEvHnjl/IIh1vGWz9o=
13,-2,wW215G8JMspAe55Np4auaiRbUEc=,FC4kzeeifafSLyVabiarAjQAhSM=
14,-2,wW215G8JMspAe55Np4auaiRbUEc=,UJwXE7Ds0P0lmYMe6onNBPaySi4=
14,-3,wW215G8JMspAe55Np4auaiRbUEc=,xx0ieDRd3hx0SEwd6WTZrNrfps0=
13,-5,wW215G8JMspAe55Np4auaiRbUEc=,yXbTanESWiaZSWzbInJ/K0aknTY=
14,-4,wW215G8JMspAe55Np4auaiRbUEc=,xx0ieDRd3hx0SEwd6WTZrNrfps0=
14,-5,zaTrE0ZAHR/e8iyZ5jyrV6j7ilk=,Utozrpj83blTwSsIm81Ku5mm4VU=
13,-4,wW215G8JMspAe55Np4auaiRbUEc=,PJpw6Za46TEvHnjl/IIh1vGWz9o=
14,-7,vx3TGdg4a2OubzuBc7pdaR+ALBg=,v+l1RLhvOIkmLHLy/iJdOscjCmI=
11,-6,wW215G8JMspAe55Np4auaiRbUEc=,kfsH2m9Bz1Pc2mcyMqi5t7nDKsE=
12,-6,wW215G8JMspAe55Np4auaiRbUEc=,yXbTanESWiaZSWzbInJ/K0aknTY=
12,-7,2dRSwkj+8d3bEs8PzraFWzO1OxY=,I8bicD1R9z/nAVmIDv9rvJrkbPw=
11,-7,wW215G8JMspAe55Np4auaiRbUEc=,YC2IxIswWzuc+3hTf5Hqesx3s94=
14,-6,vx3TGdg4a2OubzuBc7pdaR+ALBg=,Utozrpj83blTwSsIm81Ku5mm4VU=
13,-7,vx3TGdg4a2OubzuBc7pdaR+ALBg=,I8bicD1R9z/nAVmIDv9rvJrkbPw=
13,-6,JbLHoBgaMXpNmYRo14wL6qliBoU=,yXbTanESWiaZSWzbInJ/K0aknTY=
11,-8,JbLHoBgaMXpNmYRo14wL6qliBoU=,YC2IxIswWzuc+3hTf5Hqesx3s94=
14,-8,zaTrE0ZAHR/e8iyZ5jyrV6j7ilk=,v+l1RLhvOIkmLHLy/iJdOscjCmI=
11,-9,JbLHoBgaMXpNmYRo14wL6qliBoU=,0ZFtLjcd+HIDw+JX3oEvgt+nyxM=
14,-9,lBfph7l1o2+EFD8UGPibCk+gRqs=,F6Z05Ha9jWlShN+gJaG57J9LlTg=
12,-8,vx3TGdg4a2OubzuBc7pdaR+ALBg=,I8bicD1R9z/nAVmIDv9rvJrkbPw=
13,-8,zaTrE0ZAHR/e8iyZ5jyrV6j7ilk=,I8bicD1R9z/nAVmIDv9rvJrkbPw=
12,-9,Ge6XLDEETlSUyl6U7+TPbNxI3eA=,F6Z05Ha9jWlShN+gJaG57J9LlTg=
13,-9,lBfph7l1o2+EFD8UGPibCk+gRqs=,F6Z05Ha9jWlShN+gJaG57J9LlTg=
13,-10,lBfph7l1o2+EFD8UGPibCk+gRqs=,F6Z05Ha9jWlShN+gJaG57J9LlTg=
14,-10,lBfph7l1o2+EFD8UGPibCk+gRqs=,F6Z05Ha9jWlShN+gJaG57J9LlTg=
12,-11,Ge6XLDEETlSUyl6U7+TPbNxI3eA=,vKsGxs2seCPHQ11puwq73XBIQb8=
13,-11,lBfph7l1o2+EFD8UGPibCk+gRqs=,vKsGxs2seCPHQ11puwq73XBIQb8=
11,-11,Ge6XLDEETlSUyl6U7+TPbNxI3eA=,yLpJjjECroWNxEAJyu8X1Wq64jM=
14,-11,lBfph7l1o2+EFD8UGPibCk+gRqs=,vKsGxs2seCPHQ11puwq73XBIQb8=
12,-10,Ge6XLDEETlSUyl6U7+TPbNxI3eA=,F6Z05Ha9jWlShN+gJaG57J9LlTg=
11,-10,JbLHoBgaMXpNmYRo14wL6qliBoU=,0ZFtLjcd+HIDw+JX3oEvgt+nyxM=
13,-13,e7zsS1j5SzFS3/uH7W9TniOjIQY=,zNXJhAL2Cn9mR9REQo1oK/ASmTc=
13,-12,e7zsS1j5SzFS3/uH7W9TniOjIQY=,vKsGxs2seCPHQ11puwq73XBIQb8=
14,-12,e7zsS1j5SzFS3/uH7W9TniOjIQY=,vKsGxs2seCPHQ11puwq73XBIQb8=
14,-13,e7zsS1j5SzFS3/uH7W9TniOjIQY=,zNXJhAL2Cn9mR9REQo1oK/ASmTc=
10,-12,e7zsS1j5SzFS3/uH7W9TniOjIQY=,yLpJjjECroWNxEAJyu8X1Wq64jM=
9,-12,JbLHoBgaMXpNmYRo14wL6qliBoU=,Cjp+0LJY3uBuhcLmuhv/hkQGJ+U=
12,-12,e7zsS1j5SzFS3/uH7W9TniOjIQY=,vKsGxs2seCPHQ11puwq73XBIQb8=
11,-12,e7zsS1j5SzFS3/uH7W9TniOjIQY=,yLpJjjECroWNxEAJyu8X1Wq64jM=
12,-13,e7zsS1j5SzFS3/uH7W9TniOjIQY=,zNXJhAL2Cn9mR9REQo1oK/ASmTc=
10,-13,smupKaj5nS17iJXRWsrbXy1y1Y8=,PePZZFPo6GsyN5TYnOzd8YRus80=
9,-13,smupKaj5nS17iJXRWsrbXy1y1Y8=,cZVJ2m93C5x1TOap4+hoTNDwR2E=
11,-13,smupKaj5nS17iJXRWsrbXy1y1Y8=,PePZZFPo6GsyN5TYnOzd8YRus80=
12,-14,e7zsS1j5SzFS3/uH7W9TniOjIQY=,zNXJhAL2Cn9mR9REQo1oK/ASmTc=
11,-14,qS+JRKODn2cFA6By/ySyuZRlhRg=,PePZZFPo6GsyN5TYnOzd8YRus80=
12,-15,qS+JRKODn2cFA6By/ySyuZRlhRg=,N0KrK9oj2Qr8FCv4OCX2qsNtdvI=
11,-15,qS+JRKODn2cFA6By/ySyuZRlhRg=,uqZsmxC9lhl3rjxJG1y+creVokk=
10,-14,qS+JRKODn2cFA6By/ySyuZRlhRg=,PePZZFPo6GsyN5TYnOzd8YRus80=
10,-15,qS+JRKODn2cFA6By/ySyuZRlhRg=,uqZsmxC9lhl3rjxJG1y+creVokk=
9,-14,qS+JRKODn2cFA6By/ySyuZRlhRg=,cZVJ2m93C5x1TOap4+hoTNDwR2E=
9,-15,qS+JRKODn2cFA6By/ySyuZRlhRg=,XZbGEtLqrA7NTCSmOjGlRsdv0rU=
7,-14,5p1QbswaXfSTCnPNEFQSQRBu/lk=,CEVCTHJgyuUrNhAvVQfThN0kUco=
8,-14,5p1QbswaXfSTCnPNEFQSQRBu/lk=,cZVJ2m93C5x1TOap4+hoTNDwR2E=
8,-15,5p1QbswaXfSTCnPNEFQSQRBu/lk=,XZbGEtLqrA7NTCSmOjGlRsdv0rU=
7,-15,5p1QbswaXfSTCnPNEFQSQRBu/lk=,AOMr75WQZ2f7xpsepnWDgdhVwxE=
0,-12,gwxtcZLFg2lCkwGq3EhP2524ovI=,yxfcgq7Dyx1zpqP6cgOIOVanroM=
0,-13,gwxtcZLFg2lCkwGq3EhP2524ovI=,QQvKuuMynuGZxd6bXs3omtxJkbQ=
0,-10,JbLHoBgaMXpNmYRo14wL6qliBoU=,c2WCHOEgQi4yqPDN9tkY3Z+i408=
0,-11,gwxtcZLFg2lCkwGq3EhP2524ovI=,yxfcgq7Dyx1zpqP6cgOIOVanroM=
0,-8,JbLHoBgaMXpNmYRo14wL6qliBoU=,bOm2S57Vp+wYJsYKBBLOvQF9MnE=
0,-9,JbLHoBgaMXpNmYRo14wL6qliBoU=,c2WCHOEgQi4yqPDN9tkY3Z+i408=
0,-6,99T7viebt5iS327/5T3jQhnNXmg=,pkmA0U/fkvMMeNeFmgYRU//jIlA=
0,-7,JbLHoBgaMXpNmYRo14wL6qliBoU=,bOm2S57Vp+wYJsYKBBLOvQF9MnE=
0,-4,9HzOL/EjmnmqmWwY3moGY4BBAbc=,YpFCChF8JHf2ATPUNONrbTPskpA=
0,-5,99T7viebt5iS327/5T3jQhnNXmg=,pkmA0U/fkvMMeNeFmgYRU//jIlA=
0,-2,99T7viebt5iS327/5T3jQhnNXmg=,NWuv8cSEWUhDOHsG3jkPjdLDkYc=
0,-3,9HzOL/EjmnmqmWwY3moGY4BBAbc=,YpFCChF8JHf2ATPUNONrbTPskpA=
6,-14,rncYWW9ksjzZ41DIZ5iLCbmnyZI=,CEVCTHJgyuUrNhAvVQfThN0kUco=
5,-14,rncYWW9ksjzZ41DIZ5iLCbmnyZI=,sRGZ4kFcEzugbevXHhezWINuRto=
5,-16,rncYWW9ksjzZ41DIZ5iLCbmnyZI=,xPE+kScg29RDbgR3FKMrINb0bvI=
2,-1,9HzOL/EjmnmqmWwY3moGY4BBAbc=,GQW4siifpGJA8thwUP/xeYhjSlY=
6,-16,rncYWW9ksjzZ41DIZ5iLCbmnyZI=,AOMr75WQZ2f7xpsepnWDgdhVwxE=
1,-1,99T7viebt5iS327/5T3jQhnNXmg=,NWuv8cSEWUhDOHsG3jkPjdLDkYc=
6,-15,rncYWW9ksjzZ41DIZ5iLCbmnyZI=,AOMr75WQZ2f7xpsepnWDgdhVwxE=
5,-15,rncYWW9ksjzZ41DIZ5iLCbmnyZI=,xPE+kScg29RDbgR3FKMrINb0bvI=
8,-1,2RVv1yw0HP/xeRL/Ao05l5qzz1A=,mshfwVki+JY9IDJ7QICEd8BNlJc=
7,-1,Vis05MngQE4K3AEX90mfjJ6M1h8=,z+k6wrGvjFsNeHJNU2QMV+TCIvg=
6,-1,Vis05MngQE4K3AEX90mfjJ6M1h8=,z+k6wrGvjFsNeHJNU2QMV+TCIvg=
4,-1,jBJg0tfpCe6QCoHovaOU92G/5tg=,AWuzNKIeBfMYDRwyDTat6EwNZ9I=
5,-1,jBJg0tfpCe6QCoHovaOU92G/5tg=,AWuzNKIeBfMYDRwyDTat6EwNZ9I=
3,-1,9HzOL/EjmnmqmWwY3moGY4BBAbc=,GQW4siifpGJA8thwUP/xeYhjSlY=
15,-12,A1JjI+dl+uPiMs/5RVRwpP+9uvA=,vKsGxs2seCPHQ11puwq73XBIQb8=
15,-13,A1JjI+dl+uPiMs/5RVRwpP+9uvA=,zNXJhAL2Cn9mR9REQo1oK/ASmTc=
11,-16,XSVpbJgIdrOIZKAVhFBVn34SzEc=,uqZsmxC9lhl3rjxJG1y+creVokk=
12,-16,XSVpbJgIdrOIZKAVhFBVn34SzEc=,N0KrK9oj2Qr8FCv4OCX2qsNtdvI=
0,-16,XSVpbJgIdrOIZKAVhFBVn34SzEc=,13OsXmJwUJGngFsX0az0z7kNtIU=
0,-15,XSVpbJgIdrOIZKAVhFBVn34SzEc=,13OsXmJwUJGngFsX0az0z7kNtIU=
0,-14,gwxtcZLFg2lCkwGq3EhP2524ovI=,QQvKuuMynuGZxd6bXs3omtxJkbQ=
10,-16,XSVpbJgIdrOIZKAVhFBVn34SzEc=,uqZsmxC9lhl3rjxJG1y+creVokk=
8,-16,XSVpbJgIdrOIZKAVhFBVn34SzEc=,XZbGEtLqrA7NTCSmOjGlRsdv0rU=
9,-16,XSVpbJgIdrOIZKAVhFBVn34SzEc=,XZbGEtLqrA7NTCSmOjGlRsdv0rU=
7,-16,XSVpbJgIdrOIZKAVhFBVn34SzEc=,AOMr75WQZ2f7xpsepnWDgdhVwxE=
15,-10,A1JjI+dl+uPiMs/5RVRwpP+9uvA=,F6Z05Ha9jWlShN+gJaG57J9LlTg=
15,-11,A1JjI+dl+uPiMs/5RVRwpP+9uvA=,vKsGxs2seCPHQ11puwq73XBIQb8=
15,-9,A1JjI+dl+uPiMs/5RVRwpP+9uvA=,F6Z05Ha9jWlShN+gJaG57J9LlTg=
15,-8,zaTrE0ZAHR/e8iyZ5jyrV6j7ilk=,v+l1RLhvOIkmLHLy/iJdOscjCmI=
15,-7,zaTrE0ZAHR/e8iyZ5jyrV6j7ilk=,v+l1RLhvOIkmLHLy/iJdOscjCmI=
15,-6,zaTrE0ZAHR/e8iyZ5jyrV6j7ilk=,Utozrpj83blTwSsIm81Ku5mm4VU=
15,-4,wW215G8JMspAe55Np4auaiRbUEc=,xx0ieDRd3hx0SEwd6WTZrNrfps0=
15,-5,zaTrE0ZAHR/e8iyZ5jyrV6j7ilk=,Utozrpj83blTwSsIm81Ku5mm4VU=
15,-2,wW215G8JMspAe55Np4auaiRbUEc=,UJwXE7Ds0P0lmYMe6onNBPaySi4=
15,-3,wW215G8JMspAe55Np4auaiRbUEc=,xx0ieDRd3hx0SEwd6WTZrNrfps0=
0,-1,99T7viebt5iS327/5T3jQhnNXmg=,NWuv8cSEWUhDOHsG3jkPjdLDkYc=
13,-1,2RVv1yw0HP/xeRL/Ao05l5qzz1A=,FC4kzeeifafSLyVabiarAjQAhSM=
14,-1,2RVv1yw0HP/xeRL/Ao05l5qzz1A=,UJwXE7Ds0P0lmYMe6onNBPaySi4=
15,-1,JbLHoBgaMXpNmYRo14wL6qliBoU=,UJwXE7Ds0P0lmYMe6onNBPaySi4=
4,-14,AeOxqbXkaCm2MJ9ZYKRWhZrkeW8=,sRGZ4kFcEzugbevXHhezWINuRto=
4,-16,AeOxqbXkaCm2MJ9ZYKRWhZrkeW8=,xPE+kScg29RDbgR3FKMrINb0bvI=
2,-14,PixblRbRJWQBzpclvasekRWe2UA=,tx+LG04Ttrxxc02QIvYMWjlTQlI=
3,-14,PixblRbRJWQBzpclvasekRWe2UA=,tx+LG04Ttrxxc02QIvYMWjlTQlI=
2,-16,AeOxqbXkaCm2MJ9ZYKRWhZrkeW8=,m2OuyVix4OWlmAwQfG+7q3/1D0c=
4,-15,AeOxqbXkaCm2MJ9ZYKRWhZrkeW8=,xPE+kScg29RDbgR3FKMrINb0bvI=
3,-16,AeOxqbXkaCm2MJ9ZYKRWhZrkeW8=,m2OuyVix4OWlmAwQfG+7q3/1D0c=
1,-16,AeOxqbXkaCm2MJ9ZYKRWhZrkeW8=,13OsXmJwUJGngFsX0az0z7kNtIU=
1,-15,AeOxqbXkaCm2MJ9ZYKRWhZrkeW8=,13OsXmJwUJGngFsX0az0z7kNtIU=
2,-15,AeOxqbXkaCm2MJ9ZYKRWhZrkeW8=,m2OuyVix4OWlmAwQfG+7q3/1D0c=
3,-15,AeOxqbXkaCm2MJ9ZYKRWhZrkeW8=,m2OuyVix4OWlmAwQfG+7q3/1D0c=
1,-14,gwxtcZLFg2lCkwGq3EhP2524ovI=,QQvKuuMynuGZxd6bXs3omtxJkbQ=
14,-16,k8lvlEmNC698uHXms/iZFJYBGmo=,uvczAbQeJTYu3c0FcQjP8TKA328=
14,-14,e7zsS1j5SzFS3/uH7W9TniOjIQY=,zNXJhAL2Cn9mR9REQo1oK/ASmTc=
13,-16,k8lvlEmNC698uHXms/iZFJYBGmo=,N0KrK9oj2Qr8FCv4OCX2qsNtdvI=
13,-14,e7zsS1j5SzFS3/uH7W9TniOjIQY=,zNXJhAL2Cn9mR9REQo1oK/ASmTc=
15,-14,e7zsS1j5SzFS3/uH7W9TniOjIQY=,zNXJhAL2Cn9mR9REQo1oK/ASmTc=
13,-15,k8lvlEmNC698uHXms/iZFJYBGmo=,N0KrK9oj2Qr8FCv4OCX2qsNtdvI=
15,-15,k8lvlEmNC698uHXms/iZFJYBGmo=,uvczAbQeJTYu3c0FcQjP8TKA328=
14,-15,k8lvlEmNC698uHXms/iZFJYBGmo=,uvczAbQeJTYu3c0FcQjP8TKA328=
15,-16,k8lvlEmNC698uHXms/iZFJYBGmo=,uvczAbQeJTYu3c0FcQjP8TKA328=
